metabolite,name,Formula,molecular_weight,C_number,N_number,S_number,P_number
10fthf_c,10-Formyltetrahydrofolate,C20H21N7O7,471.42344,20,7,0,0
adp_c,ADP,C10H12N5O10P2,424.1773,10,5,0,2
atp_c,ATP,C10H12N5O13P3,503.14927,10,5,0,3
glu__L_c,L-Glutamate,C5H8NO4,146.12132,5,1,0,0
pi_c,Phosphate,HO4P,95.9793,0,0,0,1
12dgr120_c,"1,2-Diacyl-sn-glycerol (didodecanoyl, n-C12:0)",C27H52O5,456.69878,27,0,0,0
12dgr120_p,"1,2-Diacyl-sn-glycerol (didodecanoyl, n-C12:0)",C27H52O5,456.69878,27,0,0,0
12dgr140_c,"1,2-Diacyl-sn-glycerol (ditetradecanoyl, n-C14:0)",C31H60O5,512.8051,31,0,0,0
12dgr141_c,"1,2-Diacyl-sn-glycerol (ditetradec-7-enoyl, n-C14:1)",C31H56O5,508.77334,31,0,0,0
12dgr141_p,"1,2-Diacyl-sn-glycerol (ditetradec-7-enoyl, n-C14:1)",C31H56O5,508.77334,31,0,0,0
12dgr160_c,"1,2-Diacyl-sn-glycerol (dihexadecanoyl, n-C16:0)",C35H68O5,568.91142,35,0,0,0
12dgr180_c,"1,2-Diacyl-sn-glycerol (dioctadecanoyl, n-C18:0)",C39H76O5,625.01774,39,0,0,0
12dgr180_p,"1,2-Diacyl-sn-glycerol (dioctadecanoyl, n-C18:0)",C39H76O5,625.01774,39,0,0,0
12dgr181_c,"1,2-Diacyl-sn-glycerol (dioctadec-11-enoyl, n-C18:1)",C39H72O5,620.98598,39,0,0,0
12dgr181_p,"1,2-Diacyl-sn-glycerol (dioctadec-11-enoyl, n-C18:1)",C39H72O5,620.98598,39,0,0,0
12ppd__R_c,"(R)-Propane-1,2-diol",C3H8O2,76.09442,3,0,0,0
h2o_c,H2O,H2O,18.01528,0,0,0,0
ppal_c,Propanal,C3H6O,58.07914,3,0,0,0
12ppd__S_c,"(S)-Propane-1,2-diol",C3H8O2,76.09442,3,0,0,0
glc__D_c,D-Glucose,C6H12O6,180.15588,6,0,0,0
glc__D_e,D-Glucose,C6H12O6,180.15588,6,0,0,0
h2o_e,H2O,H2O,18.01528,0,0,0,0
h2o2_c,Hydrogen peroxide,H2O2,34.01468,0,0,0,0
nh4_c,Ammonium,NH4,18.03846,0,1,0,0
o2_c,O2,O2,31.9988,0,0,0,0
h_c,H+,H,1.00794,0,0,0,0
udp_c,UDP,C9H11N2O12P2,401.13736,9,2,0,2
udpg_c,UDPglucose,C15H22N2O17P2,564.2859,15,2,0,2
nad_c,Nicotinamide adenine dinucleotide,C21H26N7O14P2,662.41716,21,7,0,2
nadh_c,Nicotinamide adenine dinucleotide - reduced,C21H27N7O14P2,663.4251,21,7,0,2
3hppnl_c,3-Hydroxypropanal,C3H6O2,74.07854,3,0,0,0
13ppd_c,"1,3-Propanediol",C3H8O2,76.09442,3,0,0,0
13ppd_e,"1,3-Propanediol",C3H8O2,76.09442,3,0,0,0
13ppd_p,"1,3-Propanediol",C3H8O2,76.09442,3,0,0,0
coa_c,Coenzyme A,C21H32N7O16P3S,763.50237,21,7,1,3
nadp_c,Nicotinamide adenine dinucleotide phosphate,C21H25N7O17P3,740.38119,21,7,0,3
nadph_c,Nicotinamide adenine dinucleotide phosphate - reduced,C21H26N7O17P3,741.38913,21,7,0,3
h_p,H+,H,1.00794,0,0,0,0
23dhmb_c,"(R)-2,3-Dihydroxy-3-methylbutanoate",C5H9O4,133.12256,5,0,0,0
23dhmp_c,"(R)-2,3-Dihydroxy-3-methylpentanoate",C6H11O4,147.14914,6,0,0,0
dkmpp_c,"2,3-diketo-5-methylthio-1-phosphopentane",C6H9O6PS,240.17082,6,0,1,1
h2o_p,H2O,H2O,18.01528,0,0,0,0
26dap__M_e,"Meso-2,6-Diaminoheptanedioate",C7H14N2O4,190.19706,7,2,0,0
23dhdp_c,"2,3-Dihydrodipicolinate",C7H5NO4,167.1189,7,1,0,0
2agpe120_c,2-Acyl-sn-glycero-3-phosphoethanolamine (n-C12:0),C17H36NO7P1,397.444,17,1,0,1
2agpe120_p,2-Acyl-sn-glycero-3-phosphoethanolamine (n-C12:0),C17H36NO7P1,397.444,17,1,0,1
2agpe141_c,2-Acyl-sn-glycero-3-phosphoethanolamine (n-C14:1),C19H38NO7P1,423.48128,19,1,0,1
2agpe141_p,2-Acyl-sn-glycero-3-phosphoethanolamine (n-C14:1),C19H38NO7P1,423.48128,19,1,0,1
2agpe180_c,2-Acyl-sn-glycero-3-phosphoethanolamine (n-C18:0),C23H48NO7P1,481.60348,23,1,0,1
2agpe180_p,2-Acyl-sn-glycero-3-phosphoethanolamine (n-C18:0),C23H48NO7P1,481.60348,23,1,0,1
2agpe181_c,2-Acyl-sn-glycero-3-phosphoethanolamine (n-C18:1),C23H46NO7P1,479.5876,23,1,0,1
2agpe181_p,2-Acyl-sn-glycero-3-phosphoethanolamine (n-C18:1),C23H46NO7P1,479.5876,23,1,0,1
amp_c,AMP,C10H12N5O7P,345.20534,10,5,0,1
ddca_c,Dodecanoate (n-C12:0),C12H23O2,199.30982,12,0,0,0
pe120_c,"Phosphatidylethanolamine (didodecanoyl, n-C12:0)",C29H58N1O8P1,579.74648,29,1,0,1
ppi_c,Diphosphate,HO7P2,174.95126,0,0,0,2
pe140_c,"Phosphatidylethanolamine (ditetradecanoyl, n-C14:0)",C33H66NO8P,635.8528,33,1,0,1
ttdca_c,Tetradecanoate (n-C14:0),C14H27O2,227.36298,14,0,0,0
pe141_c,"Phosphatidylethanolamine (ditetradec-7-enoyl, n-C14:1)",C33H62N1O8P1,631.82104,33,1,0,1
ttdcea_c,Tetradecenoate (n-C14:1),C14H25O2,225.3471,14,0,0,0
hdca_c,Hexadecanoate (n-C16:0),C16H31O2,255.41614,16,0,0,0
pe160_c,"Phosphatidylethanolamine (dihexadecanoyl, n-C16:0)",C37H74NO8P,691.95912,37,1,0,1
hdcea_c,Hexadecenoate (n-C16:1),C16H29O2,253.40026,16,0,0,0
pe161_c,"Phosphatidylethanolamine (dihexadec-9enoyl, n-C16:1)",C37H70NO8P,687.92736,37,1,0,1
ocdca_c,Octadecanoate (n-C18:0),C18H35O2,283.4693,18,0,0,0
pe180_c,"Phosphatidylethanolamine (dioctadecanoyl, n-C18:0)",C41H82N1O8P1,748.06544,41,1,0,1
ocdcea_c,Octadecenoate (n-C18:1),C18H33O2,281.45342,18,0,0,0
pe181_c,"Phosphatidylethanolamine (dioctadec-11-enoyl, n-C18:1)",C41H78N1O8P1,744.03368,41,1,0,1
2agpg120_c,2-Acyl-sn-glycero-3-phosphoglycerol (n-C12:0),C18H36O9P1,427.4468,18,0,0,1
2agpg120_p,2-Acyl-sn-glycero-3-phosphoglycerol (n-C12:0),C18H36O9P1,427.4468,18,0,0,1
2agpg180_c,2-Acyl-sn-glycero-3-phosphoglycerol (n-C18:0),C24H48O9P1,511.60628,24,0,0,1
2agpg180_p,2-Acyl-sn-glycero-3-phosphoglycerol (n-C18:0),C24H48O9P1,511.60628,24,0,0,1
2agpg181_c,2-Acyl-sn-glycero-3-phosphoglycerol (n-C18:1),C24H46O9P1,509.5904,24,0,0,1
2agpg181_p,2-Acyl-sn-glycero-3-phosphoglycerol (n-C18:1),C24H46O9P1,509.5904,24,0,0,1
pg120_c,"Phosphatidylglycerol (didodecanoyl, n-C12:0)",C30H58O10P1,609.74928,30,0,0,1
pg140_c,"Phosphatidylglycerol (ditetradecanoyl, n-C14:0)",C34H66O10P1,665.8556,34,0,0,1
pg141_c,"Phosphatidylglycerol (ditetradec-7-enoyl, n-C14:1)",C34H62O10P1,661.82384,34,0,0,1
pg160_c,"Phosphatidylglycerol (dihexadecanoyl, n-C16:0)",C38H74O10P1,721.96192,38,0,0,1
pg161_c,"Phosphatidylglycerol (dihexadec-9-enoyl, n-C16:1)",C38H70O10P1,717.93016,38,0,0,1
pg180_c,"Phosphatidylglycerol (dioctadecanoyl, n-C18:0)",C42H82O10P1,778.06824,42,0,0,1
pg181_c,"Phosphatidylglycerol (dioctadec-11-enoyl, n-C18:1)",C42H78O10P1,774.03648,42,0,0,1
pyr_c,Pyruvate,C3H3O3,87.05412,3,0,0,0
pap_c,"Adenosine 3',5'-bisphosphate",C10H11N5O10P2,423.16936,10,5,0,2
paps_c,3'-Phosphoadenylyl sulfate,C10H11N5O13P2S,503.23256,10,5,1,2
akg_c,2-Oxoglutarate,C5H4O5,144.08226,5,0,0,0
2aobut_c,L-2-Amino-3-oxobutanoate,C4H7NO3,117.10328,4,1,0,0
2dda7p_c,2-Dehydro-3-deoxy-D-arabino-heptonate 7-phosphate,C7H10O10P,285.12206,7,0,0,1
glcn_c,D-Gluconate,C6H11O7,195.14734,6,0,0,0
2dhglcn_c,2-Dehydro-D-gluconate,C6H9O7,193.13146,6,0,0,0
6p2dhglcn_c,6-Phospho-2-dehydro-D-gluconate,C6H11O10P,274.1193,6,0,0,1
2dhglcn_p,2-Dehydro-D-gluconate,C6H9O7,193.13146,6,0,0,0
2dhp_c,2-Dehydropantoate,C6H9O4,145.13326,6,0,0,0
3mob_c,3-Methyl-2-oxobutanoate,C5H7O3,115.10728,5,0,0,0
fald_c,Formaldehyde,CH2O,30.02598,1,0,0,0
2dr1p_c,2-Deoxy-D-ribose 1-phosphate,C5H9O7P,212.09452,5,0,0,1
drib_c,Deoxyribose C5H10O4,C5H10O4,134.1305,5,0,0,0
2obut_c,2-Oxobutanoate,C4H5O3,101.0807,4,0,0,0
h_e,H+,H,1.00794,0,0,0,0
hco3_c,Bicarbonate,HCO3,61.01684,1,0,0,0
na1_c,Sodium,Na,22.98977,0,0,0,0
na1_e,Sodium,Na,22.98977,0,0,0,0
2hh24dd_c,2-Hydroxyhepta-2-4-dienedioate,C7H6O5,170.11954,7,0,0,0
4h2kpi_c,4-Hydroxy-2-ketopimelate,C7H8O6,188.13482,7,0,0,0
24dhhed_c,"2,4-Dihydroxyhept-2-enedioate",C7H8O6,188.13482,7,0,0,0
2ins_c,2-Inosose,C6H10O6,178.14,6,0,0,0
2mb2coa_c,Trans-2-Methylbut-2-enoyl-CoA,C26H38N7O17P3S,845.60291,26,7,1,3
2mcit_c,2-Methylcitrate,C7H7O7,203.12628,7,0,0,0
2pg_c,D-Glycerate 2-phosphate,C3H4O7P,183.03342,3,0,0,1
2pglyc_c,2-Phosphoglycolate,C2H2O6P,153.00744,2,0,0,1
pi_p,Phosphate,HO4P,95.9793,0,0,0,1
gdp_c,GDP,C10H12N5O11P2,440.1767,10,5,0,2
gtp_c,GTP,C10H12N5O14P3,519.14867,10,5,0,3
lac__L_c,L-Lactate,C3H5O3,89.07,3,0,0,0
co2_c,CO2,CO2,44.0095,1,0,0,0
34dhpha_c,3-4-Dihydroxyphenylacetate,C8H7O4,167.13878,8,0,0,0
34dhbz_c,"3,4-Dihydroxybenzoate",C7H5O4,153.1122,7,0,0,0
5cmhmsa_c,2-Hydroxy-5-carboxymethylmuconate-Semialdehyde,C8H6O6,198.12964,8,0,0,0
ahcys_c,S-Adenosyl-L-homocysteine,C14H20N6O5S,384.4108,14,6,1,0
amet_c,S-Adenosyl-L-methionine,C15H23N6O5S,399.44532,15,6,1,0
leu__L_c,L-Leucine,C6H13NO2,131.17292,6,1,0,0
leu__L_e,L-Leucine,C6H13NO2,131.17292,6,1,0,0
34hpp_c,3-(4-Hydroxyphenyl)pyruvate,C9H7O4,179.14948,9,0,0,0
hgentis_c,Homogentisate C8H7O4,C8H7O4,167.13878,8,0,0,0
3amac_c,3-Aminoacrylate,C3H4NO2,86.06936,3,1,0,0
msa_c,Malonate semialdehyde,C3H3O3,87.05412,3,0,0,0
3c3hmp_c,3-Carboxy-3-hydroxy-4-methylpentanoate,C7H10O5,174.1513,7,0,0,0
3c4mop_c,3-Carboxy-4-methyl-2-oxopentanoate,C7H8O5,172.13542,7,0,0,0
3hdecACP_c,(R)-3-Hydroxydecanoyl-[acyl-carrier protein],C394H621O144N96P1S3,9133.8721,394,96,3,1
ACP_c,Acyl carrier protein,C384H603N96O142P1S3,8963.62338,384,96,3,1
3hddecACP_c,(R)-3-Hydroxydodecanoyl-[acyl-carrier protein],C396H625O144N96P1S3,9161.92526,396,96,3,1
3hcddec5eACP_c,(R)-3-hydroxy-cis-dodec-5-enoyl-[acyl-carrier protein],C396H623O144N96P1S3,9159.90938,396,96,3,1
3hmrsACP_c,(R)-3-Hydroxytetradecanoyl-[acyl-carrier protein],C398H629O144N96P1S3,9189.97842,398,96,3,1
3hcmrs7eACP_c,(R)-3-hydroxy-cis-myristol-7-eoyl-[acyl-carrier protein],C398H627O144N96P1S3,9187.96254,398,96,3,1
3hhexACP_c,(R)-3-Hydroxyhexanoyl-[acyl-carrier protein],C390H613O144N96P1S3,9077.76578,390,96,3,1
3hoctACP_c,(R)-3-Hydroxyoctanoyl-[acyl-carrier protein],C392H617O144N96P1S3,9105.81894,392,96,3,1
tdec2eACP_c,Trans-Dec-2-enoyl-[acyl-carrier protein],C394H619O143N96P1S3,9115.85682,394,96,3,1
tddec2eACP_c,Trans-Dodec-2-enoyl-[acyl-carrier protein],C396H623O143N96P1S3,9143.90998,396,96,3,1
t3c5ddeceACP_c,Trans-3-cis-5-dodecenoyl-[acyl-carrier protein],C396H621O143N96P1S3,9141.8941,396,96,3,1
tmrs2eACP_c,Trans-Tetradec-2-enoyl-[acyl-carrier protein],C398H627O143N96P1S3,9171.96314,398,96,3,1
t3c7mrseACP_c,Trans-3-cis-7-myristoleoyl-[acyl-carrier protein],C398H625O143N96P1S3,9169.94726,398,96,3,1
3hpalmACP_c,R-3-hydroxypalmitoyl-[acyl-carrier protein],C400H633O144N96P1S3,9218.03158,400,96,3,1
tpalm2eACP_c,Trans-Hexadec-2-enoyl-[acyl-carrier protein],C400H631O143N96P1S3,9200.0163,400,96,3,1
3hcpalm9eACP_c,(R)-3-hydroxy-cis-palm-9-eoyl-[acyl-carrier protein],C400H631O144N96P1S3,9216.0157,400,96,3,1
t3c9palmeACP_c,Trans-3-cis-9-palmitoleoyl-[acyl-carrier protein],C400H629O143N96P1S3,9198.00042,400,96,3,1
3hoctaACP_c,(R)-3-Hydroxyoctadecanoyl-[acyl-carrier protein],C402H637O144N96P1S3,9246.08474,402,96,3,1
toctd2eACP_c,Trans-octadec-2-enoyl-[acyl-carrier protein],C402H635O143N96P1S3,9228.06946,402,96,3,1
3hcvac11eACP_c,(R)-3-hydroxy-cis-vacc-11-enoyl-[acyl-carrier protein],C402H635O144N96P1S3,9244.06886,402,96,3,1
t3c11vaceACP_c,Trans-3-cis-11-vacceoyl-[acyl-carrier protein],C402H633O143N96P1S3,9226.05358,402,96,3,1
3haACP_c,(3R)-3-Hydroxyacyl-[acyl-carrier protein],C388H609O144N96P1S3,9049.71262,388,96,3,1
but2eACP_c,But-2-enoyl-[acyl-carrier protein],C388H607O143N96P1S3,9031.69734,388,96,3,1
thex2eACP_c,Trans-Hex-2-enoyl-[acyl-carrier protein],C390H611O143N96P1S3,9059.7505,390,96,3,1
toct2eACP_c,Trans-Oct-2-enoyl-[acyl-carrier protein],C392H615O143N96P1S3,9087.80366,392,96,3,1
3hmp_c,3-Hydroxy-2-methylpropanoate,C4H7O3,103.09658,4,0,0,0
3hibutcoa_c,(S)-3-Hydroxyisobutyryl-CoA,C25H38N7O18P3S,849.59161,25,7,1,3
3c2hmp_c,3-Carboxy-2-hydroxy-4-methylpentanoate,C7H10O5,174.1513,7,0,0,0
lpam_c,Lipoamide C8H15NOS2,C8H15NOS2,205.3408,8,1,2,0
3mop_c,(S)-3-Methyl-2-oxopentanoate,C6H9O3,129.13386,6,0,0,0
na1_p,Sodium,Na,22.98977,0,0,0,0
nh4_p,Ammonium,NH4,18.03846,0,1,0,0
o2_p,O2,O2,31.9988,0,0,0,0
adn_c,Adenosine,C10H13N5O4,267.24132,10,5,0,0
uri_c,Uridine,C9H12N2O6,244.20138,9,2,0,0
cytd_c,Cytidine,C9H13N3O5,243.21662,9,3,0,0
gsn_c,Guanosine,C10H13N5O5,283.24072,10,5,0,0
malcoa_c,Malonyl-CoA,C24H33N7O19P3S,848.54061,24,7,1,3
pmtcoa_c,Palmitoyl-CoA (n-C16:0CoA),C37H62N7O17P3S,1001.91117,37,7,1,3
oxadpcoa_c,3-Oxoadipyl-CoA,C27H37N7O20P3S,904.60387,27,7,1,3
succ_c,Succinate,C4H4O4,116.07216,4,0,0,0
succoa_c,Succinyl-CoA,C25H35N7O19P3S,862.56719,25,7,1,3
3oxoadp_c,3-Oxoadipate,C6H6O5,158.10884,6,0,0,0
3odecACP_c,3-Oxodecanoyl-[acyl-carrier protein],C394H619O144N96P1S3,9131.85622,394,96,3,1
3oddecACP_c,3-Oxododecanoyl-[acyl-carrier protein],C396H623O144N96P1S3,9159.90938,396,96,3,1
3ocddec5eACP_c,3-oxo-cis-dodec-5-enoyl-[acyl-carrier protein],C396H621O144N96P1S3,9157.8935,396,96,3,1
3omrsACP_c,3-Oxotetradecanoyl-[acyl-carrier protein],C398H627O144N96P1S3,9187.96254,398,96,3,1
3ocmrs7eACP_c,3-oxo-cis-myristol-7-eoyl-[acyl-carrier protein],C398H625O144N96P1S3,9185.94666,398,96,3,1
3opalmACP_c,3-Oxohexadecanoyl-[acyl-carrier protein],C400H631O144N96P1S3,9216.0157,400,96,3,1
3ocpalm9eACP_c,3-oxo-cis-palm-9-eoyl-[acyl-carrier protein],C400H629O144N96P1S3,9213.99982,400,96,3,1
3ooctdACP_c,3-Oxooctadecanoyl-[acyl-carrier protein],C402H635O144N96P1S3,9244.06886,402,96,3,1
3ocvac11eACP_c,3-oxo-cis-vacc-11-enoyl-[acyl-carrier protein],C402H633O144N96P1S3,9242.05298,402,96,3,1
actACP_c,Acetoacetyl-ACP,C388H607O144N96P1S3,9047.69674,388,96,3,1
3ohexACP_c,3-Oxohexanoyl-[acyl-carrier protein],C390H611O144N96P1S3,9075.7499,390,96,3,1
3ooctACP_c,3-Oxooctanoyl-[acyl-carrier protein],C392H615O144N96P1S3,9103.80306,392,96,3,1
malACP_c,Malonyl-[acyl-carrier protein],C387H604O145N96P1S3,9048.66162,387,96,3,1
ocACP_c,Octanoyl-ACP (n-C8:0ACP),C392H617O143N96P1S3,9089.81954,392,96,3,1
dcaACP_c,Decanoyl-ACP (n-C10:0ACP),C394H621O143N96P1S3,9117.8727,394,96,3,1
cdec3eACP_c,Cis-dec-3-enoyl-[acyl-carrier protein] (n-C10:1),C394H619O143N96P1S3,9115.85682,394,96,3,1
ddcaACP_c,Dodecanoyl-ACP (n-C12:0ACP),C396H625O143N96P1S3,9145.92586,396,96,3,1
cddec5eACP_c,Cis-dodec-5-enoyl-[acyl-carrier protein] (n-C12:1),C396H623O143N96P1S3,9143.90998,396,96,3,1
myrsACP_c,Myristoyl-ACP (n-C14:0ACP),C398H629O143N96P1S3,9173.97902,398,96,3,1
tdeACP_c,Cis-tetradec-7-enoyl-[acyl-carrier protein] (n-C14:1),C398H627O143N96P1S3,9171.96314,398,96,3,1
palmACP_c,Palmitoyl-ACP (n-C16:0ACP),C400H633O143N96P1S3,9202.03218,400,96,3,1
hdeACP_c,Cis-hexadec-9-enoyl-[acyl-carrier protein] (n-C16:1),C400H631O143N96P1S3,9200.0163,400,96,3,1
butACP_c,Butyryl-ACP (n-C4:0ACP),C388H609O143N96P1S3,9033.71322,388,96,3,1
hexACP_c,Hexanoyl-ACP (n-C6:0ACP),C390H613O143N96P1S3,9061.76638,390,96,3,1
accoa_c,Acetyl-CoA,C23H34N7O17P3S,805.53905,23,7,1,3
LalaDgluMdap_c,"L-alanine-D-glutamate-meso-2,6-diaminoheptanedioate",C15H25N4O8,389.381,15,4,0,0
LalaDgluMdap_p,"L-alanine-D-glutamate-meso-2,6-diaminoheptanedioate",C15H25N4O8,389.381,15,4,0,0
3pg_c,3-Phospho-D-glycerate,C3H4O7P,183.03342,3,0,0,1
h2_c,H2,H2,2.01588,0,0,0,0
asp__L_c,L-Aspartate,C4H6NO4,132.09474,4,1,0,0
so3_c,Sulfite,SO3,80.0632,0,0,1,0
4abut_c,4-Aminobutanoate,C4H9NO2,103.11976,4,1,0,0
4abutn_c,4-Aminobutanal,C4H10NO,88.1283,4,1,0,0
4abz_c,4-Aminobenzoate,C7H6NO2,136.12804,7,1,0,0
5cmhm_c,5-Carboxymethyl-2-hydroxymuconate,C8H5O7,213.1211,8,0,0,0
4cml_c,4-Carboxymuconolactone,C7H4O6,184.10306,7,0,0,0
5odhf2a_c,"5-Oxo-4,5-dihydrofuran-2-acetate",C6H5O4,141.1015,6,0,0,0
sucsal_c,Succinic semialdehyde,C4H5O3,101.0807,4,0,0,0
4hphac_c,4-Hydroxyphenylacetate,C8H7O3,151.13938,8,0,0,0
4hbald_c,4-Hydroxybenzaldehyde,C7H6O2,122.12134,7,0,0,0
4hbald_p,4-Hydroxybenzaldehyde,C7H6O2,122.12134,7,0,0,0
4hba_p,4-Hydroxy-benzyl alcohol,C7H8O2,124.13722,7,0,0,0
4hbz_c,4-Hydroxybenzoate,C7H5O3,137.1128,7,0,0,0
4hbzcoa_c,4 hydroxybenoyl CoA C28H36N7O18P3S,C28H36N7O18P3S,883.60783,28,7,1,3
benzcoa_c,Benzoyl-CoA,C28H40N7O17P3S,871.64019,28,7,1,3
fdxo_42_c,Ferredoxin (oxidized form 4:2),Fe12S12X,1054.92,0,0,12,0
fdxr_42_c,Ferredoxin (reduced form 4:2),Fe12S12X,1054.92,0,0,12,0
fad_c,Flavin adenine dinucleotide oxidized,C27H31N9O15P2,783.53386,27,9,0,2
fadh2_c,Flavin adenine dinucleotide reduced,C27H33N9O15P2,785.54974,27,9,0,2
4hphac_p,4-Hydroxyphenylacetate,C8H7O3,151.13938,8,0,0,0
ala__L_c,L-Alanine,C3H7NO2,89.09318,3,1,0,0
ala__L_e,L-Alanine,C3H7NO2,89.09318,3,1,0,0
4hthr_c,4-Hydroxy-L-threonine,C4H9NO4,135.11856,4,1,0,0
phthr_c,O-Phospho-4-hydroxy-L-threonine,C4H8NO7P,213.08258,4,1,0,1
4izp_c,4-Imidazolone-5-propanoate,C6H7N2O3,155.13138,6,2,0,0
4mop_c,4-Methyl-2-oxopentanoate,C6H9O3,129.13386,6,0,0,0
for_c,Formate,CH1O2,45.01744,1,0,0,0
cl_c,Chloride,Cl,35.453,0,0,0,0
cl_e,Chloride,Cl,35.453,0,0,0,0
ala__D_c,D-Alanine,C3H7NO2,89.09318,3,1,0,0
ala__D_p,D-Alanine,C3H7NO2,89.09318,3,1,0,0
5aop_c,5-Amino-4-oxopentanoate,C5H9NO3,131.12986,5,1,0,0
5cohe_c,5-Carboxy-2-oxohept-3-enedioate,C8H5O7,213.1211,8,0,0,0
5dglcn_c,5-Dehydro-D-gluconate,C6H9O7,193.13146,6,0,0,0
5drib_c,5'-deoxyribose,C5H10O4,134.1305,5,0,0,0
ade_c,Adenine,C5H5N5,135.1267,5,5,0,0
dad_5_c,5'-Deoxyadenosine,C10H13N5O3,251.24192,10,5,0,0
prpp_c,5-Phospho-alpha-D-ribose 1-diphosphate,C5H8O14P3,385.02991,5,0,0,3
5fthf_c,5-Formyltetrahydrofolate,C20H21N7O7,471.42344,20,7,0,0
ribflv_c,Riboflavin,C17H20N4O6,376.3639,17,4,0,0
air_c,5-amino-1-(5-phospho-D-ribosyl)imidazole,C8H12N3O7P,293.17054,8,3,0,1
5mta_c,5-Methylthioadenosine,C11H15N5O3S,297.3335,11,5,1,0
5mthf_c,5-Methyltetrahydrofolate,C20H24N7O6,458.44786,20,7,0,0
acald_c,Acetaldehyde,C2H4O,44.05256,2,0,0,0
ahdt_c,"2-Amino-4-hydroxy-6-(erythro-1,2,3-trihydroxypropyl)dihydropteridine triphosphate",C9H12N5O13P3,491.13857,9,5,0,3
pppi_c,Inorganic triphosphate,HO10P3,253.92323,0,0,0,3
6pgc_c,6-Phospho-D-gluconate,C6H10O10P,273.11136,6,0,0,1
6pgl_c,"6-phospho-D-glucono-1,5-lactone",C6H9O9P,256.10402,6,0,0,1
g6p_c,D-Glucose 6-phosphate,C6H11O9P,258.1199,6,0,0,1
gln__L_c,L-Glutamine,C5H10N2O3,146.1445,5,2,0,0
cys__L_c,L-Cysteine,C3H7NO2S,121.15818,3,1,1,0
ser__L_c,L-Serine,C3H7NO3,105.09258,3,1,0,0
thr__L_c,L-Threonine,C4H9NO3,119.11916,4,1,0,0
udpgal_c,UDPgalactose,C15H22N2O17P2,564.2859,15,2,0,2
ara5p_c,D-Arabinose 5-phosphate,C5H9O8P,228.09392,5,0,0,1
ru5p__D_c,D-Ribulose 5-phosphate,C5H9O8P,228.09392,5,0,0,1
his__L_c,L-Histidine,C6H9N3O2,155.15456,6,3,0,0
ac_c,Acetate,C2H3O2,59.04402,2,0,0,0
aacoa_c,Acetoacetyl-CoA,C25H36N7O18P3S,847.57573,25,7,1,3
acac_c,Acetoacetate,C4H5O3,101.0807,4,0,0,0
octeACP_c,Cis-octadec-11-enoyl-[acyl-carrier protein] (n-C18:1),C402H635O143N96P1S3,9228.06946,402,96,3,1
ocdcaACP_c,Octadecanoyl-ACP (n-C18:0ACP),C402H637O143N96P1S3,9230.08534,402,96,3,1
dca_c,Decanoate (n-C10:0),C10H19O2,171.25666,10,0,0,0
octa_c,Octanoate (n-C8:0),C8H15O2,143.2035,8,0,0,0
mthgxl_c,Methylglyoxal,C3H4O2,72.06266,3,0,0,0
dtdp_c,DTDP,C10H13N2O11P2,399.16454,10,2,0,2
malthx_c,Maltohexaose,C36H62O31,990.85888,36,0,0,0
dextrin_e,Dextrin C12H20O10,C12H20O10,324.2812,12,0,0,0
malthx_p,Maltohexaose,C36H62O31,990.85888,36,0,0,0
arab__L_c,L-Arabinose,C5H10O5,150.1299,5,0,0,0
tre_c,Trehalose,C12H22O11,342.29648,12,0,0,0
arab__L_e,L-Arabinose,C5H10O5,150.1299,5,0,0,0
araban__L_e,Alpha-L-Arabinan (3 subunits),C15H26O13,414.35914,15,0,0,0
xylu__D_c,D-Xylulose,C5H10O5,150.1299,5,0,0,0
abt__L_c,L Arabinitol C5H12O5,C5H12O5,152.14578,5,0,0,0
abt__L_e,L Arabinitol C5H12O5,C5H12O5,152.14578,5,0,0,0
acac_e,Acetoacetate,C4H5O3,101.0807,4,0,0,0
3ohcoa_c,3-Oxohexanoyl-CoA,C27H40N7O18P3S,875.62889,27,7,1,3
btcoa_c,Butanoyl-CoA,C25H38N7O17P3S,833.59221,25,7,1,3
3oocoa_c,3-Oxooctanoyl-CoA,C29H44N7O18P3S,903.68205,29,7,1,3
hxcoa_c,Hexanoyl-CoA (n-C6:0CoA),C27H42N7O17P3S,861.64537,27,7,1,3
3odcoa_c,3-Oxodecanoyl-CoA,C31H48N7O18P3S,931.73521,31,7,1,3
occoa_c,Octanoyl-CoA (n-C8:0CoA),C29H46N7O17P3S,889.69853,29,7,1,3
3oddcoa_c,3-Oxododecanoyl-CoA,C33H52N7O18P3S,959.78837,33,7,1,3
dcacoa_c,Decanoyl-CoA (n-C10:0CoA),C31H50N7O17P3S,917.75169,31,7,1,3
dccoa_c,Decanoyl CoA C31H50N7O17P3S,C31H50N7O17P3S,917.75169,31,7,1,3
3otdcoa_c,3-Oxotetradecanoyl-CoA,C35H56N7O18P3S,987.84153,35,7,1,3
ddcacoa_c,Dodecanoyl-CoA (n-C12:0CoA),C33H54N7O17P3S,945.80485,33,7,1,3
ddcoa_c,Dodecanoyl CoA  n C120CoA  C33H54N7O17P3S,C33H54N7O17P3S,945.80485,33,7,1,3
3ohdcoa_c,3-Oxohexadecanoyl-CoA,C37H60N7O18P3S,1015.89469,37,7,1,3
tdcoa_c,Tetradecanoyl-CoA (n-C14:0CoA),C35H58N7O17P3S,973.85801,35,7,1,3
actn__R_c, R  Acetoin C4H8O2,C4H8O2,88.10512,4,0,0,0
acald_e,Acetaldehyde,C2H4O,44.05256,2,0,0,0
anth_c,Anthranilate,C7H6NO2,136.12804,7,1,0,0
ppa_c,Propionate (n-C3:0),C3H5O2,73.0706,3,0,0,0
ppcoa_c,Propanoyl-CoA,C24H36N7O17P3S,819.56563,24,7,1,3
2kmb_c,2-keto-4-methylthiobutyrate,C5H7O3S,147.17228,5,0,1,0
co_c,Carbon monoxide,CO,28.0101,1,0,0,0
tag6p__D_c,D-Tagatose 6-phosphate,C6H11O9P,258.1199,6,0,0,1
idp_c,IDP,C10H11N4O11P2,425.16206,10,4,0,2
itp_c,ITP,C10H11N4O14P3,504.13403,10,4,0,3
pep_c,Phosphoenolpyruvate,C3H2O6P,165.01814,3,0,0,1
acgam_c,N-Acetyl-D-glucosamine,C8H15NO6,221.2078,8,1,0,0
acmana_c,N-Acetyl-D-mannosamine,C8H15NO6,221.2078,8,1,0,0
acgam6p_c,N-Acetyl-D-glucosamine 6-phosphate,C8H14NO9P,299.17182,8,1,0,1
gam6p_c,D-Glucosamine 6-phosphate,C6H13NO8P,258.14308,6,1,0,1
acgam1p_c,N-Acetyl-D-glucosamine 1-phosphate,C8H14NO9P,299.17182,8,1,0,1
uacgam_c,UDP-N-acetyl-D-glucosamine,C17H25N3O17P2,605.33782,17,3,0,2
udcpp_c,Undecaprenyl phosphate,C55H89O4P,845.26652,55,0,0,1
ump_c,UMP,C9H11N2O9P,322.1654,9,2,0,1
acg5p_c,N-Acetyl-L-glutamyl 5-phosphate,C7H9NO8P,266.12202,7,1,0,1
acglu_c,N-Acetyl-L-glutamate,C7H9NO5,187.15006,7,1,0,0
2ahbut_c,(S)-2-Aceto-2-hydroxybutanoate,C6H9O4,145.13326,6,0,0,0
chol_e,Choline,C5H14NO,104.17076,5,1,0,0
etoh_c,Ethanol,C2H6O,46.06844,2,0,0,0
achms_c,O Acetyl L homoserine C6H11NO4,C6H11NO4,161.15584,6,1,0,0
cit_c,Citrate,C6H5O7,189.0997,6,0,0,0
oaa_c,Oxaloacetate,C4H2O5,130.05568,4,0,0,0
actp_c,Acetyl phosphate,C2H3O5P,138.01598,2,0,0,1
alac__S_c,(S)-2-Acetolactate,C5H7O4,131.10668,5,0,0,0
thmpp_c,Thiamine diphosphate,C12H16N4O7P2S,422.29056,12,4,1,2
acmum6p_c,N-acetylmuramate 6-phosphate,C11H17NO11P,370.22654,11,1,0,1
lac__D_c,D-Lactate,C3H5O3,89.07,3,0,0,0
acmanap_c,N-Acetyl-D-mannosamine 6-phosphate,C8H14NO9P,299.17182,8,1,0,1
acmana_e,N-Acetyl-D-mannosamine,C8H15NO6,221.2078,8,1,0,0
man6p_c,D-Mannose 6-phosphate,C6H11O9P,258.1199,6,0,0,1
ctp_c,CTP,C9H12N3O14P3,479.12457,9,3,0,3
b2coa_c,Crotonoyl-CoA,C25H36N7O17P3S,831.57633,25,7,1,3
hx2coa_c,Trans-Hex-2-enoyl-CoA,C27H40N7O17P3S,859.62949,27,7,1,3
2mbcoa_c,2-Methylbutanoyl-CoA,C26H40N7O17P3S,847.61879,26,7,1,3
dc2coa_c,Trans-Dec-2-enoyl-CoA,C31H48N7O17P3S,915.73581,31,7,1,3
trans_dd2coa_c,Trans Dodec 2 enoyl CoA C33H52N7O17P3S,C33H52N7O17P3S,943.78897,33,7,1,3
td2coa_c,Trans-Tetradec-2-enoyl-CoA,C35H56N7O17P3S,971.84213,35,7,1,3
hdd2coa_c,Trans-Hexadec-2-enoyl-CoA,C37H60N7O17P3S,999.89529,37,7,1,3
od2coa_c,Trans-Octadec-2-enoyl-CoA,C39H64N7O17P3S,1027.94845,39,7,1,3
stcoa_c,Stearoyl-CoA (n-C18:0CoA),C39H66N7O17P3S,1029.96433,39,7,1,3
ibcoa_c,Isobutyryl-CoA,C25H38N7O17P3S,833.59221,25,7,1,3
2mp2coa_c,2-Methylprop-2-enoyl-CoA,C25H36N7O17P3S,831.57633,25,7,1,3
acACP_c,Acetyl-ACP,C386H605O143N96P1S3,9005.66006,386,96,3,1
acorn_c,N2-Acetyl-L-ornithine,C7H14N2O3,174.19766,7,2,0,0
orn_c,Ornithine,C5H13N2O2,133.16892,5,2,0,0
orn__L_c,L Ornithine C5H13N2O2,C5H13N2O2,133.16892,5,2,0,0
acon_C_c,Cis-Aconitate,C6H3O6,171.08442,6,0,0,0
icit_c,Isocitrate,C6H5O7,189.0997,6,0,0,0
acg5sa_c,N-Acetyl-L-glutamate 5-semialdehyde,C7H10NO4,172.1586,7,1,0,0
pi_e,Phosphate,HO4P,95.9793,0,0,0,1
ribflv_e,Riboflavin,C17H20N4O6,376.3639,17,4,0,0
fmn_c,FMN,C17H19N4O9P,454.32792,17,4,0,1
ddcap_c,Dodecanoly-phosphate (n-C12:0),C12H24O5P1,279.28972,12,0,0,1
ttdcap_c,Tetradecanoyl-phosphate (n-C14:0),C14H28O5P,307.34288,14,0,0,1
ttdceap_c,Tetradecanoyl-phosphate (n-C14:1),C14H26O5P,305.327,14,0,0,1
hdcap_c,Hexadecanoyl-phosphate (n-C16:0),C16H32O5P,335.39604,16,0,0,1
hdceap_c,Hexadecanoyl-phosphate (n-C16:1),C16H30O5P,333.38016,16,0,0,1
ocdcap_c,Octadecanoyl-phosphate (n-C18:0),C18H36O5P,363.4492,18,0,0,1
ocdceap_c,Octadecanoyl-phosphate (n-C18:1),C18H34O5P,361.43332,18,0,0,1
pan4p_c,Pantetheine 4'-phosphate,C11H21N2O7PS,356.3324,11,2,1,1
acser_c,O-Acetyl-L-serine,C5H9NO4,147.12926,5,1,0,0
tsul_c,Thiosulfate,O3S2,112.1282,0,0,2,0
scys__L_c,S-Sulfo-L-cysteine,C3H6NO5S2,200.21344,3,1,2,0
diact_c,Diacetyl,C4H6O2,86.08924,4,0,0,0
acetol_c,Acetol,C3H6O2,74.07854,3,0,0,0
actn__R_e, R  Acetoin C4H8O2,C4H8O2,88.10512,4,0,0,0
13dpg_c,3-Phospho-D-glyceroyl phosphate,C3H4O10P2,262.00538,3,0,0,2
ins_c,Inosine,C10H12N4O5,268.22608,10,4,0,0
dcmp_c,DCMP,C9H12N3O7P,305.18124,9,3,0,1
dcyt_c,Deoxycytidine,C9H13N3O4,227.21722,9,3,0,0
nh4_e,Ammonium,NH4,18.03846,0,1,0,0
4adcho_c,4-amino-4-deoxychorismate,C10H10NO5,224.1901,10,1,0,0
chor_c,Chorismate,C10H8O6,224.16692,10,0,0,0
hxan_c,Hypoxanthine,C5H4N4O,136.11146,5,4,0,0
dadp_c,DADP,C10H12N5O9P2,408.1779,10,5,0,2
damp_c,DAMP,C10H12N5O6P,329.20594,10,5,0,1
datp_c,DATP,C10H12N5O12P3,487.14987,10,5,0,3
ametam_c,S-Adenosylmethioninamine,C14H24N6O3S,356.44376,14,6,1,0
dgdp_c,DGDP,C10H12N5O10P2,424.1773,10,5,0,2
dgtp_c,DGTP,C10H12N5O13P3,503.14927,10,5,0,3
rib__D_c,D-Ribose,C5H10O5,150.1299,5,0,0,0
gmp_c,GMP,C10H12N5O8P,361.20474,10,5,0,1
26dap_LL_c,"LL-2,6-Diaminoheptanedioate",C7H14N2O4,190.19706,7,2,0,0
adpglc_c,ADPglucose,C16H23N5O15P2,587.32584,16,5,0,2
g1p_c,D-Glucose 1-phosphate,C6H11O9P,258.1199,6,0,0,1
man1p_c,D-Mannose 1-phosphate,C6H11O9P,258.1199,6,0,0,1
r5p_c,Alpha-D-Ribose 5-phosphate,C5H9O8P,228.09392,5,0,0,1
aicar_c,5-Amino-1-(5-Phospho-D-ribosyl)imidazole-4-carboxamide,C9H13N4O8P,336.19528,9,4,0,1
aps_c,Adenosine 5'-phosphosulfate,C10H12N5O10PS,425.26854,10,5,1,1
dcamp_c,"N6-(1,2-Dicarboxyethyl)-AMP",C14H14N5O11P,459.26162,14,5,0,1
fum_c,Fumarate,C4H2O4,114.05628,4,0,0,0
25aics_c,(S)-2-[5-Amino-1-(5-phospho-D-ribosyl)imidazole-4-carboxamido]succinate,C13H15N4O12P,450.25156,13,4,0,1
imp_c,IMP,C10H11N4O8P,346.1901,10,4,0,1
hdcoa_c,Hexadecenoyl-CoA (n-C16:1CoA),C37H60N7O17P3S,999.89529,37,7,1,3
odecoa_c,Octadecenoyl-CoA (n-C18:1CoA),C39H64N7O17P3S,1027.94845,39,7,1,3
cmp_c,CMP,C9H12N3O8P,321.18064,9,3,0,1
anhgm_c,N-Acetyl-D-glucosamine(anhydrous)N-Acetylmuramic acid,C19H29N2O12,477.43976,19,2,0,0
anhgm3p_c,N-Acetyl-D-glucosamine(anhydrous)N-Acetylmuramyl-tripeptide,C34H52N6O19,848.80548,34,6,0,0
anhgm_p,N-Acetyl-D-glucosamine(anhydrous)N-Acetylmuramic acid,C19H29N2O12,477.43976,19,2,0,0
anhgm3p_p,N-Acetyl-D-glucosamine(anhydrous)N-Acetylmuramyl-tripeptide,C34H52N6O19,848.80548,34,6,0,0
anhm3p_c,"1,6-anhydrous-N-Acetylmuramyl-tripeptide",C26H39N5O14,645.61296,26,5,0,0
anhgm4p_c,N-Acetyl-D-glucosamine(anhydrous)N-Acetylmuramyl-tetrapeptide,C37H57N7O20,919.88338,37,7,0,0
anhgm4p_p,N-Acetyl-D-glucosamine(anhydrous)N-Acetylmuramyl-tetrapeptide,C37H57N7O20,919.88338,37,7,0,0
anhm4p_c,"1,6-anhydrous-N-Acetylmuramyl-tetrapeptide",C29H44N6O15,716.69086,29,6,0,0
agm_c,Agmatine,C5H16N4,132.20734,5,4,0,0
Ncbmpts_c,N-Carbamoylputrescine,C5H13N3O,131.17622,5,3,0,0
anhm_c,"1,6-anhydrous-N-Acetylmuramate",C11H16NO7,274.24724,11,1,0,0
inost_c,Myo-Inositol,C6H12O6,180.15588,6,0,0,0
raffin_c,Raffinose C18H32O16,C18H32O16,504.43708,18,0,0,0
sucr_c,Sucrose,C12H22O11,342.29648,12,0,0,0
ptrc_c,Putrescine,C4H14N2,90.16736,4,2,0,0
agm_p,Agmatine,C5H16N4,132.20734,5,4,0,0
ptrc_p,Putrescine,C4H14N2,90.16736,4,2,0,0
urea_c,Urea,CH4N2O,60.05526,1,2,0,0
agm_e,Agmatine,C5H16N4,132.20734,5,4,0,0
1ddecg3p_c,1-dodecanoyl-sn-glycerol 3-phosphate,C15H29O7P1,352.36032,15,0,0,1
pa120_c,"1,2-didodecanoyl-sn-glycerol 3-phosphate",C27H51O8P1,534.6628,27,0,0,1
1tdecg3p_c,1-tetradecanoyl-sn-glycerol 3-phosphate,C17H33O7P1,380.41348,17,0,0,1
pa140_c,"1,2-ditetradecanoyl-sn-glycerol 3-phosphate",C31H59O8P1,590.76912,31,0,0,1
1tdec7eg3p_c,1-tetradec-7-enoyl-sn-glycerol 3-phosphate,C17H31O7P1,378.3976,17,0,0,1
pa141_c,"1,2-ditetradec-7-enoyl-sn-glycerol 3-phosphate",C31H55O8P1,586.73736,31,0,0,1
1hdecg3p_c,1-hexadecanoyl-sn-glycerol 3-phosphate,C19H37O7P,408.46664,19,0,0,1
pa160_c,"1,2-dihexadecanoyl-sn-glycerol 3-phosphate",C35H67O8P,646.87544,35,0,0,1
1hdec9eg3p_c,1-hexadec-9-enoyl-sn-glycerol 3-phosphate,C19H35O7P1,406.45076,19,0,0,1
pa161_c,"1,2-dihexadec-9-enoyl-sn-glycerol 3-phosphate",C35H63O8P1,642.84368,35,0,0,1
1odecg3p_c,1-octadecanoyl-sn-glycerol 3-phosphate,C21H41O7P1,436.5198,21,0,0,1
pa180_c,"1,2-dioctadecanoyl-sn-glycerol 3-phosphate",C39H75O8P1,702.98176,39,0,0,1
1odec11eg3p_c,1-octadec-11-enoyl-sn-glycerol 3-phosphate,C21H39O7P1,434.50392,21,0,0,1
pa181_c,"1,2-dioctadec-11-enoyl-sn-glycerol 3-phosphate",C39H71O8P1,698.95,39,0,0,1
glx_c,Glyoxylate,C2HO3,73.02754,2,0,0,0
gly_c,Glycine,C2H5NO2,75.0666,2,1,0,0
f6p_c,D-Fructose 6-phosphate,C6H11O9P,258.1199,6,0,0,1
hcys__L_c,L-Homocysteine,C4H9NO2S,135.18476,4,1,1,0
gcald_c,Glycolaldehyde,C2H4O2,60.05196,2,0,0,0
met__L_c,L-Methionine,C5H11NO2S,149.21134,5,1,1,0
ch4s_c,Methanethiol CH4S,CH4S,48.10746,1,0,1,0
h2s_c,Hydrogen sulfide,H2S,34.08088,0,0,1,0
trdox_c,Oxidized thioredoxin,X,0.0,0,0,0,0
trdrd_c,Reduced thioredoxin,XH2,2.01588,0,0,0,0
fprica_c,5-Formamido-1-(5-phospho-D-ribosyl)imidazole-4-carboxamide,C10H13N4O9P,364.20538,10,4,0,1
thf_c,"5,6,7,8-Tetrahydrofolate",C19H21N7O6,443.41334,19,7,0,0
5aizc_c,5-amino-1-(5-phospho-D-ribosyl)imidazole-4-carboxylate,C9H11N3O9P,336.1721,9,3,0,1
dhlam_c,Dihydrolipoamide C8H17NOS2,C8H17NOS2,207.35668,8,1,2,0
mal__L_c,L-Malate,C4H4O5,132.07156,4,0,0,0
akg_e,2-Oxoglutarate,C5H4O5,144.08226,5,0,0,0
mal__L_e,L-Malate,C4H4O5,132.07156,4,0,0,0
dhnpt_c,Dihydroneopterin,C9H13N5O4,255.23062,9,5,0,0
glyc__R_c,(R)-Glycerate,C3H5O4,105.0694,3,0,0,0
alaala_c,D-Alanyl-D-alanine,C6H12N2O3,160.17108,6,2,0,0
alaala_p,D-Alanyl-D-alanine,C6H12N2O3,160.17108,6,2,0,0
asn__L_c,L-Asparagine,C4H8N2O3,132.11792,4,2,0,0
asn__L_e,L-Asparagine,C4H8N2O3,132.11792,4,2,0,0
ala_B_c,Beta-Alanine,C3H7NO2,89.09318,3,1,0,0
ala__D_e,D-Alanine,C3H7NO2,89.09318,3,1,0,0
gln__L_e,L-Glutamine,C5H10N2O3,146.1445,5,2,0,0
gly_e,Glycine,C2H5NO2,75.0666,2,1,0,0
glu__D_c,D-Glutamate,C5H8NO4,146.12132,5,1,0,0
pyam5p_c,Pyridoxamine 5'-phosphate,C8H12N2O5P,247.16504,8,2,0,1
pydx5p_c,Pyridoxal 5'-phosphate,C8H8NO6P,245.12598,8,1,0,1
thr__L_e,L-Threonine,C4H9NO3,119.11916,4,1,0,0
arg__L_c,L-Arginine,C6H15N4O2,175.2089,6,4,0,0
arg__L_e,L-Arginine,C6H15N4O2,175.2089,6,4,0,0
meoh_c,Methanol,CH4O1,32.04186,1,0,0,0
glyald_c,D-Glyceraldehyde,C3H6O3,90.07794,3,0,0,0
glyc_c,Glycerol,C3H8O3,92.09382,3,0,0,0
lald__D_c,D-Lactaldehyde,C3H6O2,74.07854,3,0,0,0
lald__L_c,L-Lactaldehyde,C3H6O2,74.07854,3,0,0,0
pacald_c,Phenylacetaldehyde,C8H8O,120.14852,8,0,0,0
ppoh_c,1-Propanol,C3H8O,60.09502,3,0,0,0
btal_c,Butanal,C4H8O,72.10572,4,0,0,0
btoh_c,Butanol,C4H10O,74.1216,4,0,0,0
pac_c,Phenylacetic acid,C8H7O2,135.13998,8,0,0,0
amacald_c,Aminoacetaldehyde C2H5NO,C2H5NO,59.0672,2,1,0,0
glcr_c,D-Glucarate,C6H8O8,208.12292,6,0,0,0
but_c,Butyrate (n-C4:0),C4H7O2,87.09718,4,0,0,0
mmalsa__S_c, S  Methylmalonate semialdehyde C4H5O3,C4H5O3,101.0807,4,0,0,0
hxa_c,Hexanoate (n-C6:0),C6H11O2,115.15034,6,0,0,0
hxal_c,Hexanal C6H12O,C6H12O,100.15888,6,0,0,0
dha_c,Dihydroxyacetone,C3H6O3,90.07794,3,0,0,0
dhap_c,Dihydroxyacetone phosphate,C3H5O6P,168.04196,3,0,0,1
alltt_c,Allantoate,C4H7N4O4,175.12278,4,4,0,0
urdglyc_c,(-)-Ureidoglycolate,C3H5N2O4,133.0828,3,2,0,0
alltn_c,Allantoin,C4H6N4O3,158.11544,4,4,0,0
pe160_p,"Phosphatidylethanolamine (dihexadecanoyl, n-C16:0)",C37H74NO8P,691.95912,37,1,0,1
pg160_p,"Phosphatidylglycerol (dihexadecanoyl, n-C16:0)",C38H74O10P1,721.96192,38,0,0,1
2ddglcn_c,2-Dehydro-3-deoxy-D-gluconate,C6H9O6,177.13206,6,0,0,0
altrn_c,D-Altronate,C6H11O7,195.14734,6,0,0,0
malt_c,Maltose,C12H22O11,342.29648,12,0,0,0
malttr_c,Maltotriose,C18H32O16,504.43708,18,0,0,0
maltttr_c,Maltotetraose,C24H42O21,666.57768,24,0,0,0
maltpt_c,Maltopentaose,C30H52O26,828.71828,30,0,0,0
malthp_c,Maltoheptaose,C42H72O36,1152.99948,42,0,0,0
man_c,D-Mannose,C6H12O6,180.15588,6,0,0,0
2dmmql8_c,2-Demethylmenaquinol 8,C50H72O2,705.10548,50,0,0,0
mql8_c,Menaquinol 8,C51H74O2,719.13206,51,0,0,0
mqn6_c,Menaquinone 6,C41H56O2,580.88214,41,0,0,0
mql7_c,Menaquinol 7 C46H66O2,C46H66O2,651.01504,46,0,0,0
2dmmq8_c,2-Demethylmenaquinone 8,C50H70O2,703.0896,50,0,0,0
mqn8_c,Menaquinone 8,C51H72O2,717.11618,51,0,0,0
cgly_c,Cys-Gly,C5H10N2O3S,178.2095,5,2,1,0
cgly_e,Cys-Gly,C5H10N2O3S,178.2095,5,2,1,0
pro__L_c,L-Proline,C5H9NO2,115.13046,5,1,0,0
progly_c,L-Prolinylglycine,C7H12N2O3,172.18178,7,2,0,0
malt_e,Maltose,C12H22O11,342.29648,12,0,0,0
malttr_e,Maltotriose,C18H32O16,504.43708,18,0,0,0
starch1200_e,"Starch n=1200 repeat units (300 repeat units amylose, 900 repeat units amylopectin, corresponds to potatoe starch)",C7200H12002O6001,194586.73528,7200,0,0,0
amylose300_e,"Amylose (n=300 repeat units, alpha-1,4-glc)",C1800H3002O1501,48660.19528,1800,0,0,0
nmn_c,NMN,C11H14N2O8P,333.21122,11,2,0,1
pran_c,N-(5-Phospho-D-ribosyl)anthranilate,C12H13NO9P,346.20668,12,1,0,1
hisp_c,L-Histidinol phosphate,C6H11N3O4P,220.143,6,3,0,1
imacp_c,3-(Imidazol-4-yl)-2-oxopropyl phosphate,C6H7N2O5P,218.10394,6,2,0,1
ap4a_c,"P1,P4-Bis(5'-adenosyl) tetraphosphate",C20H24N10O19P4,832.35521,20,10,0,4
thdp_c,"2,3,4,5-Tetrahydrodipicolinate",C7H7NO4,169.13478,7,1,0,0
4ppcys_c,N-((R)-4-Phosphopantothenoyl)-L-cysteine,C12H20N2O9PS,399.33396,12,2,1,1
5aptn_c,5-Aminopentanoate,C5H11NO2,117.14634,5,1,0,0
5apentam_c,5-Aminopentanamide,C5H12N2O,116.16158,5,2,0,0
nh3_c,Ammonia,H3N,17.03052,0,1,0,0
glyc3p_c,Glycerol 3-phosphate,C3H7O6P,170.05784,3,0,0,1
lys__L_c,L-Lysine,C6H15N2O2,147.1955,6,2,0,0
dpcoa_c,Dephospho-CoA,C21H33N7O13P2S,685.53834,21,7,1,2
oxptn_c,5-Oxopentanoate,C5H7O3,115.10728,5,0,0,0
arab__D_c,D Arabinose C5H10O5,C5H10O5,150.1299,5,0,0,0
rbl__D_c,D-Ribulose,C5H10O5,150.1299,5,0,0,0
arab__D_e,D Arabinose C5H10O5,C5H10O5,150.1299,5,0,0,0
rbl__L_c,L-Ribulose,C5H10O5,150.1299,5,0,0,0
arab__L_p,L-Arabinose,C5H10O5,150.1299,5,0,0,0
fe3_e,Fe3+,Fe,55.845,0,0,0,0
fe2_c,Fe2+,Fe,55.845,0,0,0,0
fmnh2_c,Reduced FMN,C17H21N4O9P,456.3438,17,4,0,1
arg__L_p,L-Arginine,C6H15N4O2,175.2089,6,4,0,0
co2_p,CO2,CO2,44.0095,1,0,0,0
citr__L_c,L-Citrulline,C6H13N3O3,175.18572,6,3,0,0
lys__L_e,L-Lysine,C6H15N2O2,147.1955,6,2,0,0
orn_e,Ornithine,C5H13N2O2,133.16892,5,2,0,0
orn_p,Ornithine,C5H13N2O2,133.16892,5,2,0,0
argsuc_c,N(omega)-(L-Arginino)succinate,C10H17N4O6,289.26518,10,4,0,0
phe__L_c,L-Phenylalanine,C9H11NO2,165.18914,9,1,0,0
so4_c,Sulfate,O4S,96.0626,0,0,1,0
4pasp_c,4-Phospho-L-aspartate,C4H6NO7P,211.0667,4,1,0,1
aspsa_c,L-Aspartate 4-semialdehyde,C4H7NO3,117.10328,4,1,0,0
asp__L_e,L-Aspartate,C4H6NO4,132.09474,4,1,0,0
asp__L_p,L-Aspartate,C4H6NO4,132.09474,4,1,0,0
cbasp_c,N-Carbamoyl-L-aspartate,C5H6N2O5,174.11154,5,2,0,0
cbp_c,Carbamoyl phosphate,CH2NO5P,139.00404,1,1,0,1
k_c,Potassium,K,39.0983,0,0,0,0
k_e,Potassium,K,39.0983,0,0,0,0
iasp_c,Iminoaspartate,C4H3NO4,129.07092,4,1,0,0
q8_c,Ubiquinone-8,C49H74O4,727.10946,49,0,0,0
q8h2_c,Ubiquinol-8,C49H76O4,729.12534,49,0,0,0
pro__L_e,L-Proline,C5H9NO2,115.13046,5,1,0,0
gthox_c,Oxidized glutathione,C20H28N6O12S2,608.59932,20,6,2,0
gthrd_c,Reduced glutathione,C10H15N3O6S,305.3076,10,3,1,0
athr__L_c,L-Allo-threonine,C4H9NO3,119.11916,4,1,0,0
prbatp_c,1-(5-Phosphoribosyl)-ATP,C15H19N5O20P4,713.22791,15,5,0,4
btn_c,Biotin,C10H15N2O3S,243.3027,10,2,1,0
mql6_c,Menaquinol 6,C41H58O2,582.89802,41,0,0,0
bz_c,Benzoate,C7H5O2,121.1134,7,0,0,0
ile__L_c,L-Isoleucine,C6H13NO2,131.17292,6,1,0,0
gdpmann_c,GDP-D-mannose,C16H23N5O16P2,603.32524,16,5,0,2
betald_c,Betaine aldehyde,C5H12NO,102.15488,5,1,0,0
glyb_c,Glycine betaine,C5H11NO2,117.14634,5,1,0,0
suc6p_c,Sucrose 6-phosphate,C12H21O14P,420.2605,12,0,0,1
cellb_e,Cellobiose,C12H22O11,342.29648,12,0,0,0
cellb_c,Cellobiose,C12H22O11,342.29648,12,0,0,0
6pgg_c,6pgg c,C12H21O14P,420.2605,12,0,0,1
dmgly_c,"N,N-Dimethylglycine",C4H9NO2,103.11976,4,1,0,0
udpglcur_c,UDP-D-glucuronate,C15H19N2O18P2,577.26148,15,2,0,2
e4p_c,D-Erythrose 4-phosphate,C4H7O7P,198.06794,4,0,0,1
bmoco_c,Bis-molybdenum cofactor,C20H20N10O13P2S4Mo,894.59952,20,10,4,2
cu2_c,Cu2+,Cu,63.546,0,0,0,0
moco_c,Molybdenum cofactor,C10H10N5O8PS2Mo,519.27886,10,5,2,1
mptamp_c,Adenylated molybdopterin,C20H22N10O12P2S2Cu,784.072,20,10,2,2
bmoco1gdp_c,Bis-molybdopterin mono-guanine dinucleotide,C30H32N15O20P3S4Mo,1239.80487,30,15,4,3
bmocogdp_c,Bis-molybdopterin guanine dinucleotide,C40H44N20O27P4S4Mo,1585.01021,40,20,4,4
sbzcoa_c,O-Succinylbenzoyl-CoA,C32H39N7O20P3S,966.67325,32,7,1,3
btd_RR_c, R R  2 3 Butanediol C4H10O2,C4H10O2,90.121,4,0,0,0
dtbt_c,Dethiobiotin,C10H17N2O3,213.25358,10,2,0,0
s_c,Sulfur,S,32.065,0,0,1,0
2fe1s_c,[2Fe-1S] desulfurated iron-sulfur cluster,SFe2,143.755,0,0,1,0
2fe2s_c,[2Fe-2S] iron-sulfur cluster,S2Fe2,175.82,0,0,2,0
buts_c,Butanesulfonate C4H9O3S,C4H9O3S,137.17746,4,0,1,0
buts_e,Butanesulfonate C4H9O3S,C4H9O3S,137.17746,4,0,1,0
but_e,Butyrate (n-C4:0),C4H7O2,87.09718,4,0,0,0
bz12diol_c,"Cis-1,2-Dihydroxycyclohexa-3,5-diene-1-carboxylate",C7H7O4,155.12808,7,0,0,0
bzal_c,Benzaldehyde,C7H6O,106.12194,7,0,0,0
bzal_p,Benzaldehyde,C7H6O,106.12194,7,0,0,0
bzal_e,Benzaldehyde,C7H6O,106.12194,7,0,0,0
catechol_c,Catechol,C6H6O2,110.11064,6,0,0,0
bz_e,Benzoate,C7H5O2,121.1134,7,0,0,0
3hdcoa_c,(S)-3-Hydroxydecanoyl-CoA,C31H50N7O18P3S,933.75109,31,7,1,3
3hddcoa_c,(S)-3-Hydroxydodecanoyl-CoA,C33H54N7O18P3S,961.80425,33,7,1,3
3htdcoa_c,(S)-3-Hydroxytetradecanoyl-CoA,C35H58N7O18P3S,989.85741,35,7,1,3
ivcoa_c,Isovaleryl-CoA,C26H40N7O17P3S,847.61879,26,7,1,3
ca2_c,Calcium,Ca,40.078,0,0,0,0
ca2_e,Calcium,Ca,40.078,0,0,0,0
ca2_p,Calcium,Ca,40.078,0,0,0,0
fdxox_c,Oxidized ferredoxin,Fe8S8X,703.28,0,0,8,0
fdxrd_c,Reduced ferredoxin,Fe8S8XH2,705.29588,0,0,8,0
lys__L_p,L-Lysine,C6H15N2O2,147.1955,6,2,0,0
ccmuac_c,"Cis,cis-Muconate",C6H4O4,140.09356,6,0,0,0
pqh2_p,Plastoquinol,C53H82O2,751.21698,53,0,0,0
pq_p,Plastoquinone,C53H80O2,749.2011,53,0,0,0
ficytc6_p,Ferricytochrome c6,R,0.0,0,0,0,0
focytc6_p,Ferrocytochrome c6,RH2,2.01588,0,0,0,0
pcox_p,Plastocyanin(Cu2+),R,0.0,0,0,0,0
pcrd_p,Plastocyanin(Cu+),RH2,2.01588,0,0,0,0
cbm_c,Carbamate,CH2NO2,60.03208,1,1,0,0
cd2_c,Cadmium,Cd,112.411,0,0,0,0
cd2_e,Cadmium,Cd,112.411,0,0,0,0
cd2_p,Cadmium,Cd,112.411,0,0,0,0
k_p,Potassium,K,39.0983,0,0,0,0
cdpdddecg_c,"CDP-1,2-didodecanoylglycerol",C36H63N3O15P2,839.84404,36,3,0,2
cdpdtdecg_c,"CDP-1,2-ditetradecanoylglycerol",C40H71N3O15P2,895.95036,40,3,0,2
cdpdtdec7eg_c,"CDP-1,2-ditetradec-7-enoylglycerol",C40H67N3O15P2,891.9186,40,3,0,2
cdpdhdecg_c,"CDP-1,2-dihexadecanoylglycerol",C44H79N3O15P2,952.05668,44,3,0,2
cdpdhdec9eg_c,"CDP-1,2-dihexadec-9-enoylglycerol",C44H75N3O15P2,948.02492,44,3,0,2
cdpdodecg_c,"CDP-1,2-dioctadecanoylglycerol",C48H87N3O15P2,1008.163,48,3,0,2
cdpdodec11eg_c,"CDP-1,2-dioctadec-11-enoylglycerol",C48H83N3O15P2,1004.13124,48,3,0,2
flxr_c,Flavodoxin reduced,XH,1.00794,0,0,0,0
flxso_c,Flavodoxin semi oxidized,XH,1.00794,0,0,0,0
cdigmp_c,Cyclic diguanosine monophosphate,C20H22N10O14P2,688.3948,20,10,0,2
5pg35pg_c,5-Phosphoguanylyl(3->5)guanosine,C20H23N10O15P2,705.40214,20,10,0,2
cdp4dh6doglc_c,CDP-4-dehydro-6-deoxy-D-glucose,C15H21N3O15P2,545.28586,15,3,0,2
cdp4dh36ddglc_c,CDP-4-dehydro-3-6-dideoxy-D-glucose,C15H21N3O14P2,529.28646,15,3,0,2
cdpabeq_c,CDP-abequose,C15H23N3O14P2,531.30234,15,3,0,2
cdpglc_c,CDP-glucose,C15H23N3O16P2,563.30114,15,3,0,2
cdp_c,CDP,C9H12N3O11P2,400.1526,9,3,0,2
ptd1ino160_c,Phosphatidyl 1D myo inositol,C41H78O13P,810.02398,41,0,0,1
cgly_p,Cys-Gly,C5H10N2O3S,178.2095,5,2,1,0
chol_c,Choline,C5H14NO,104.17076,5,1,0,0
chols_c,Choline sulfate,C5H13NO4S,183.22602,5,1,1,0
chols_p,Choline sulfate,C5H13NO4S,183.22602,5,1,1,0
chols_e,Choline sulfate,C5H13NO4S,183.22602,5,1,1,0
pphn_c,Prephenate,C10H8O6,224.16692,10,0,0,0
3psme_c,5-O-(1-Carboxyvinyl)-3-phosphoshikimate,C10H9O10P,320.14622,10,0,0,1
cit_e,Citrate,C6H5O7,189.0997,6,0,0,0
mg2_c,Magnesium,Mg,24.305,0,0,0,0
mg2_e,Magnesium,Mg,24.305,0,0,0,0
mn2_c,Mn2+,Mn,54.93805,0,0,0,0
mn2_e,Mn2+,Mn,54.93805,0,0,0,0
ni2_c,Nickel,Ni,58.6934,0,0,0,0
cobalt2_c,Co2+,Co,58.93319,0,0,0,0
cobalt2_e,Co2+,Co,58.93319,0,0,0,0
zn2_c,Zinc,Zn,65.38,0,0,0,0
zn2_e,Zinc,Zn,65.38,0,0,0,0
succ_e,Succinate,C4H4O4,116.07216,4,0,0,0
oxa_c,Oxalate,C2O4,88.019,2,0,0,0
pa120_p,"1,2-didodecanoyl-sn-glycerol 3-phosphate",C27H51O8P1,534.6628,27,0,0,1
pg120_p,"Phosphatidylglycerol (didodecanoyl, n-C12:0)",C30H58O10P1,609.74928,30,0,0,1
pa140_p,"1,2-ditetradecanoyl-sn-glycerol 3-phosphate",C31H59O8P1,590.76912,31,0,0,1
pg140_p,"Phosphatidylglycerol (ditetradecanoyl, n-C14:0)",C34H66O10P1,665.8556,34,0,0,1
pa141_p,"1,2-ditetradec-7-enoyl-sn-glycerol 3-phosphate",C31H55O8P1,586.73736,31,0,0,1
pg141_p,"Phosphatidylglycerol (ditetradec-7-enoyl, n-C14:1)",C34H62O10P1,661.82384,34,0,0,1
pa160_p,"1,2-dihexadecanoyl-sn-glycerol 3-phosphate",C35H67O8P,646.87544,35,0,0,1
pa161_p,"1,2-dihexadec-9-enoyl-sn-glycerol 3-phosphate",C35H63O8P1,642.84368,35,0,0,1
pg161_p,"Phosphatidylglycerol (dihexadec-9-enoyl, n-C16:1)",C38H70O10P1,717.93016,38,0,0,1
pa180_p,"1,2-dioctadecanoyl-sn-glycerol 3-phosphate",C39H75O8P1,702.98176,39,0,0,1
pg180_p,"Phosphatidylglycerol (dioctadecanoyl, n-C18:0)",C42H82O10P1,778.06824,42,0,0,1
pa181_p,"1,2-dioctadec-11-enoyl-sn-glycerol 3-phosphate",C39H71O8P1,698.95,39,0,0,1
pg181_p,"Phosphatidylglycerol (dioctadec-11-enoyl, n-C18:1)",C42H78O10P1,774.03648,42,0,0,1
fe3_c,Fe3+,Fe,55.845,0,0,0,0
csn_c,Cytosine,C4H5N3O,111.102,4,3,0,0
co2_e,CO2,CO2,44.0095,1,0,0,0
cobalt2_p,Co2+,Co,58.93319,0,0,0,0
fdox_c,Ferredoxin (oxidized) 2[4Fe-4S],Fe8S8X,703.28,0,0,8,0
fdred_c,Ferredoxin (reduced) 2[4Fe-4S],Fe8S8X,703.28,0,0,8,0
co_e,Carbon monoxide,CO,28.0101,1,0,0,0
cpmp_c,Cyclic pyranopterin monophosphate,C10H13N5O8P,362.21268,10,5,0,1
cpppg3_c,Coproporphyrinogen III,C36H40N4O8,656.7248,36,4,0,0
pppg9_c,Protoporphyrinogen IX,C34H38N4O4,566.68992,34,4,0,0
4crsol_p,P-Cresol,C7H8O,108.13782,7,0,0,0
4crsol_e,P-Cresol,C7H8O,108.13782,7,0,0,0
crn__D_c,D-Carnitine,C7H15NO3,161.1989,7,1,0,0
crn__D_p,D-Carnitine,C7H15NO3,161.1989,7,1,0,0
cro4_c,Chromate,CrO4,115.9937,0,0,0,0
cro4_p,Chromate,CrO4,115.9937,0,0,0,0
ura_c,Uracil,C4H4N2O2,112.08676,4,2,0,0
spmd_c,Spermidine,C7H22N3,148.26968,7,3,0,0
tdecoa_c,Tetradecenoyl-CoA (n-C14:1CoA),C35H56N7O17P3S,971.84213,35,7,1,3
utp_c,UTP,C9H11N2O15P3,480.10933,9,2,0,3
cu2_p,Cu2+,Cu,63.546,0,0,0,0
cu2_e,Cu2+,Cu,63.546,0,0,0,0
so3_p,Sulfite,SO3,80.0632,0,0,1,0
focytc_c,Ferrocytochrome c C42H53FeN8O6S2,C42H53FeN8O6S2,885.89522,42,8,2,0
ficytc_c,Ferricytochrome c C42H52FeN8O6S2,C42H52FeN8O6S2,884.88728,42,8,2,0
q_c,Ubiquinone,C14H18O4,250.29032,14,0,0,0
qh2_c,Ubiquinol,C14H20O4,252.3062,14,0,0,0
ficytC_c,Ferricytochrome c,C42FeH54N8O6S2,886.90316,42,8,2,0
focytC_c,Ferrocytochrome C,C42FeH54N8O6S2,886.90316,42,8,2,0
mqn7_c,Menaquinone 7 C46H64O2,C46H64O2,648.99916,46,0,0,0
cys__L_p,L-Cysteine,C3H7NO2S,121.15818,3,1,1,0
o2_e,O2,O2,31.9988,0,0,0,0
mercppyr_c,Mercaptopyruvate,C3H3O3S,119.11912,3,0,1,0
cyst__L_c,L-Cystathionine,C7H14N2O4S,222.26206,7,2,1,0
cysth__L_c,L Cystathionine C7H14N2O4S,C7H14N2O4S,222.26206,7,2,1,0
glu__L_e,L-Glutamate,C5H8NO4,146.12132,5,1,0,0
cytd_e,Cytidine,C9H13N3O5,243.21662,9,3,0,0
dcdp_c,DCDP,C9H12N3O10P2,384.1532,9,3,0,2
dctp_c,DCTP,C9H12N3O13P3,463.12517,9,3,0,3
diact_e,Diacetyl,C4H6O2,86.08924,4,0,0,0
dad_2_c,Deoxyadenosine,C10H13N5O3,251.24192,10,5,0,0
din_c,Deoxyinosine,C10H12N4O4,252.22668,10,4,0,0
26dap__M_c,"Meso-2,6-Diaminoheptanedioate",C7H14N2O4,190.19706,7,2,0,0
arab__D_p,D Arabinose C5H10O5,C5H10O5,150.1299,5,0,0,0
ditp_c,DITP,C10H11N4O13P3,488.13463,10,4,0,3
nicrnt_c,Nicotinate D-ribonucleotide,C11H12NO9P,333.18804,11,1,0,1
dca_e,Decanoate (n-C10:0),C10H19O2,171.25666,10,0,0,0
dca_p,Decanoate (n-C10:0),C10H19O2,171.25666,10,0,0,0
dump_c,DUMP,C9H11N2O8P,306.166,9,2,0,1
frdp_c,Farnesyl diphosphate,C15H25O7P2,379.30232,15,0,0,2
ipdp_c,Isopentenyl diphosphate,C5H9O7P2,243.06828,5,0,0,2
dutp_c,DUTP,C9H11N2O14P3,464.10993,9,2,0,3
duri_c,Deoxyuridine,C9H12N2O5,228.20198,9,2,0,0
dcyt_e,Deoxycytidine,C9H13N3O4,227.21722,9,3,0,0
ddca_p,Dodecanoate (n-C12:0),C12H23O2,199.30982,12,0,0,0
2ddg6p_c,2-Dehydro-3-deoxy-D-gluconate 6-phosphate,C6H8O9P,255.09608,6,0,0,1
g3p_c,Glyceraldehyde 3-phosphate,C3H5O6P,168.04196,3,0,0,1
decdp_c,All trans Decaprenyl diphosphate,C50H81O7P2,856.12146,50,0,0,2
fdxo_2_2_c,Oxidized ferredoxin,Fe8S8X,703.28,0,0,8,0
dextrin_c,Dextrin C12H20O10,C12H20O10,324.2812,12,0,0,0
gal_c,D-Galactose,C6H12O6,180.15588,6,0,0,0
dgmp_c,DGMP,C10H12N5O7P,345.20534,10,5,0,1
dgsn_c,Deoxyguanosine,C10H13N5O4,267.24132,10,5,0,0
2o3mpt_c, R  2 Oxo 3 methylpentanoate C6H9O3,C6H9O3,129.13386,6,0,0,0
dhf_c,"7,8-Dihydrofolate",C19H19N7O6,441.39746,19,7,0,0
dhpt_c,Dihydropteroate,C14H13N6O3,313.29142,14,6,0,0
dhna_c,"1,4-Dihydroxy-2-naphthoate",C11H7O4,203.17088,11,0,0,0
octdp_c,All-trans-Octaprenyl diphosphate,C40H65O7P2,719.88742,40,0,0,2
14dhncoa_c,"1,4-dihydroxy-2-napthoyl-CoA",C32H38N7O19P3S,949.66591,32,7,1,3
6hmhpt_c,6-hydroxymethyl dihydropterin,C7H9N5O2,195.17866,7,5,0,0
dhor__S_c,(S)-Dihydroorotate,C5H5N2O4,157.1042,5,2,0,0
orot_c,Orotate,C5H3N2O4,155.08832,5,2,0,0
dhpmp_c,Dihydroneopterin monophosphate,C9H12N5O7P,333.19464,9,5,0,1
56dura_c,"5,6-dihydrouracil",C4H6N2O2,114.10264,4,2,0,0
mlthf_c,"5,10-Methylenetetrahydrofolate",C20H21N7O6,455.42404,20,7,0,0
6hmhptpp_c,6-hydroxymethyl-dihydropterin pyrophosphate,C7H8N5O8P2,352.11464,7,5,0,2
3dhq_c,3-Dehydroquinate,C7H9O6,189.14276,7,0,0,0
3dhsk_c,3-Dehydroshikimate,C7H7O5,171.12748,7,0,0,0
dimp_c,DIMP,C10H11N4O7P,330.1907,10,4,0,1
fdp_c,"D-Fructose 1,6-bisphosphate",C6H10O12P2,336.08392,6,0,0,2
dmpp_c,Dimethylallyl diphosphate,C5H9O7P2,243.06828,5,0,0,2
grdp_c,Geranyl diphosphate,C10H17O7P2,311.1853,10,0,0,2
sarcs_c,Sarcosine,C3H7NO2,89.09318,3,1,0,0
dnad_c,Deamino-NAD+,C21H24N6O15P2,662.39398,21,6,0,2
dudp_c,DUDP,C9H11N2O11P2,385.13796,9,2,0,2
dttp_c,DTTP,C10H13N2O14P3,478.13651,10,2,0,3
5dpmev_c, R  5 Diphosphomevalonate C6H10O10P2,C6H10O10P2,304.08512,6,0,0,2
pant__R_c,(R)-Pantoate,C6H11O4,147.14914,6,0,0,0
2dr5p_c,2-Deoxy-D-ribose 5-phosphate,C5H9O7P,212.09452,5,0,0,1
drib_e,Deoxyribose C5H10O4,C5H10O4,134.1305,5,0,0,0
gthrd_p,Reduced glutathione,C10H15N3O6S,305.3076,10,3,1,0
2amsa_c,2-Aminomalonate semialdehyde,C3H5NO3,103.0767,3,1,0,0
ser__D_c,D-Serine,C3H7NO3,105.09258,3,1,0,0
dtmp_c,DTMP,C10H13N2O8P,320.19258,10,2,0,1
dxyl5p_c,1-deoxy-D-xylulose 5-phosphate,C5H9O7P,212.09452,5,0,0,1
dxyl_c,1-deoxy-D-xylulose,C5H10O4,134.1305,5,0,0,0
dxyl_e,1-deoxy-D-xylulose,C5H10O4,134.1305,5,0,0,0
dxyl_p,1-deoxy-D-xylulose,C5H10O4,134.1305,5,0,0,0
4per_c,4-Phospho-D-erythronate,C4H6O8P,213.0594,4,0,0,1
udcpdp_c,Undecaprenyl diphosphate,C55H89O7P2,924.23848,55,0,0,2
3hbcoa_c,(S)-3-Hydroxybutanoyl-CoA,C25H38N7O18P3S,849.59161,25,7,1,3
3hbycoa_c, S  3 Hydroxybutyryl CoA C25H38N7O18P3S,C25H38N7O18P3S,849.59161,25,7,1,3
3hhcoa_c,(S)-3-Hydroxyhexanoyl-CoA,C27H42N7O18P3S,877.64477,27,7,1,3
3hocoa_c,(S)-3-Hydroxyoctanoyl-CoA,C29H46N7O18P3S,905.69793,29,7,1,3
3hhdcoa_c,(S)-3-Hydroxyhexadecanoyl-CoA,C37H62N7O18P3S,1017.91057,37,7,1,3
3hmbcoa_c,(S)-3-Hydroxy-2-methylbutyryl-CoA,C26H40N7O18P3S,863.61819,26,7,1,3
kdo2lipid4_c,KDO(2)-lipid IV(A),C84H148N2O37P2,1840.01264,84,2,0,2
kdo2lipid4L_c,KDO(2)-lipid IV(A) with laurate,C96H170N2O38P2,2022.31512,96,2,0,2
lipa_c,KDO(2)-lipid (A),C110H196N2O39P2,2232.67076,110,2,0,2
omclo_e,Outer Membrane Cytochrome c type oxidized (low potential),C42H54FeN8O6S2,886.90316,42,8,2,0
omclr_e,Outer Membrane Cytochrome c type reduced 1(low potential),C42H54FeN8O6S2,886.90316,42,8,2,0
enter_c,Enterochelin,C30H27N3O15,669.54648,30,3,0,0
feenter_c,Fe-enterobactin,C30H27FeN3O15,725.39148,30,3,0,0
entermg_c,Enterobactin monoglycosylated,C36H37N3O20,831.68708,36,3,0,0
salchs4_c,Salmochelin-S4,C42H47N3O25,993.82768,42,3,0,0
galur_e,D-Galacturonate,C6H9O7,193.13146,6,0,0,0
trp__L_c,L-Tryptophan,C11H12N2O2,204.22518,11,2,0,0
val__L_c,L-Valine,C5H11NO2,117.14634,5,1,0,0
tyr__L_c,L-Tyrosine,C9H11NO3,181.18854,9,1,0,0
etha_c,Ethanolamine,C2H8NO,62.09102,2,1,0,0
etha_e,Ethanolamine,C2H8NO,62.09102,2,1,0,0
eths_c,Ethanesulfonate C2H5O3S,C2H5O3S,109.1243,2,0,1,0
eths_e,Ethanesulfonate C2H5O3S,C2H5O3S,109.1243,2,0,1,0
fru_c,D-Fructose,C6H12O6,180.15588,6,0,0,0
ttdca_p,Tetradecanoate (n-C14:0),C14H27O2,227.36298,14,0,0,0
ttdcea_p,Tetradecenoate (n-C14:1),C14H25O2,225.3471,14,0,0,0
hdca_p,Hexadecanoate (n-C16:0),C16H31O2,255.41614,16,0,0,0
hdcea_p,Hexadecenoate (n-C16:1),C16H29O2,253.40026,16,0,0,0
ocdca_p,Octadecanoate (n-C18:0),C18H35O2,283.4693,18,0,0,0
ocdcea_p,Octadecenoate (n-C18:1),C18H33O2,281.45342,18,0,0,0
hxa_p,Hexanoate (n-C6:0),C6H11O2,115.15034,6,0,0,0
octa_p,Octanoate (n-C8:0),C8H15O2,143.2035,8,0,0,0
mmcoa__S_c,(S)-Methylmalonyl-CoA,C25H35N7O19P3S,862.56719,25,7,1,3
f1p_c,D-Fructose 1-phosphate,C6H11O9P,258.1199,6,0,0,1
s17bp_c,"Sedoheptulose 1,7-bisphosphate",C7H12O13P2,366.1099,7,0,0,2
pheme_c,Protoheme,C34FeH30N4O4,614.4714,34,4,0,0
ppp9_c,Protoporphyrin,C34H32N4O4,560.64228,34,4,0,0
forcoa_c,Formyl-CoA,C22H32N7O17P3S,791.51247,22,7,1,3
fmnRD_c,Flavin mononucleotide reduced C17H21N4O9P,C17H21N4O9P,456.3438,17,4,0,1
mso3_c,Methanesulfonate,CH3O3S,95.09772,1,0,1,0
hexs_c,Hexanesulfonate C6H13O3S,C6H13O3S,165.23062,6,0,1,0
taur_c,Taurine,C2H6NO3S,124.13894,2,1,1,0
sula_c,Sulfoacetate C2H2O5S,C2H2O5S,138.09928,2,0,1,0
istnt_c,Isethionate C2H5O4S,C2H5O4S,125.1237,2,0,1,0
fe2_e,Fe2+,Fe,55.845,0,0,0,0
fe2_p,Fe2+,Fe,55.845,0,0,0,0
fe3_p,Fe3+,Fe,55.845,0,0,0,0
feenter_p,Fe-enterobactin,C30H27FeN3O15,725.39148,30,3,0,0
feenter_e,Fe-enterobactin,C30H27FeN3O15,725.39148,30,3,0,0
4fe4s_c,[4Fe-4S] iron-sulfur cluster,S4Fe4,351.64,0,0,4,0
n2o_c,Nitrous oxide,N2O,44.0128,0,2,0,0
tre6p_c,"Alpha,alpha'-Trehalose 6-phosphate",C12H21O14P,420.2605,12,0,0,1
forglu_c,N-Formimidoyl-L-glutamate,C6H9N2O4,173.14666,6,2,0,0
frmd_c,Formamide,CH3NO,45.04062,1,1,0,0
fldox_c,Flavodoxin (oxidized) - obsolete,X,0.0,0,0,0,0
fldrd_c,Flavodoxin (reduced) - obsolete,XH2,2.01588,0,0,0,0
methf_c,"5,10-Methenyltetrahydrofolate",C20H20N7O6,454.4161,20,7,0,0
oxalcoa_c,Oxalyl-CoA,C23H31N7O19P3S,834.51403,23,7,1,3
fru_e,D-Fructose,C6H12O6,180.15588,6,0,0,0
fru_p,D-Fructose,C6H12O6,180.15588,6,0,0,0
fruur_c,D-Fructuronate,C6H9O7,193.13146,6,0,0,0
4fumacac_c,4 Fumarylacetoacetate C8H6O6,C8H6O6,198.12964,8,0,0,0
fum_e,Fumarate,C4H2O4,114.05628,4,0,0,0
gam1p_c,D-Glucosamine 1-phosphate,C6H13NO8P,258.14308,6,1,0,1
glc__D_p,D-Glucose,C6H12O6,180.15588,6,0,0,0
dtdpglu_c,DTDPglucose,C16H24N2O16P2,562.31308,16,2,0,2
glu1sa_c,L-Glutamate 1-semialdehyde,C5H9NO3,131.12986,5,1,0,0
glyc2p_c,Glycerol 2-phosphate,C3H7O6P,170.05784,3,0,0,1
glyc2p_p,Glycerol 2-phosphate,C3H7O6P,170.05784,3,0,0,1
g3pc_c,Sn-Glycero-3-phosphocholine,C8H20NO6P,257.22126,8,1,0,1
g3pc_p,Sn-Glycero-3-phosphocholine,C8H20NO6P,257.22126,8,1,0,1
g3pc_e,Sn-Glycero-3-phosphocholine,C8H20NO6P,257.22126,8,1,0,1
g3pe_c,Sn-Glycero-3-phosphoethanolamine,C5H14NO6P,215.14152,5,1,0,1
g3pe_p,Sn-Glycero-3-phosphoethanolamine,C5H14NO6P,215.14152,5,1,0,1
g3pg_c,Glycerophosphoglycerol,C6H14O8P,245.14432,6,0,0,1
g3pg_p,Glycerophosphoglycerol,C6H14O8P,245.14432,6,0,0,1
1pyr5c_c,1-Pyrroline-5-carboxylate,C5H6NO2,112.10664,5,1,0,0
glu5sa_c,L-Glutamate 5-semialdehyde,C5H9NO3,131.12986,5,1,0,0
glu5p_c,L-Glutamate 5-phosphate,C5H8NO7P,225.09328,5,1,0,1
g6p_B_c,Beta D glucose 6 phosphate C6H11O9P,C6H11O9P,258.1199,6,0,0,1
glcn_p,D-Gluconate,C6H11O7,195.14734,6,0,0,0
gal_e,D-Galactose,C6H12O6,180.15588,6,0,0,0
5dh4dglc_c,5-Dehydro-4-deoxy-D-glucarate,C6H6O7,190.10764,6,0,0,0
tagur_c,D-Tagaturonate,C6H9O7,193.13146,6,0,0,0
gal1p_c,Alpha-D-Galactose 1-phosphate,C6H11O9P,258.1199,6,0,0,1
galman4_c,"Galactomannan(n=4 repeat units mannose, alpha-1,4 man)",C24H42O21,666.57768,24,0,0,0
galman4_e,"Galactomannan(n=4 repeat units mannose, alpha-1,4 man)",C24H42O21,666.57768,24,0,0,0
galman6_c,"Galactomannan(n=6 repeat units mannose, alpha-1,4 man)",C36H62O31,990.85888,36,0,0,0
galman6_e,"Galactomannan(n=6 repeat units mannose, alpha-1,4 man)",C36H62O31,990.85888,36,0,0,0
melib_c,Melibiose,C12H22O11,342.29648,12,0,0,0
galt1p_c,Galactitol 1-phosphate,C6H13O9P,260.13578,6,0,0,1
galt_e,Galactitol,C6H14O6,182.17176,6,0,0,0
galur_c,D-Galacturonate,C6H9O7,193.13146,6,0,0,0
galur_p,D-Galacturonate,C6H9O7,193.13146,6,0,0,0
gam_e,D-Glucosamine,C6H14NO5,180.17906,6,1,0,0
fgam_c,N2-Formyl-N1-(5-phospho-D-ribosyl)glycinamide,C8H12N2O9P,311.16264,8,2,0,1
gar_c,N1-(5-Phospho-D-ribosyl)glycinamide,C7H14N2O8P,285.16842,7,2,0,1
glycogen_c,Glycogen,C6H10O5,162.1406,6,0,0,0
glyclt_c,Glycolate,C2H3O3,75.04342,2,0,0,0
alpro_c,S Aminomethyldihydrolipoylprotein CH6NS2X,CH6NS2X,96.19504,1,1,2,0
lpro_c,Lipoylprotein S2X,S2X,64.13,0,0,2,0
dhlpro_c,Dihydrolipolprotein H2S2X,H2S2X,66.14588,0,0,2,0
ppgpp_c,"Guanosine 3',5'-bis(diphosphate)",C10H11N5O17P4,597.11269,10,5,0,4
gdptp_c,Guanosine 3'-diphosphate 5'-triphosphate,C10H11N5O20P5,676.08465,10,5,0,5
gthrd_e,Reduced glutathione,C10H15N3O6S,305.3076,10,3,1,0
ghb_c,Gamma-hydroxybutyrate,C4H7O3,103.09658,4,0,0,0
glcur_c,D-Glucuronate,C6H9O7,193.13146,6,0,0,0
trpglcur_c,Tryptophanyl-beta-D-glucuronide,C17H20N2O8,380.3493,17,2,0,0
glcman4_c,"Glucomannan (n=4 repeat units, glc beta-1,4 man)",C24H42O21,666.57768,24,0,0,0
glcman4_e,"Glucomannan (n=4 repeat units, glc beta-1,4 man)",C24H42O21,666.57768,24,0,0,0
glcman6_c,"Glucomannan (n=6 repeat units, glc beta-1,4 man)",C36H62O31,990.85888,36,0,0,0
glcman6_e,"Glucomannan (n=6 repeat units, glc beta-1,4 man)",C36H62O31,990.85888,36,0,0,0
glutar_c,Glutarate,C5H6O4,130.09874,5,0,0,0
glutcoa_c,Glutaryl-CoA,C26H37N7O19P3S,876.59377,26,7,1,3
2h3oppan_c,2-Hydroxy-3-oxopropanoate,C3H3O4,103.05352,3,0,0,0
glcr_e,D-Glucarate,C6H8O8,208.12292,6,0,0,0
glcur_p,D-Glucuronate,C6H9O7,193.13146,6,0,0,0
uaagmda_c,"Undecaprenyl-diphospho-N-acetylmuramoyl-(N-acetylglucosamine)-L-ala-D-glu-meso-2,6-diaminopimeloyl-D-ala-D-ala",C95H152N8O28P2,1916.2077,95,8,0,2
glu__L_p,L-Glutamate,C5H8NO4,146.12132,5,1,0,0
pram_c,5-Phospho-beta-D-ribosylamine,C5H11NO7P,228.1171,5,1,0,1
glutrna_c,L-Glutamyl-tRNA(Glu),C20H28N6O13PR,591.44248,20,6,0,1
trnaglu_c,TRNA (Glu),C15H21N5O10PR,462.3285,15,5,0,1
glyc3p_e,Glycerol 3-phosphate,C3H7O6P,170.05784,3,0,0,1
gly_p,Glycine,C2H5NO2,75.0666,2,1,0,0
glyald_e,D-Glyceraldehyde,C3H6O3,90.07794,3,0,0,0
glyb_e,Glycine betaine,C5H11NO2,117.14634,5,1,0,0
glyc2p_e,Glycerol 2-phosphate,C3H7O6P,170.05784,3,0,0,1
glyc3p_p,Glycerol 3-phosphate,C3H7O6P,170.05784,3,0,0,1
glycogen1500_e,"Glycogen (n=1500 repeat units) (glc alpha 1,4/6 glc)",C9000H15002O7501,243228.91528,9000,0,0,0
hpyr_c,Hydroxypyruvate,C3H3O4,103.05352,3,0,0,0
glyc_e,Glycerol,C3H8O3,92.09382,3,0,0,0
lgt__S_c,(R)-S-Lactoylglutathione,C13H19N3O8S,377.37026,13,3,1,0
xmp_c,Xanthosine 5'-phosphate,C10H11N4O9P,362.1895,10,4,0,1
gua_c,Guanine,C5H5N5O,151.1261,5,5,0,0
xtp_c,XTP,C10H11N4O15P3,520.13343,10,4,0,3
xan_c,Xanthine,C5H4N4O2,152.11086,5,4,0,0
h2s_e,Hydrogen sulfide,H2S,34.08088,0,0,1,0
h2s_p,Hydrogen sulfide,H2S,34.08088,0,0,1,0
2maacoa_c,2-Methyl-3-acetoacetyl-CoA,C26H38N7O18P3S,861.60231,26,7,1,3
3ophb_c,3-Octaprenyl-4-hydroxybenzoate,C47H69O3,682.04896,47,0,0,0
histd_c,L-Histidinol,C6H12N3O,142.17898,6,3,0,0
hemeO_c,Heme O,C49H56FeN4O5,836.83774,49,4,0,0
hexs_e,Hexanesulfonate C6H13O3S,C6H13O3S,165.23062,6,0,1,0
hg2_c,Hg2+,Hg,200.59,0,0,0,0
hg2_p,Hg2+,Hg,200.59,0,0,0,0
hg2_e,Hg2+,Hg,200.59,0,0,0,0
4mlacac_c,4 Maleylacetoacetate C8H6O6,C8H6O6,198.12964,8,0,0,0
2ohed_c,"2-Oxohept-3-ene-1,7-dioate",C7H6O5,170.11954,7,0,0,0
mmalsa__R_c, 2R  2 Methyl 3 oxopropanoate C4H5O3,C4H5O3,101.0807,4,0,0,0
mmtsa_c,(S)-Methylmalonate semialdehyde,C4H5O3,101.0807,4,0,0,0
his__L_e,L-Histidine,C6H9N3O2,155.15456,6,3,0,0
his__L_p,L-Histidine,C6H9N3O2,155.15456,6,3,0,0
urcan_c,Urocanate,C6H5N2O2,137.1161,6,2,0,0
hmbil_c,Hydroxymethylbilane,C40H38N4O17,846.74632,40,4,0,0
ppbng_c,Porphobilinogen,C10H13N2O4,225.22122,10,2,0,0
hmgcoa_c,Hydroxymethylglutaryl CoA C27H39N7O20P3S,C27H39N7O20P3S,906.61975,27,7,1,3
mev__R_c, R  Mevalonate C6H11O4,C6H11O4,147.14914,6,0,0,0
hom__L_c,L-Homoserine,C4H9NO3,119.11916,4,1,0,0
4hphac_e,4-Hydroxyphenylacetate,C8H7O3,151.13938,8,0,0,0
phom_c,O-Phospho-L-homoserine,C4H8NO6P,197.08318,4,1,0,1
suchms_c,O-Succinyl-L-homoserine,C8H12NO6,218.18398,8,1,0,0
pydam_c,Pyridoxamine,C8H13N2O2,169.20102,8,2,0,0
taur_e,Taurine,C2H6NO3S,124.13894,2,1,1,0
iscs_c,IscS sulfur acceptor protein,HSR,33.07294,0,0,1,0
iscssh_c,IscS with bound sulfur,HS2R,65.13794,0,0,2,0
iscu_c,IscU scaffold protein,H8O2S6R,232.45232,0,0,6,0
iscu_2fe2s_c,IscU with bound [2Fe-2S] cluster,H4O2S8Fe2R,404.24056,0,0,8,0
iscu_2fe2s2_c,IscU with two bound [2Fe-2S] clusters,O2S10Fe4R,576.0288,0,0,10,0
iscu_4fe4s_c,IscU with bound [4Fe-4S] cluster,H4O2S10Fe4R,580.06056,0,0,10,0
mi1p__D_c,1D-myo-Inositol 1-phosphate,C6H11O9P,258.1199,6,0,0,1
eig3p_c,D-erythro-1-(Imidazol-4-yl)glycerol 3-phosphate,C6H9N2O6P,236.11922,6,2,0,1
prlp_c,5-[(5-phospho-1-deoxyribulos-1-ylamino)methylideneamino]-1-(5-phosphoribosyl)imidazole-4-carboxamide,C15H21N5O15P2,573.29926,15,5,0,2
2cpr5p_c,1-(2-Carboxyphenylamino)-1-deoxy-D-ribulose 5-phosphate,C12H13NO9P,346.20668,12,1,0,1
3ig3p_c,C'-(3-Indolyl)-glycerol 3-phosphate,C11H12NO6P,285.18984,11,1,0,1
ile__L_e,L-Isoleucine,C6H13NO2,131.17292,6,1,0,0
ile__L_p,L-Isoleucine,C6H13NO2,131.17292,6,1,0,0
2ippm_c,2-Isopropylmaleate,C7H8O4,156.13602,7,0,0,0
indole_c,Indole,C8H7N,117.14788,8,1,0,0
indpyr_c,Indolepyruvate C11H8NO3,C11H8NO3,202.18612,11,1,0,0
inost_e,Myo-Inositol,C6H12O6,180.15588,6,0,0,0
phpyr_c,Phenylpyruvate,C9H7O3,163.15008,9,0,0,0
istnt_e,Isethionate C2H5O4S,C2H5O4S,125.1237,2,0,1,0
kdo2lipid4_e,KDO(2)-lipid IV(A),C84H148N2O37P2,1840.01264,84,2,0,2
kdo2lipid4_p,KDO(2)-lipid IV(A),C84H148N2O37P2,1840.01264,84,2,0,2
ckdo_c,CMP-3-deoxy-D-manno-octulosonate,C17H24N3O15P,541.35732,17,3,0,1
kdo_c,3-Deoxy-D-manno-2-octulosonate,C8H13O8,237.18402,8,0,0,0
kdo8p_c,3-Deoxy-D-manno-octulosonate 8-phosphate,C8H12O11P,315.14804,8,0,0,1
Larab_e,Alpha L Arabinan C15H24O12,C15H24O12,396.34386,15,0,0,0
lcts_e,Lactose,C12H22O11,342.29648,12,0,0,0
lcts_c,Lactose,C12H22O11,342.29648,12,0,0,0
leu__L_p,L-Leucine,C6H13NO2,131.17292,6,1,0,0
lipa_e,KDO(2)-lipid (A),C110H196N2O39P2,2232.67076,110,2,0,2
lipa_p,KDO(2)-lipid (A),C110H196N2O39P2,2232.67076,110,2,0,2
lipopb_c,Lipoate (protein bound),C8H13OS2,189.31822,8,0,2,0
octapb_c,Octanoate (protein bound),C8H15O,127.2041,8,0,0,0
lipidAds_c,Lipid A Disaccharide,C68H127N2O20P,1323.71114,68,2,0,1
lipidX_c,"2,3-Bis(3-hydroxytetradecanoyl)-beta-D-glucosaminyl 1-phosphate",C34H64NO12P,709.84522,34,1,0,1
u23ga_c,"UDP-2,3-bis(3-hydroxytetradecanoyl)glucosamine",C43H75N3O20P2,1016.01122,43,3,0,2
1tdecg3p_p,1-tetradecanoyl-sn-glycerol 3-phosphate,C17H33O7P1,380.41348,17,0,0,1
1hdecg3p_p,1-hexadecanoyl-sn-glycerol 3-phosphate,C19H37O7P,408.46664,19,0,0,1
1hdec9eg3p_p,1-hexadec-9-enoyl-sn-glycerol 3-phosphate,C19H35O7P1,406.45076,19,0,0,1
1agpe140_p,1-Acyl-sn-glycero-3-phosphoethanolamine (n-C14:0),C19H40NO7P1,425.49716,19,1,0,1
1agpg120_p,1-Acyl-sn-glycero-3-phosphoglycerol (n-C12:0),C18H36O9P1,427.4468,18,0,0,1
1agpg140_p,1-Acyl-sn-glycero-3-phosphoglycerol (n-C14:0),C20H40O9P1,455.49996,20,0,0,1
1agpg141_p,1-Acyl-sn-glycero-3-phosphoglycerol (n-C14:1),C20H38O9P1,453.48408,20,0,0,1
1agpg160_p,1-Acyl-sn-glycero-3-phosphoglycerol (n-C16:0),C22H44O9P1,483.55312,22,0,0,1
1agpg161_p,1-Acyl-sn-glycero-3-phosphoglycerol (n-C16:1),C22H42O9P1,481.53724,22,0,0,1
1agpg180_p,1-Acyl-sn-glycero-3-phosphoglycerol (n-C18:0),C24H48O9P1,511.60628,24,0,0,1
1agpg181_p,1-Acyl-sn-glycero-3-phosphoglycerol (n-C18:1),C24H46O9P1,509.5904,24,0,0,1
malthp_e,Maltoheptaose,C42H72O36,1152.99948,42,0,0,0
malthx_e,Maltohexaose,C36H62O31,990.85888,36,0,0,0
maltpt_e,Maltopentaose,C30H52O26,828.71828,30,0,0,0
maltttr_e,Maltotetraose,C24H42O21,666.57768,24,0,0,0
manb_c,"Mannobiose (beta-1,4)",C12H22O11,342.29648,12,0,0,0
mantr_c,"Mannotriose (beta-1,4)",C18H32O16,504.43708,18,0,0,0
manttr_c,Mannotetraose,C24H42O21,666.57768,24,0,0,0
man_e,D-Mannose,C6H12O6,180.15588,6,0,0,0
mana_c,D-Mannonate,C6H11O7,195.14734,6,0,0,0
manb_e,"Mannobiose (beta-1,4)",C12H22O11,342.29648,12,0,0,0
mantr_e,"Mannotriose (beta-1,4)",C18H32O16,504.43708,18,0,0,0
manttr_e,Mannotetraose,C24H42O21,666.57768,24,0,0,0
micit_c,Methylisocitrate,C7H7O7,203.12628,7,0,0,0
2mcacn_c,Cis-2-Methylaconitate,C7H5O6,185.111,7,0,0,0
murein5p5p_p,"Two linked disacharide pentapeptide murein units (uncrosslinked, middle of chain)",C80H124N16O42,1981.92256,80,16,0,0
murein5px4p_p,"Two disacharide linked murein units, pentapeptide crosslinked tetrapeptide (A2pm->D-ala) (middle of chain)",C77H117N15O40,1892.82938,77,15,0,0
murein5px3p_p,"Two disacharide linked murein units, pentapeptide corsslinked tripeptide (A2pm->A2pm) (middle of chain)",C74H112N14O39,1821.75148,74,14,0,0
murein5p5p5p_p,"Three linked disacharide pentapeptide murein units (uncrosslinked, middle of chain)",C120H186N24O63,2972.88384,120,24,0,0
murein5px4px4p_p,Three disacharide linked murein units (pentapeptide crosslinked tetrapeptide (A2pm->D-ala) tetrapeptide corsslinked tetrapeptide (A2pm->D-ala)) (middle of chain),C114H172N22O59,2794.69748,114,22,0,0
murein4px4p_p,"Two disacharide linked murein units, tetrapeptide corsslinked tetrapeptide (A2pm->D-ala) (middle of chain)",C74H112N14O39,1821.75148,74,14,0,0
murein4px4px4p_p,Three disacharide linked murein units (tetrapeptide crosslinked tetrapeptide (A2pm->D-ala) & tetrapeptide corsslinked tetrapeptide (A2pm->D-ala)) (middle of chain),C111H167N21O58,2723.61958,111,21,0,0
murein4p4p_p,"Two linked disacharide tetrapeptide murein units (uncrosslinked, middle of chain)",C74H114N14O40,1839.76676,74,14,0,0
murein4p3p_p,"Two linked disacharide tetrapeptide and tripeptide murein units (uncrosslinked, middle of chain)",C71H109N13O39,1768.68886,71,13,0,0
murein5p3p_p,"Two linked disacharide pentapeptide and tripeptide murein units (uncrosslinked, middle of chain)",C74H114N14O40,1839.76676,74,14,0,0
murein4px4p4p_p,"Three disacharide linked murein units (tetrapeptide crosslinked tetrapeptide (A2pm->D-ala), one uncrosslinked tetrapaptide) (middle of chain)",C111H169N21O59,2741.63486,111,21,0,0
5mdru1p_c,5-Methylthio-5-deoxy-D-ribulose 1-phosphate,C6H11O7PS,258.1861,6,0,1,1
melib_e,Melibiose,C12H22O11,342.29648,12,0,0,0
melib_p,Melibiose,C12H22O11,342.29648,12,0,0,0
sbt__D_c,D-Sorbitol,C6H14O6,182.17176,6,0,0,0
met__L_e,L-Methionine,C5H11NO2S,149.21134,5,1,1,0
met__L_p,L-Methionine,C5H11NO2S,149.21134,5,1,1,0
metsox_S__L_c,L-Methionine Sulfoxide,C5H11NO3S,165.21074,5,1,1,0
metsox_R__L_c,L-methionine-R-sulfoxide,C5H11NO3S,165.21074,5,1,1,0
metox_c,L Methionine S oxide C5H11NO3S,C5H11NO3S,165.21074,5,1,1,0
metox_e,L Methionine S oxide C5H11NO3S,C5H11NO3S,165.21074,5,1,1,0
5pmev_c, R  5 Phosphomevalonate C6H10O7P,C6H10O7P,225.11316,6,0,0,1
mg2_p,Magnesium,Mg,24.305,0,0,0,0
murein3p3p_p,"Two linked disacharide tripeptide murein units (uncrosslinked, middle of chain)",C68H104N12O38,1697.61096,68,12,0,0
murein3px3p_p,"Two disacharide linked murein units, tripeptide crosslinked tripeptide (A2pm->A2pm) (middle of chain)",C68H102N12O37,1679.59568,68,12,0,0
mmcoa__R_c,(R)-Methylmalonyl-CoA,C25H35N7O19P3S,862.56719,25,7,1,3
mn2_p,Mn2+,Mn,54.93805,0,0,0,0
moadamp_c,MoaD Protein with bound AMP,C11H12N5O8P1X,373.21544,11,5,0,1
moadcosh_c,MoaD Protein with thiocarboxylate,C1H1O1S1X,61.08304,1,0,1,0
kdolipid4_c,KDO-lipid IV(A),C76H137N2O30P2,1620.8439,76,2,0,2
lipidA_c,"2,3,2'3'-Tetrakis(beta-hydroxymyristoyl)-D-glucosaminyl-1,6-beta-D-glucosamine 1,4'-bisphosphate",C68H126N2O23P2,1401.67516,68,2,0,2
mobd_c,Molybdate,MoO4,159.9576,0,0,0,0
mobd_e,Molybdate,MoO4,159.9576,0,0,0,0
g1p_B_c,Beta D Glucose 1 phosphate C6H11O9P,C6H11O9P,258.1199,6,0,0,1
mpt_c,Molybdopterin,C10H10N5O6PS2Cu,454.86606,10,5,2,1
uaagmda_e,"Undecaprenyl-diphospho-N-acetylmuramoyl-(N-acetylglucosamine)-L-ala-D-glu-meso-2,6-diaminopimeloyl-D-ala-D-ala",C95H152N8O28P2,1916.2077,95,8,0,2
moadcoo_c,MoaD Protein with carboxylate,C1O2X,44.0095,1,0,0,0
mso3_e,Methanesulfonate,CH3O3S,95.09772,1,0,1,0
5mdr1p_c,5-Methylthio-5-deoxy-D-ribose 1-phosphate,C6H11O7PS,258.1861,6,0,1,1
mucl_c,Mucolactone,C6H5O4,141.1015,6,0,0,0
CCbuttc_c,"Cis,cis-Butadiene-1,2,4-tricarboxylate",C7H3O6,183.09512,7,0,0,0
n2_c,Nitrogen,N2,28.0134,0,2,0,0
n2o_e,Nitrous oxide,N2O,44.0128,0,2,0,0
n2o_p,Nitrous oxide,N2O,44.0128,0,2,0,0
nac_c,Nicotinate,C6H4NO2,122.10146,6,1,0,0
nac_e,Nicotinate,C6H4NO2,122.10146,6,1,0,0
ncam_c,Nicotinamide,C6H6N2O,122.12464,6,2,0,0
no2_c,Nitrite,NO2,46.0055,0,1,0,0
no2_e,Nitrite,NO2,46.0055,0,1,0,0
no3_c,Nitrate,NO3,62.0049,0,1,0,0
ni2_p,Nickel,Ni,58.6934,0,0,0,0
nicrns_c,Nicotinate D-ribonucleoside,C11H13NO6,255.22402,11,1,0,0
rnam_c,N Ribosylnicotinamide C11H15N2O5,C11H15N2O5,255.2472,11,2,0,0
quln_c,Quinolinate,C7H3NO4,165.10302,7,1,0,0
no2_p,Nitrite,NO2,46.0055,0,1,0,0
no3_p,Nitrate,NO3,62.0049,0,1,0,0
no3_e,Nitrate,NO3,62.0049,0,1,0,0
r1p_c,Alpha-D-Ribose 1-phosphate,C5H9O8P,228.09392,5,0,0,1
xtsn_c,Xanthosine,C10H12N4O6,284.22548,10,4,0,0
thymd_c,Thymidine,C10H14N2O5,242.22856,10,2,0,0
ppco_p,Periplasmic cytochromes c type oxidized,C42H54FeN8O6S2,886.90316,42,8,2,0
ppcr_p,Periplasmic cytochromes c type - reduced,C42H54FeN8O6S2,886.90316,42,8,2,0
dtdprmn_c,DTDP-L-rhamnose,C16H24N2O15P2,546.31368,16,2,0,2
udcpo5_p,Undecaprenyl diphosphate galactose-rhamnose-mannose-abequose-acetyl,C81H134O25P2,1569.86318,81,0,0,2
udcpo4_c,Undecaprenyl diphosphate galactose-rhamnose-mannose-abequose,C79H132O24P2,1527.8265,79,0,0,2
udcpo5_c,Undecaprenyl diphosphate galactose-rhamnose-mannose-abequose-acetyl,C81H134O25P2,1569.86318,81,0,0,2
udcpo5_e,Undecaprenyl diphosphate galactose-rhamnose-mannose-abequose-acetyl,C81H134O25P2,1569.86318,81,0,0,2
octa_e,Octanoate (n-C8:0),C8H15O2,143.2035,8,0,0,0
ohpb_c,2-Oxo-3-hydroxy-4-phosphobutanoate,C4H4O8P,211.04352,4,0,0,1
2ohph_c,2-Octaprenyl-6-hydroxyphenol,C46H70O2,655.0468,46,0,0,0
orot5p_c,Orotidine 5'-phosphate,C10H10N2O11P,365.16696,10,2,0,1
2oph_c,2-Octaprenylphenol,C46H70O,639.0474,46,0,0,0
pnto__R_c,(R)-Pantothenate,C9H15NO5,217.2191,9,1,0,0
uagmda_c,"Undecaprenyl-diphospho-N-acetylmuramoyl-L-alanyl-D-glutamyl-meso-2,6-diaminopimeloyl-D-alanyl-D-alanine",C87H139N7O23P2,1713.01518,87,7,0,2
ugmda_c,"UDP-N-acetylmuramoyl-L-alanyl-D-glutamyl-meso-2,6-diaminopimeloyl-D-alanyl-D-alanine",C41H61N9O28P2,1189.91406,41,9,0,2
adhlam_c,S-Acetyldihydrolipoamide,C10H19NO2S2,249.39336,10,1,2,0
pdx5p_c,Pyridoxine 5'-phosphate,C8H10NO6P,247.14186,8,1,0,1
pydxn_c,Pyridoxine,C8H11NO3,169.17784,8,1,0,0
pe120_p,"Phosphatidylethanolamine (didodecanoyl, n-C12:0)",C29H58N1O8P1,579.74648,29,1,0,1
pe140_p,"Phosphatidylethanolamine (ditetradecanoyl, n-C14:0)",C33H66NO8P,635.8528,33,1,0,1
pe141_p,"Phosphatidylethanolamine (ditetradec-7-enoyl, n-C14:1)",C33H62N1O8P1,631.82104,33,1,0,1
pe161_p,"Phosphatidylethanolamine (dihexadec-9enoyl, n-C16:1)",C37H70NO8P,687.92736,37,1,0,1
pe180_p,"Phosphatidylethanolamine (dioctadecanoyl, n-C18:0)",C41H82N1O8P1,748.06544,41,1,0,1
pe181_p,"Phosphatidylethanolamine (dioctadec-11-enoyl, n-C18:1)",C41H78N1O8P1,744.03368,41,1,0,1
tagdp__D_c,"D-Tagatose 1,6-biphosphate",C6H10O12P2,336.08392,6,0,0,2
s7p_c,Sedoheptulose 7-phosphate,C7H13O10P,288.14588,7,0,0,1
3php_c,3-Phosphohydroxypyruvate,C3H2O7P,181.01754,3,0,0,1
pgp120_c,"Phosphatidylglycerophosphate (didodecanoyl, n-C12:0)",C30H57O13P2,687.7133,30,0,0,2
pgp120_p,"Phosphatidylglycerophosphate (didodecanoyl, n-C12:0)",C30H57O13P2,687.7133,30,0,0,2
pgp140_c,"Phosphatidylglycerophosphate (ditetradecanoyl, n-C14:0)",C34H65O13P2,743.81962,34,0,0,2
pgp140_p,"Phosphatidylglycerophosphate (ditetradecanoyl, n-C14:0)",C34H65O13P2,743.81962,34,0,0,2
pgp141_c,"Phosphatidylglycerophosphate (ditetradec-7-enoyl, n-C14:1)",C34H61O13P2,739.78786,34,0,0,2
pgp141_p,"Phosphatidylglycerophosphate (ditetradec-7-enoyl, n-C14:1)",C34H61O13P2,739.78786,34,0,0,2
pgp160_c,"Phosphatidylglycerophosphate (dihexadecanoyl, n-C16:0)",C38H73O13P2,799.92594,38,0,0,2
pgp160_p,"Phosphatidylglycerophosphate (dihexadecanoyl, n-C16:0)",C38H73O13P2,799.92594,38,0,0,2
pgp161_c,"Phosphatidylglycerophosphate (dihexadec-9-enoyl, n-C16:1)",C38H69O13P2,795.89418,38,0,0,2
pgp161_p,"Phosphatidylglycerophosphate (dihexadec-9-enoyl, n-C16:1)",C38H69O13P2,795.89418,38,0,0,2
pgp180_c,"Phosphatidylglycerophosphate (dioctadecanoyl, n-C18:0)",C42H81O13P2,856.03226,42,0,0,2
pgp180_p,"Phosphatidylglycerophosphate (dioctadecanoyl, n-C18:0)",C42H81O13P2,856.03226,42,0,0,2
pgp181_c,"Phosphatidylglycerophosphate (dioctadec-11-enoyl, n-C18:1)",C42H77O13P2,852.0005,42,0,0,2
pgp181_p,"Phosphatidylglycerophosphate (dioctadec-11-enoyl, n-C18:1)",C42H77O13P2,852.0005,42,0,0,2
4ppan_c,D-4'-Phosphopantothenate,C9H14NO8P,295.18312,9,1,0,1
poaac_c,Peroxyaminoacrylate,C3H5NO3,103.0767,3,1,0,0
fpram_c,2-(Formamido)-N1-(5-phospho-D-ribosyl)acetamidine,C8H14N3O8P,311.18582,8,3,0,1
prbamp_c,1-(5-Phosphoribosyl)-AMP,C15H19N5O14P2,555.28398,15,5,0,2
prfp_c,1-(5-Phosphoribosyl)-5-[(5-phosphoribosylamino)methylideneamino]imidazole-4-carboxamide,C15H21N5O15P2,573.29926,15,5,0,2
pro__L_p,L-Proline,C5H9NO2,115.13046,5,1,0,0
progly_p,L-Prolinylglycine,C7H12N2O3,172.18178,7,2,0,0
progly_e,L-Prolinylglycine,C7H12N2O3,172.18178,7,2,0,0
rb15bp_c,"D-Ribulose 1,5-bisphosphate",C5H8O11P2,306.05794,5,0,0,2
ps140_c,"Phosphatidylserine (ditetradecanoyl, n-C14:0)",C34H65N1O10P1,678.85436,34,1,0,1
ps160_c,"Phosphatidylserine (dihexadecanoyl, n-C16:0)",C38H73N1O10P1,734.96068,38,1,0,1
ps161_c,"Phosphatidylserine (dihexadec-9-enoyl, n-C16:1)",C38H69N1O10P1,730.92892,38,1,0,1
ps180_c,"Phosphatidylserine (dioctadecanoyl, n-C18:0)",C42H81N1O10P1,791.067,42,1,0,1
skm5p_c,Shikimate 5-phosphate,C7H8O8P,251.10738,7,0,0,1
pser__L_c,O-Phospho-L-serine,C3H6NO6P,183.0566,3,1,0,1
thr__L_p,L-Threonine,C4H9NO3,119.11916,4,1,0,0
ptrc_e,Putrescine,C4H14N2,90.16736,4,2,0,0
pydx_c,Pyridoxal,C8H9NO3,167.16196,8,1,0,0
uracp_c,Ureidoacrylate peracid,C4H6N2O4,146.10144,4,2,0,0
so4_e,Sulfate,O4S,96.0626,0,0,1,0
urate_c,Urate,C5H4N4O3,168.11026,5,4,0,0
val__L_e,L-Valine,C5H11NO2,117.14634,5,1,0,0
rib__D_p,D-Ribose,C5H10O5,150.1299,5,0,0,0
raffin_e,Raffinose C18H32O16,C18H32O16,504.43708,18,0,0,0
raffin_p,Raffinose C18H32O16,C18H32O16,504.43708,18,0,0,0
ru5p__L_c,L-Ribulose 5-phosphate,C5H9O8P,228.09392,5,0,0,1
xu5p__D_c,D-Xylulose 5-phosphate,C5H9O8P,228.09392,5,0,0,1
spmd_e,Spermidine,C7H22N3,148.26968,7,3,0,0
urea_e,Urea,CH4N2O,60.05526,1,2,0,0
rib__D_e,D-Ribose,C5H10O5,150.1299,5,0,0,0
rml_c,L-Rhamnulose,C6H12O5,164.15648,6,0,0,0
rmn_c,L-Rhamnose,C6H12O5,164.15648,6,0,0,0
rml1p_c,L-Rhamnulose 1-phosphate,C6H11O8P,242.1205,6,0,0,1
rmn_e,L-Rhamnose,C6H12O5,164.15648,6,0,0,0
sufbcd_c,SufBCD scaffold complex,H8O2S6R,232.45232,0,0,6,0
sufbcd_2fe2s_c,SufBCD with bound [2Fe-2S] cluster,H4O2S8Fe2R,404.24056,0,0,8,0
sufse_c,SufSE sulfur acceptor complex,HSR,33.07294,0,0,1,0
sufsesh_c,SufSE with bound sulfur,HS2R,65.13794,0,0,2,0
sufbcd_2fe2s2_c,SufBCD with two bound [2Fe-2S] clusters,O2S10Fe4R,576.0288,0,0,10,0
sufbcd_4fe4s_c,SufBCD with bound [4Fe-4S] cluster,H4O2S10Fe4R,580.06056,0,0,10,0
salchs4_p,Salmochelin-S4,C42H47N3O25,993.82768,42,3,0,0
salchs4_e,Salmochelin-S4,C42H47N3O25,993.82768,42,3,0,0
sbt6p_c,D-Sorbitol 6-phosphate,C6H13O9P,260.13578,6,0,0,1
sbt__D_e,D-Sorbitol,C6H14O6,182.17176,6,0,0,0
sl26da_c,"N-Succinyl-LL-2,6-diaminoheptanedioate",C11H16N2O7,288.25394,11,2,0,0
sl2a6o_c,N-Succinyl-2-L-amino-6-oxoheptanedioate,C11H12NO8,286.21488,11,1,0,0
shcl_c,Dihydrosirohydrochlorin C42H40N4O16,C42H40N4O16,856.7842,42,4,0,0
srch_c,Sirohydrochlorin C42H38N4O16,C42H38N4O16,854.76832,42,4,0,0
sheme_c,Siroheme,C42H36FeN4O16,908.59744,42,4,0,0
skm_c,Shikimate,C7H9O5,173.14336,7,0,0,0
so3_e,Sulfite,SO3,80.0632,0,0,1,0
spmd_p,Spermidine,C7H22N3,148.26968,7,3,0,0
s_e,Sulfur,S,32.065,0,0,1,0
sula_e,Sulfoacetate C2H2O5S,C2H2O5S,138.09928,2,0,1,0
thmmp_c,Thiamin monophosphate,C12H16N4O4PS,343.3186,12,4,1,1
dtdp4d6dg_c,DTDP-4-dehydro-6-deoxy-D-glucose,C16H22N2O15P2,544.2978,16,2,0,2
dtdp4d6dm_c,DTDP-4-dehydro-6-deoxy-L-mannose,C16H22N2O15P2,544.2978,16,2,0,2
thm_c,Thiamin,C12H17N4OS,265.35458,12,4,1,0
thm_e,Thiamin,C12H17N4OS,265.35458,12,4,1,0
tre_e,Trehalose,C12H22O11,342.29648,12,0,0,0
tsul_e,Thiosulfate,O3S2,112.1282,0,0,2,0
u3hga_c,UDP-3-O-(3-hydroxytetradecanoyl)-D-glucosamine,C29H50N3O18P2,790.66412,29,3,0,2
uamag_c,UDP-N-acetylmuramoyl-L-alanyl-D-glutamate,C28H39N5O23P2,875.57648,28,5,0,2
ugmd_c,"UDP-N-acetylmuramoyl-L-alanyl-D-gamma-glutamyl-meso-2,6-diaminopimelate",C35H51N7O26P2,1047.75826,35,7,0,2
u3aga_c,UDP-3-O-(3-hydroxytetradecanoyl)-N-acetylglucosamine,C31H51N3O19P2,831.69286,31,3,0,2
uaccg_c,UDP-N-acetyl-3-O-(1-carboxyvinyl)-D-glucosamine,C20H26N3O19P2,674.37666,20,3,0,2
uama_c,UDP-N-acetylmuramoyl-L-alanine,C23H33N4O20P2,747.47044,23,4,0,2
uamr_c,UDP-N-acetylmuramate,C20H28N3O19P2,676.39254,20,3,0,2
udcpgrm_c,Undecaprenyl diphosphate galactose-rhamnose-mannose,C73H122O21P2,1397.6847,73,0,0,2
udcpg_c,Undecaprenyl diphosphate galactose,C61H102O12P2,1089.4029,61,0,0,2
udcpgr_c,Undecaprenyl diphosphate galactose-rhamnose,C67H112O16P2,1235.5441,67,0,0,2
uppg3_c,Uroporphyrinogen III,C40H36N4O16,828.73104,40,4,0,0
val__L_p,L-Valine,C5H11NO2,117.14634,5,1,0,0
xyl__D_c,D-Xylose,C5H10O5,150.1299,5,0,0,0
xyl3_c,Xylotriose,C15H26O13,414.35914,15,0,0,0
xyl3_e,Xylotriose,C15H26O13,414.35914,15,0,0,0
xyl__D_e,D-Xylose,C5H10O5,150.1299,5,0,0,0
xylb_c,Xylobiose,C10H18O9,282.24452,10,0,0,0
xylb_e,Xylobiose,C10H18O9,282.24452,10,0,0,0
zn2_p,Zinc,Zn,65.38,0,0,0,0
tet_p,Tetrathionate,O6S4,224.2564,0,0,4,0
tsul_p,Thiosulfate,HO3S2,113.13614,0,0,2,0
12dgr140_p,"1,2-Diacyl-sn-glycerol (ditetradecanoyl, n-C14:0)",C31H60O5,512.8051,31,0,0,0
12dgr160_p,"1,2-Diacyl-sn-glycerol (dihexadecanoyl, n-C16:0)",C35H68O5,568.91142,35,0,0,0
12dgr161_c,"1,2-Diacyl-sn-glycerol (dihexadec-9-enoyl, n-C16:1)",C35H64O5,564.87966,35,0,0,0
12dgr161_p,"1,2-Diacyl-sn-glycerol (dihexadec-9-enoyl, n-C16:1)",C35H64O5,564.87966,35,0,0,0
2ddecg3p_c,2-dodecanoyl-sn-glycerol 3-phosphate,C15H30O7P1,353.36826,15,0,0,1
2ddecg3p_p,2-dodecanoyl-sn-glycerol 3-phosphate,C15H30O7P1,353.36826,15,0,0,1
2tdecg3p_c,2-tetradecanoyl-sn-glycerol 3-phosphate,C17H34O7P1,381.42142,17,0,0,1
2tdecg3p_p,2-tetradecanoyl-sn-glycerol 3-phosphate,C17H34O7P1,381.42142,17,0,0,1
2tdec7eg3p_c,2-tetradec-7-enoyl-sn-glycerol 3-phosphate,C17H32O7P1,379.40554,17,0,0,1
2tdec7eg3p_p,2-tetradec-7-enoyl-sn-glycerol 3-phosphate,C17H32O7P1,379.40554,17,0,0,1
2hdecg3p_c,2-hexadecanoyl-sn-glycerol 3-phosphate,C19H38O7P1,409.47458,19,0,0,1
2hdecg3p_p,2-hexadecanoyl-sn-glycerol 3-phosphate,C19H38O7P1,409.47458,19,0,0,1
2hdec9eg3p_c,2-hexadec-9-enoyl-sn-glycerol 3-phosphate,C19H36O7P1,407.4587,19,0,0,1
2hdec9eg3p_p,2-hexadec-9-enoyl-sn-glycerol 3-phosphate,C19H36O7P1,407.4587,19,0,0,1
2odecg3p_c,2-octadecanoyl-sn-glycerol 3-phosphate,C21H42O7P1,437.52774,21,0,0,1
2odecg3p_p,2-octadecanoyl-sn-glycerol 3-phosphate,C21H42O7P1,437.52774,21,0,0,1
2odec11eg3p_c,2-octadec-11-enoyl-sn-glycerol 3-phosphate,C21H40O7P1,435.51186,21,0,0,1
2odec11eg3p_p,2-octadec-11-enoyl-sn-glycerol 3-phosphate,C21H40O7P1,435.51186,21,0,0,1
2agpe140_c,2-Acyl-sn-glycero-3-phosphoethanolamine (n-C14:0),C19H40NO7P1,425.49716,19,1,0,1
2agpe140_p,2-Acyl-sn-glycero-3-phosphoethanolamine (n-C14:0),C19H40NO7P1,425.49716,19,1,0,1
2agpe160_c,2-Acyl-sn-glycero-3-phosphoethanolamine (n-C16:0),C21H44NO7P1,453.55032,21,1,0,1
2agpe160_p,2-Acyl-sn-glycero-3-phosphoethanolamine (n-C16:0),C21H44NO7P1,453.55032,21,1,0,1
2agpe161_c,2-Acyl-sn-glycero-3-phosphoethanolamine (n-C16:1),C21H42NO7P1,451.53444,21,1,0,1
2agpe161_p,2-Acyl-sn-glycero-3-phosphoethanolamine (n-C16:1),C21H42NO7P1,451.53444,21,1,0,1
2agpg140_c,2-Acyl-sn-glycero-3-phosphoglycerol (n-C14:0),C20H40O9P1,455.49996,20,0,0,1
2agpg140_p,2-Acyl-sn-glycero-3-phosphoglycerol (n-C14:0),C20H40O9P1,455.49996,20,0,0,1
2agpg141_c,2-Acyl-sn-glycero-3-phosphoglycerol (n-C14:1),C20H38O9P1,453.48408,20,0,0,1
2agpg141_p,2-Acyl-sn-glycero-3-phosphoglycerol (n-C14:1),C20H38O9P1,453.48408,20,0,0,1
2agpg160_c,2-Acyl-sn-glycero-3-phosphoglycerol (n-C16:0),C22H44O9P1,483.55312,22,0,0,1
2agpg160_p,2-Acyl-sn-glycero-3-phosphoglycerol (n-C16:0),C22H44O9P1,483.55312,22,0,0,1
2agpg161_c,2-Acyl-sn-glycero-3-phosphoglycerol (n-C16:1),C22H42O9P1,481.53724,22,0,0,1
2agpg161_p,2-Acyl-sn-glycero-3-phosphoglycerol (n-C16:1),C22H42O9P1,481.53724,22,0,0,1
idon__L_c,L-Idonate,C6H11O7,195.14734,6,0,0,0
2mahmp_c,2-Methyl-4-amino-5-hydroxymethylpyrimidine diphosphate,C6H8N3O7P2,296.09114,6,3,0,2
4ampm_c,4-Amino-2-methyl-5-phosphomethylpyrimidine,C6H8N3O4P,217.11918,6,3,0,1
2pglyc_e,2-Phosphoglycolate,C2H2O6P,153.00744,2,0,0,1
34dhbz_p,"3,4-Dihydroxybenzoate",C7H5O4,153.1122,7,0,0,0
34dhbz_e,"3,4-Dihydroxybenzoate",C7H5O4,153.1122,7,0,0,0
2m3osuc_c,2-methyl-3-oxosuccinate,C5H4O5,144.08226,5,0,0,0
r3mmal_c,D-erythro-3-Methylmalate,C5H6O5,146.09814,5,0,0,0
3hodcoa_c,(S)-3-Hydroxyoctadecanoyl-CoA,C39H66N7O18P3S,1045.96373,39,7,1,3
phaccoa_c,Phenylacetyl-CoA,C29H38N7O17P3S,881.63501,29,7,1,3
LalaDgluMdapDala_c,"L-alanine-D-glutamate-meso-2,6-diaminoheptanedioate-D-alanine",C18H30N5O9,460.4589,18,5,0,0
LalaDgluMdapDala_p,"L-alanine-D-glutamate-meso-2,6-diaminoheptanedioate-D-alanine",C18H30N5O9,460.4589,18,5,0,0
LalaDgluMdapDala_e,"L-alanine-D-glutamate-meso-2,6-diaminoheptanedioate-D-alanine",C18H30N5O9,460.4589,18,5,0,0
hphaccoa_c,4 Hydroxyphenylacetyl CoA C29H42N7O18P3S,C29H38N7O18P3S,897.63441,29,7,1,3
5dglcn_p,5-Dehydro-D-gluconate,C6H9O7,193.13146,6,0,0,0
5dglcn_e,5-Dehydro-D-gluconate,C6H9O7,193.13146,6,0,0,0
5mtr_c,5-Methylthio-D-ribose,C6H12O4S,180.22208,6,0,1,0
5mtr_e,5-Methylthio-D-ribose,C6H12O4S,180.22208,6,0,1,0
xylu__L_c,L-Xylulose,C5H10O5,150.1299,5,0,0,0
acgam_p,N-Acetyl-D-glucosamine,C8H15NO6,221.2078,8,1,0,0
acgam_e,N-Acetyl-D-glucosamine,C8H15NO6,221.2078,8,1,0,0
acnam_c,N-Acetylneuraminate,C11H18NO9,308.26192,11,1,0,0
acnam_e,N-Acetylneuraminate,C11H18NO9,308.26192,11,1,0,0
ac_p,Acetate,C2H3O2,59.04402,2,0,0,0
adn_e,Adenosine,C10H13N5O4,267.24132,10,5,0,0
ade_e,Adenine,C5H5N5,135.1267,5,5,0,0
ade_p,Adenine,C5H5N5,135.1267,5,5,0,0
camp_c,CAMP,C10H11N5O6P,328.198,10,5,0,1
adprib_c,ADPribose,C15H21N5O14P2,557.29986,15,5,0,2
adphep_DD_c,ADP-D-glycero-D-manno-heptose,C17H25N5O16P2,617.35182,17,5,0,2
adphep_LD_c,ADP-L-glycero-D-manno-heptose,C17H25N5O16P2,617.35182,17,5,0,2
4ahmmp_c,4-Amino-5-hydroxymethyl-2-methylpyrimidine,C6H9N3O,139.15516,6,3,0,0
5caiz_c,5-phosphoribosyl-5-carboxyaminoimidazole,C9H11N3O9P,336.1721,9,3,0,1
sdhlam_c,S Succinyldihydrolipoamide C12H20NO4S2,C12H20NO4S2,306.4215,12,1,2,0
cys__L_e,L-Cysteine,C3H7NO2S,121.15818,3,1,1,0
id3acald_c,Indole 3 acetaldehyde C10H9NO,C10H9NO,159.18456,10,1,0,0
ind3ac_c,Indole 3 acetate C10H8NO2,C10H8NO2,174.17602,10,1,0,0
anhgm_e,N-Acetyl-D-glucosamine(anhydrous)N-Acetylmuramic acid,C19H29N2O12,477.43976,19,2,0,0
5aprbu_c,5-Amino-6-(5'-phosphoribitylamino)uracil,C9H15N4O9P,354.21056,9,4,0,1
5apru_c,5-Amino-6-(5'-phosphoribosylamino)uracil,C9H13N4O9P,352.19468,9,4,0,1
rbflvrd_c,Reduced riboflavin,C17H22N4O6,378.37978,17,4,0,0
sucarg_c,N2-Succinyl-L-arginine,C10H17N4O5,273.26578,10,4,0,0
cdpdag_EC_c,CDPdiacylglycerol (E coli),C2286H3998N150O750P100,48684.13552,2286,150,0,100
pa_EC_c,Phosphatidate  (E.coli),C1836H3398O400P50,33425.07342,1836,0,0,50
2p4c2me_c,2-phospho-4-(cytidine 5'-diphospho)-2-C-methyl-D-erythritol,C14H22N3O17P3,597.25567,14,3,0,3
4c2me_c,4-(cytidine 5'-diphospho)-2-C-methyl-D-erythritol,C14H23N3O14P2,519.29164,14,3,0,2
chtbs6p_c,Diacetylchitobiose-6-phosphate,C16H27N2O14P,502.36434,16,2,0,1
chtbs_p,"N,N'-diacetylchitobiose",C16H28N2O11,424.40032,16,2,0,0
chtbs_e,"N,N'-diacetylchitobiose",C16H28N2O11,424.40032,16,2,0,0
citac_c,Citraconate,C5H4O4,128.08286,5,0,0,0
citm_c,Citramalate,C5H6O5,146.09814,5,0,0,0
for_e,Formate,CH1O2,45.01744,1,0,0,0
oxa_e,Oxalate,C2O4,88.019,2,0,0,0
clpn140_p,"Cardiolipin (tetratetradecanoyl, n-C14:0)",C65H124O17P2,1239.61738,65,0,0,2
clpn160_p,"Cardiolipin (tetrahexadecanoyl, n-C16:0)",C73H140O17P2,1351.83002,73,0,0,2
clpn161_p,"Cardiolipin (tetrahexadec-9-enoyl, n-C16:1)",C73H132O17P2,1343.7665,73,0,0,2
clpn180_p,"Cardiolipin (tetraoctadecanoyl, n-C18:0)",C81H156O17P2,1464.04266,81,0,0,2
clpn181_p,"Cardiolipin (tetraoctadec-11-enoyl, n-C18:1)",C81H148O17P2,1455.97914,81,0,0,2
clpn120_p,"Cardiolipin (tetradodecanoyl, n-C12:0)",C57H108O17P2,1127.40474,57,0,0,2
clpn141_p,"Cardiolipin (tetratetradec-7-enoyl, n-C14:1)",C65H116O17P2,1231.55386,65,0,0,2
glyc_p,Glycerol,C3H8O3,92.09382,3,0,0,0
cl_p,Chloride,Cl,35.453,0,0,0,0
cm_e,Chloramphenicol,C11H12Cl2N2O5,323.12938,11,2,0,0
cm_p,Chloramphenicol,C11H12Cl2N2O5,323.12938,11,2,0,0
udcpp_p,Undecaprenyl phosphate,C55H89O4P,845.26652,55,0,0,1
4crsol_c,P-Cresol,C7H8O,108.13782,7,0,0,0
ficytb_c,Ferricytochrome b,C42H53FeN8O6S2,885.89522,42,8,2,0
dad_2_e,Deoxyadenosine,C10H13N5O3,251.24192,10,5,0,0
db4p_c,"3,4-dihydroxy-2-butanone 4-phosphate",C4H7O6P,182.06854,4,0,0,1
ddca_e,Dodecanoate (n-C12:0),C12H23O2,199.30982,12,0,0,0
fol_c,Folate,C19H17N7O6,439.38158,19,7,0,0
cdhxfut_c,Cyclic de-hypoxanthine futalosine,C14H13O7,293.24882,14,0,0,0
2ahhmp_c,2 Amino 4 hydroxy 6 hydroxymethyl 7 8 dihydropteridine C7H9N5O2,C7H9N5O2,195.17866,7,5,0,0
25dhpp_c,2 5 Diamino 6 hydroxy 4  5  phosphoribosylamino  pyrimidine C9H14N5O8P,C9H14N5O8P,351.20992,9,5,0,1
25drapp_c,"2,5-Diamino-6-(ribosylamino)-4-(3H)-pyrimidinone 5'-phosphate",C9H14N5O8P,351.20992,9,5,0,1
dhxfut_c,De-hypoxanthine futalosine,C14H15O7,295.2647,14,0,0,0
4r5au_c,4-(1-D-Ribitylamino)-5-aminouracil,C9H16N4O6,276.24654,9,4,0,0
h2mb4p_c,1-hydroxy-2-methyl-2-(E)-butenyl 4-diphosphate,C5H9O8P2,259.06768,5,0,0,2
doxrbcn_e,Doxorubicin,C27H29NO11,543.51926,27,1,0,0
doxrbcn_p,Doxorubicin,C27H29NO11,543.51926,27,1,0,0
dscl_c,Dihydrosirohydrochlorin,C42H40N4O16,856.7842,42,4,0,0
tartr__D_c,D-tartrate,C4H4O6,148.07096,4,0,0,0
duri_e,Deoxyuridine,C9H12N2O5,228.20198,9,2,0,0
2me4p_c,2-C-methyl-D-erythritol 4-phosphate,C5H11O7P,214.1104,5,0,0,1
kdo2lipid4Ln_c,KDO(2)-lipid IV(A) with laurate (glucosediaminyl),C96H172N4O36P2,2020.3456,96,4,0,2
kdo2lipid4n_c,KDO(2)-lipid IV(A) (glucosediaminyl),C84H150N4O35P2,1838.04312,84,4,0,2
lipan_c,KDO(2)-lipid (A) (glucosediaminyl),C110H198N4O37P2,2230.70124,110,4,0,2
enter_p,Enterochelin,C30H27N3O15,669.54648,30,3,0,0
hdca_e,Hexadecanoate (n-C16:0),C16H31O2,255.41614,16,0,0,0
hdcea_e,Hexadecenoate (n-C16:1),C16H29O2,253.40026,16,0,0,0
ocdca_e,Octadecanoate (n-C18:0),C18H35O2,283.4693,18,0,0,0
ocdcea_e,Octadecenoate (n-C18:1),C18H33O2,281.45342,18,0,0,0
ttdca_e,Tetradecanoate (n-C14:0),C14H27O2,227.36298,14,0,0,0
fuc__L_c,L-Fucose,C6H12O5,164.15648,6,0,0,0
for_p,Formate,CH1O2,45.01744,1,0,0,0
fe3dcit_p,Fe(III)dicitrate,C12H10FeO14,434.0444,12,0,0,0
fe3dcit_e,Fe(III)dicitrate,C12H10FeO14,434.0444,12,0,0,0
enter_e,Enterochelin,C30H27N3O15,669.54648,30,3,0,0
2ahhmd_c,2 Amino 4 hydroxy 6 hydroxymethyl 7 8 dihydropteridine diphosphate C7H8N5O8P2,C7H8N5O8P2,352.11464,7,5,0,2
fol_e,Folate,C19H17N7O6,439.38158,19,7,0,0
fuc__L_e,L-Fucose,C6H12O5,164.15648,6,0,0,0
fuc__L_p,L-Fucose,C6H12O5,164.15648,6,0,0,0
fusa_e,Fusidic acid,C31H48O5,500.70982,31,0,0,0
fusa_p,Fusidic acid,C31H48O5,500.70982,31,0,0,0
fut_c,Futalosine,C19H17N4O7,413.36088,19,4,0,0
g1p_p,D-Glucose 1-phosphate,C6H11O9P,258.1199,6,0,0,1
g1p_e,D-Glucose 1-phosphate,C6H11O9P,258.1199,6,0,0,1
gal_p,D-Galactose,C6H12O6,180.15588,6,0,0,0
gal1p_p,Alpha-D-Galactose 1-phosphate,C6H11O9P,258.1199,6,0,0,1
gal1p_e,Alpha-D-Galactose 1-phosphate,C6H11O9P,258.1199,6,0,0,1
bglycogen_c,Branching glycogen,C6H10O5,162.1406,6,0,0,0
glcn_e,D-Gluconate,C6H11O7,195.14734,6,0,0,0
hhlipa_c,Heptosyl-heptosyl-kdo2-lipidA,C124H220N2O51P2,2617.00392,124,2,0,2
ghhlipa_c,Glucosyl-heptosyl-heptosyl-kdo2-lipidA,C130H230N2O56P2,2779.14452,130,2,0,2
ghhlipan_c,Glucosyl-heptosyl-heptosyl-kdo2-lipidA (glucosediamine),C130H232N4O54P2,2777.175,130,4,0,2
hhlipan_c,Heptosyl-heptosyl-kdo2-lipidA (glucosediaminyl),C124H222N4O49P2,2615.0344,124,4,0,2
glucan4_c,"Beta-1,3/1,4-glucan (Barley, n=4, Glc beta1->3,4 Glc)",C24H42O21,666.57768,24,0,0,0
glucan6_c,"Beta-1,3/1,4-glucan (Barley, n=6, Glc beta1->3,4 Glc)",C36H62O31,990.85888,36,0,0,0
glucan6_e,"Beta-1,3/1,4-glucan (Barley, n=6, Glc beta1->3,4 Glc)",C36H62O31,990.85888,36,0,0,0
glucan4_e,"Beta-1,3/1,4-glucan (Barley, n=4, Glc beta1->3,4 Glc)",C24H42O21,666.57768,24,0,0,0
glyclt_p,Glycolate,C2H3O3,75.04342,2,0,0,0
gm1lipa_e,"4-Amino-4-deoxy-L-arabinose modified core oligosaccharide lipid A (G. metallireducens, variant 1)",C142H253N3O65P2,3104.45684,142,3,0,2
hghhlipa_c,Heptosyl-glucosyl-heptosyl-heptosyl-kdo2-lipidA,C137H242N2O62P2,2971.3111,137,2,0,2
hghhlipa_p,Heptosyl-glucosyl-heptosyl-heptosyl-kdo2-lipidA,C137H242N2O62P2,2971.3111,137,2,0,2
gm1lipa_p,"4-Amino-4-deoxy-L-arabinose modified core oligosaccharide lipid A (G. metallireducens, variant 1)",C142H253N3O65P2,3104.45684,142,3,0,2
hghhlipan_c,Heptosyl-glucosyl-heptosyl-heptosyl-kdo2-lipidA (glucosediamine),C137H244N4O60P2,2969.34158,137,4,0,2
hghhlipan_p,Heptosyl-glucosyl-heptosyl-heptosyl-kdo2-lipidA (glucosediamine),C137H244N4O60P2,2969.34158,137,4,0,2
gm2lipa_e,"4-Amino-4-deoxy-L-arabinose modified core oligosaccharide lipid A (G. metallireducens, variant 2)",C142H255N5O63P2,3102.48732,142,5,0,2
gm2lipa_p,"4-Amino-4-deoxy-L-arabinose modified core oligosaccharide lipid A (G. metallireducens, variant 2)",C142H255N5O63P2,3102.48732,142,5,0,2
gmhep1p_c,D-Glycero-D-manno-heptose 1-phosphate,C7H13O10P,288.14588,7,0,0,1
gmhep17bp_c,"D-Glycero-D-manno-heptose 1,7-bisphosphate",C7H12O13P2,366.1099,7,0,0,2
gmhep7p_c,D-Glycero-D-manno-heptose 7-phosphate,C7H13O10P,288.14588,7,0,0,1
ser__L_p,L-Serine,C3H7NO3,105.09258,3,1,0,0
inost_p,Myo-Inositol,C6H12O6,180.15588,6,0,0,0
grxox_c,Glutaredoxin (oxidized),X,0.0,0,0,0,0
grxrd_c,Glutaredoxin (reduced),XH2,2.01588,0,0,0,0
gua_e,Guanine,C5H5N5O,151.1261,5,5,0,0
gua_p,Guanine,C5H5N5O,151.1261,5,5,0,0
dhlplarg_c,Dihydrolipoyl carrier protein LarG,XH2,2.01588,0,0,0,0
lplarg_c,Lipoyl carrier protein LarG,X,0.0,0,0,0,0
pheme_e,Protoheme,C34FeH30N4O4,614.4714,34,4,0,0
hlipa_c,Heptosyl-kdo2-lipidA,C117H208N2O45P2,2424.83734,117,2,0,2
hlipan_c,Heptosyl-kdo2-lipidA (glucosediaminyl),C117H210N4O43P2,2422.86782,117,4,0,2
4mpetz_c,4-Methyl-5-(2-phosphoethyl)-thiazole,C6H8NO4PS,221.17078,6,1,1,1
hxan_p,Hypoxanthine,C5H4N4O,136.11146,5,4,0,0
hxan_e,Hypoxanthine,C5H4N4O,136.11146,5,4,0,0
id3acald_e,Indole 3 acetaldehyde C10H9NO,C10H9NO,159.18456,10,1,0,0
idon__L_e,L-Idonate,C6H11O7,195.14734,6,0,0,0
idon__L_p,L-Idonate,C6H11O7,195.14734,6,0,0,0
indole_p,Indole,C8H7N,117.14788,8,1,0,0
indaccoa_c,S-2-(indol-3-yl)acetyl-CoA,C31H39N8O17P3S,920.67105,31,8,1,3
xu5p__L_c,L-Xylulose 5-phosphate,C5H9O8P,228.09392,5,0,0,1
uLa4n_p,Undecaprenyl phosphate-4-amino-4-deoxy-L-arabinose,C60H100N1O7P1,978.41226,60,1,0,1
lac__L_e,L-Lactate,C3H5O3,89.07,3,0,0,0
lmn2_e,Laminaribiose,C12H22O11,342.29648,12,0,0,0
lmn30_e,"Laminarin (n=30 repeat units, beta -1,3 glc)",C180H302O151,4882.23328,180,0,0,0
lipidAdsn_c,Lipid A Disaccharide (glucosediaminyl),C68H129N4O18P,1321.74162,68,4,0,1
lipidXn_c,"2,3-Bis(3-hydroxytetradecanoyl)-beta-D-glucosediamine 1-phosphate",C34H65N2O11P,708.86046,34,2,0,1
u23gn_c,"UDP-2,3-bis(3-hydroxytetradecanoyl)glucosediamine",C43H76N4O19P2,1015.02646,43,4,0,2
lyx__L_c,L-Lyxose,C5H10O5,150.1299,5,0,0,0
lyx__L_p,L-Lyxose,C5H10O5,150.1299,5,0,0,0
lyx__L_e,L-Lyxose,C5H10O5,150.1299,5,0,0,0
mnl1p_c,D-Mannitol 1-phosphate,C6H13O9P,260.13578,6,0,0,1
malt6p_c,Maltose 6'-phosphate,C12H21O14P,420.2605,12,0,0,1
man1p_e,D-Mannose 1-phosphate,C6H11O9P,258.1199,6,0,0,1
murein5p4p_p,"Two linked disacharide pentapeptide and tetrapeptide murein units (uncrosslinked, middle of chain)",C77H119N15O41,1910.84466,77,15,0,0
2mecdp_c,"2-C-methyl-D-erythritol 2,4-cyclodiphosphate",C5H10O9P2,276.07502,5,0,0,2
metox__R_c,L methionine R oxide C5H11NO3S,C5H11NO3S,165.21074,5,1,1,0
metox__R_e,L methionine R oxide C5H11NO3S,C5H11NO3S,165.21074,5,1,1,0
mincyc_e,Minocycline,C23H27N3O7,457.47638,23,3,0,0
mincyc_p,Minocycline,C23H27N3O7,457.47638,23,3,0,0
mnl_e,D-Mannitol,C6H14O6,182.17176,6,0,0,0
kdolipid4n_c,KDO-lipid IV(A) (glucosediaminyl),C76H139N4O28P2,1618.87438,76,4,0,2
lipidAn_c,"2,3,2'3'-Tetrakis(beta-hydroxymyristoyl)-D-glucosaminyl-1,6-beta-D-glucosediaminyl 1,4'-bisphosphate",C68H128N4O21P2,1399.70564,68,4,0,2
mobd_p,Molybdate,MoO4,159.9576,0,0,0,0
n2_e,Nitrogen,N2,28.0134,0,2,0,0
n2_p,Nitrogen,N2,28.0134,0,2,0,0
nmn_e,NMN,C11H13N2O8P,332.20328,11,2,0,1
rnam_e,N Ribosylnicotinamide C11H15N2O5,C11H14N2O5,254.23926,11,2,0,0
rdxo_c,Rubredoxin oxidized,Fe1S0,55.845,0,0,0,0
rdxr_c,Rubredoxin reduced,Fe1S0,55.845,0,0,0,0
novbcn_e,Novobiocin,C31H36N2O11,612.62434,31,2,0,0
novbcn_p,Novobiocin,C31H36N2O11,612.62434,31,2,0,0
uri_e,Uridine,C9H12N2O6,244.20138,9,2,0,0
oxa_p,Oxalate,C2O4,88.019,2,0,0,0
pac_e,Phenylacetic acid,C8H7O2,135.13998,8,0,0,0
pac_p,Phenylacetic acid,C8H7O2,135.13998,8,0,0,0
pheme_p,Protoheme,C34FeH30N4O4,614.4714,34,4,0,0
ppap_c,Propanoyl phosphate,C3H5O5P,152.04256,3,0,0,1
ps120_c,"Phosphatidylserine (didodecanoyl, n-C12:0)",C30H57N1O10P1,622.74804,30,1,0,1
ps141_c,"Phosphatidylserine (ditetradec-7-enoyl, n-C14:1)",C34H61N1O10P1,674.8226,34,1,0,1
ps181_c,"Phosphatidylserine (dioctadec-11-enoyl, n-C18:1)",C42H77N1O10P1,787.03524,42,1,0,1
pyr_e,Pyruvate,C3H3O3,87.05412,3,0,0,0
dmlz_c,"6,7-Dimethyl-8-(1-D-ribityl)lumazine",C13H18N4O6,326.30522,13,4,0,0
rfamp_e,Rifampin,C43H58N4O12,822.94022,43,4,0,0
rfamp_p,Rifampin,C43H58N4O12,822.94022,43,4,0,0
sucorn_c,N2-Succinyl-L-ornithine,C9H15N2O5,231.2258,9,2,0,0
salchs4fe_p,Salmochelin-S4-Fe-III,C42FeH47N3O25,1049.67268,42,3,0,0
salchs4fe_c,Salmochelin-S4-Fe-III,C42FeH47N3O25,1049.67268,42,3,0,0
salchs4fe_e,Salmochelin-S4-Fe-III,C42FeH47N3O25,1049.67268,42,3,0,0
sucglu_c,N2-Succinyl-L-glutamate,C9H10NO7,244.1782,9,1,0,0
sucgsa_c,N2-Succinyl-L-glutamate 5-semialdehyde,C9H11NO6,229.18674,9,1,0,0
scl2_c,Sirohydrochlorin 2,C42H38N4O16,854.76832,42,4,0,0
so4_p,Sulfate,O4S,96.0626,0,0,1,0
sucr_e,Sucrose,C12H22O11,342.29648,12,0,0,0
tartr__D_p,D-tartrate,C4H4O6,148.07096,4,0,0,0
tartr__L_c,L-tartrate,C4H4O6,148.07096,4,0,0,0
tartr__D_e,D-tartrate,C4H4O6,148.07096,4,0,0,0
tartr__L_e,L-tartrate,C4H4O6,148.07096,4,0,0,0
tet_e,Tetrathionate,O6S4,224.2564,0,0,4,0
thymd_e,Thymidine,C10H14N2O5,242.22856,10,2,0,0
4hba_c,4-Hydroxy-benzyl alcohol,C7H8O2,124.13722,7,0,0,0
dhgly_c,Dehydroglycine,C2H2NO2,72.04278,2,1,0,0
tre_p,Trehalose,C12H22O11,342.29648,12,0,0,0
ttdcea_e,Tetradecenoate (n-C14:1),C14H25O2,225.3471,14,0,0,0
ttrcyc_e,Tetracycline,C22H24N2O8,444.43456,22,2,0,0
ttrcyc_p,Tetracycline,C22H24N2O8,444.43456,22,2,0,0
u3hgn_c,"UDP-3-N-(3-hydroxytetradecanoyl)-glucose-2,3-diamine",C29H51N4O17P2,789.67936,29,4,0,2
uacgamo_c,UDP-2-acetamido-2-deoxy-alpha-D-ribo-hexopyranos-3-ulose,C17H23N3O17P2,603.32194,17,3,0,2
uacgnn_c,"UDP-2-N-acetylglucose-2,3-diamine",C17H27N4O16P2,605.361,17,4,0,2
u3agn_c,UDP-3-N-(3-hydroxytetradecanoyl)-2-N-acetylglucosediamine,C31H52N4O18P2,830.7081,31,4,0,2
udpLa4o_c,UDP-4-keto-pyranose,C14H18N2O16P2,532.24404,14,2,0,2
udpLa4n_c,Uridine 5''-diphospho-{beta}-4-deoxy-4-amino-L-arabinose,C14H22N3O15P2,534.2831,14,3,0,2
uLa4n_c,Undecaprenyl phosphate-4-amino-4-deoxy-L-arabinose,C60H100N1O7P1,978.41226,60,1,0,1
um4p_c,"UDP-N-acetylmuramoyl-L-alanyl-D-gamma-glutamyl-meso-2,6-diaminopimelate-D-alanine",C38H56N8O27P2,1118.83616,38,8,0,2
xylan12_e,"Xylan (12 backbone units, 3 glcur side chain)",C78H119O67,2128.73926,78,0,0,0
xylan4_e,"Xylan (4 backbone units, 1 glcur side chain)",C26H41O23,721.58994,26,0,0,0
xylan8_e,"Xylan (8 backbone units, 2 glcur side chain)",C52H80O45,1425.1646,52,0,0,0
xyl__D_p,D-Xylose,C5H10O5,150.1299,5,0,0,0
s_p,Sulfur,S,32.065,0,0,1,0
3amp_c,3'-AMP,C10H12N5O7P,345.20534,10,5,0,1
3ump_c,3'-UMP,C9H11N2O9P,322.1654,9,2,0,1
3cmp_c,3'-cmp,C9H12N3O8P,321.18064,9,3,0,1
3gmp_c,3'-GMP,C10H12N5O8P,361.20474,10,5,0,1
2dhglcn_e,2-Dehydro-D-gluconate,C6H9O7,193.13146,6,0,0,0
hco3_e,Bicarbonate,HCO3,61.01684,1,0,0,0
2shchc_c,"2-Succinyl-6-hydroxy-2,4-cyclohexadiene-1-carboxylate",C11H10O6,238.1935,11,0,0,0
ichor_c,Isochorismate,C10H8O6,224.16692,10,0,0,0
3amp_e,3'-AMP,C10H12N5O7P,345.20534,10,5,0,1
3cmp_e,3'-cmp,C9H12N3O8P,321.18064,9,3,0,1
3gmp_e,3'-GMP,C10H12N5O8P,361.20474,10,5,0,1
3hoxpac_p,3 Hydroxyphenylacetic acid C8H8O3,C8H8O3,152.14732,8,0,0,0
3hoxpac_c,3 Hydroxyphenylacetic acid C8H8O3,C8H8O3,152.14732,8,0,0,0
3hoxpac_e,3 Hydroxyphenylacetic acid C8H8O3,C8H8O3,152.14732,8,0,0,0
3ohodcoa_c,3-Oxooctadecanoyl-CoA,C39H64N7O18P3S,1043.94785,39,7,1,3
3ump_e,3'-UMP,C9H11N2O9P,322.1654,9,2,0,1
4hbald_e,4-Hydroxybenzaldehyde,C7H6O2,122.12134,7,0,0,0
5oxpro_c,5-Oxoproline,C5H6NO3,128.10604,5,1,0,0
dtdp4aaddg_c,"DTDP-4-acetamido-4,6-dideoxy-D-galactose",C18H27N3O15P2,587.3656,18,3,0,2
unagamu_c,Undecaprenyl-diphospho-N-acetylglucosamine-N-acetylmannosaminuronate,C71H113N2O18P2,1344.60704,71,2,0,2
unagamuf_c,"Undecaprenyl-diphospho N-acetylglucosamine-N-acetylmannosaminuronate-N-acetamido-4,6-dideoxy-D-galactose",C79H126N3O22P2,1531.80016,79,3,0,2
unaga_c,Undecaprenyl diphospho N-acetyl-glucosamine,C63H103NO12P2,1128.43894,63,1,0,2
uacmamu_c,UDP-N-acetyl-D-mannosaminouronate,C17H22N3O18P2,618.3134,17,3,0,2
oc2coa_c,Trans-Oct-2-enoyl-CoA,C29H44N7O17P3S,887.68265,29,7,1,3
dd2coa_c,Trans-Dodec-2-enoyl-CoA,C33H52N7O17P3S,943.78897,33,7,1,3
airs_c,Aminoimidazole-riboside,C8H13N3O4,215.20652,8,3,0,0
airs_p,Aminoimidazole-riboside,C8H13N3O4,215.20652,8,3,0,0
airs_e,Aminoimidazole-riboside,C8H13N3O4,215.20652,8,3,0,0
alaala_e,D-Alanyl-D-alanine,C6H12N2O3,160.17108,6,2,0,0
LalaDglu_c,L-alanine-D-glutamate,C8H13N2O5,217.19922,8,2,0,0
LalaLglu_c,L-alanine-L-glutamate,C8H13N2O5,217.19922,8,2,0,0
chol_p,Choline,C5H14NO,104.17076,5,1,0,0
chor_e,Chorismate,C10H8O6,224.16692,10,0,0,0
cellb_p,Cellobiose,C12H22O11,342.29648,12,0,0,0
colipa_c,Core oligosaccharide lipid A,C176H303N2O100P4,4171.13747,176,2,0,4
colipa_p,Core oligosaccharide lipid A,C176H303N2O100P4,4171.13747,176,2,0,4
udcpdp_p,Undecaprenyl diphosphate,C55H89O7P2,924.23848,55,0,0,2
cu_p,Cu+,Cu,63.546,0,0,0,0
cu_e,Cu+,Cu,63.546,0,0,0,0
5mcsn_c,5-Methylcytosine,C5H7N3O,125.12858,5,3,0,0
2ddglcn_e,2-Dehydro-3-deoxy-D-gluconate,C6H9O6,177.13206,6,0,0,0
23dhacoa_c,"2,3-dehydroadipyl-CoA",C27H37N7O19P3S,888.60447,27,7,1,3
3hadpcoa_c,(3S)-3-Hydroxyadipyl-CoA,C27H39N7O20P3S,906.61975,27,7,1,3
2dhphaccoa_c,"1,2-Dihydroxy-1,2-dihydrophenylacetyl-CoA",C29H40N7O19P3S,915.64969,29,7,1,3
didp_c,DIDP,C10H11N4O10P2,409.16266,10,4,0,2
thym_c,Thymine,C5H6N2O2,126.11334,5,2,0,0
eca4colipa_e,(enterobacterial common antigen)x4 core oligosaccharide lipid A,C272H447N14O160P4,6597.35243,272,14,0,4
eca4colipa_p,(enterobacterial common antigen)x4 core oligosaccharide lipid A,C272H447N14O160P4,6597.35243,272,14,0,4
eca4und_p,(enterobacterial common antigen)x4 undecaprenyl-diphosphate,C151H234N12O67P2,3351.46138,151,12,0,2
eca2und_p,(enterobacterial common antigen)x2 undecaprenyl-diphosphate,C103H162N6O37P2,2138.3539,103,6,0,2
unagamuf_p,"Undecaprenyl-diphospho N-acetylglucosamine-N-acetylmannosaminuronate-N-acetamido-4,6-dideoxy-D-galactose",C79H126N3O22P2,1531.80016,79,3,0,2
eca3und_p,(enterobacterial common antigen)x3 undecaprenyl-diphosphate,C127H198N9O52P2,2744.90764,127,9,0,2
enlipa_e,Phosphoethanolamine KDO(2)-lipid (A),C112H202N3O42P3,2355.71847,112,3,0,3
enlipa_p,Phosphoethanolamine KDO(2)-lipid (A),C112H202N3O42P3,2355.71847,112,3,0,3
Sfglutth_c,S-Formylglutathione,C11H16N3O7S,334.32564,11,3,1,0
hmgth_c,Hydroxymethylglutathione,C11H18N3O7S,336.34152,11,3,1,0
no_c,Nitric oxide,NO,30.0061,0,1,0,0
Nforglu_c,N-Formyl-L-glutamate,C6H9NO5,175.13936,6,1,0,0
5forthf_c,5forthf c,C20H22N8O6,470.43868,20,8,0,0
g3pe_e,Sn-Glycero-3-phosphoethanolamine,C5H14NO6P,215.14152,5,1,0,1
g3pi_c,Sn-Glycero-3-phospho-1-inositol,C9H18O11P,333.20638,9,0,0,1
g3pi_p,Sn-Glycero-3-phospho-1-inositol,C9H18O11P,333.20638,9,0,0,1
g3pi_e,Sn-Glycero-3-phospho-1-inositol,C9H18O11P,333.20638,9,0,0,1
g3ps_c,Glycerophosphoserine,C6H13NO8P,258.14308,6,1,0,1
g3ps_p,Glycerophosphoserine,C6H13NO8P,258.14308,6,1,0,1
g3ps_e,Glycerophosphoserine,C6H13NO8P,258.14308,6,1,0,1
gagicolipa_c,Galactosyl-glucosyl-inner core oligosaccharide lipid A,C157H271N2O84P4,3654.68969,157,2,0,4
gicolipa_c,Glucosyl-inner core oligosaccharide lipid A,C151H261N2O79P4,3492.54909,151,2,0,4
gluala_c,5 L Glutamyl L alanine C8H13N2O5,C8H13N2O5,217.19922,8,2,0,0
icolipa_c,Inner core oligosaccharide lipid A (E coli),C145H251N2O74P4,3330.40849,145,2,0,4
ggagicolipa_c,Glucosyl-galactosyl-glucosyl-inner core oligosaccharide lipid A,C163H281N2O89P4,3816.83029,163,2,0,4
gggagicolipa_c,Glucosyl-glucosyl-galactosyl-glucosyl-inner core oligosaccharide lipid A,C169H291N2O94P4,3978.97089,169,2,0,4
xyl4_c,Xylotetraose,C20H34O17,546.47376,20,0,0,0
xylan4_c,"Xylan (4 backbone units, 1 glcur side chain)",C26H41O23,721.58994,26,0,0,0
glcur_e,D-Glucuronate,C6H9O7,193.13146,6,0,0,0
h2co3_c,Carbonic acid,H2CO3,62.02478,1,0,0,0
phhlipa_c,Phospho-heptosyl-heptosyl-kdo2-lipidA,C124H219N2O54P3,2694.96795,124,2,0,3
hphhlipa_c,Heptosyl-phospho-heptosyl-heptosyl-kdo2-lipidA,C131H231N2O60P3,2887.13453,131,2,0,3
phphhlipa_c,Phospho-heptosyl-phospho-heptosyl-heptosyl-kdo2-lipidA,C131H230N2O63P4,2965.09855,131,2,0,4
hxa_e,Hexanoate (n-C6:0),C6H11O2,115.15034,6,0,0,0
lmn2_c,Laminaribiose,C12H22O11,342.29648,12,0,0,0
mal__D_c,D-Malate,C4H4O5,132.07156,4,0,0,0
mal__D_e,D-Malate,C4H4O5,132.07156,4,0,0,0
kphphhlipa_c,Kdo-phospho-heptosyl-phospho-heptosyl-heptosyl-kdo2-lipidA,C139H241N2O70P4,3184.26729,139,2,0,4
mococdp_c,Molybdopterin cytosine dinucleotide,C19H22N8O15P2S2Mo,824.4601,19,8,2,2
no_e,Nitric oxide,NO,30.0061,0,1,0,0
2oxpaccoa_c,2-oxepin-2(3H)-ylideneacetyl-CoA,C29H38N7O18P3S,897.63441,29,7,1,3
3oxdhscoa_c,"3-oxo-5,6-dehydrosuberyl-CoA",C29H39N7O20P3S,930.64115,29,7,1,3
rephaccoa_c,"Ring 1,2-epoxyphenylacetyl-CoA",C29H38N7O18P3S,897.63441,29,7,1,3
pser__L_e,O-Phospho-L-serine,C3H6NO6P,183.0566,3,1,0,1
urate_e,Urate,C5H4N4O3,168.11026,5,4,0,0
sucbz_c,O-Succinylbenzoate,C11H8O5,220.17822,11,0,0,0
sucr_p,Sucrose,C12H22O11,342.29648,12,0,0,0
dtdp4addg_c,"DTDP-4-amino-4,6-dideoxy-D-galactose",C16H26N3O14P2,546.33686,16,3,0,2
uacmam_c,UDP-N-acetyl-D-mannosamine,C17H25N3O17P2,605.33782,17,3,0,2
thm_p,Thiamin,C12H17N4OS,265.35458,12,4,1,0
urea_p,Urea,CH4N2O,60.05526,1,2,0,0
xylu__L_p,L-Xylulose,C5H10O5,150.1299,5,0,0,0
xylu__L_e,L-Xylulose,C5H10O5,150.1299,5,0,0,0
12ppd__S_e,"(S)-Propane-1,2-diol",C3H8O2,76.09442,3,0,0,0
3mb_p,3-Methylbutanoic acid,C5H9O2,101.12376,5,0,0,0
3mb_e,3-Methylbutanoic acid,C5H9O2,101.12376,5,0,0,0
4hba_e,4-Hydroxy-benzyl alcohol,C7H8O2,124.13722,7,0,0,0
4hbz_e,4-Hydroxybenzoate,C7H5O3,137.1128,7,0,0,0
4hbz_p,4-Hydroxybenzoate,C7H5O3,137.1128,7,0,0,0
ac_e,Acetate,C2H3O2,59.04402,2,0,0,0
n6all26d_c,"N6-Acetyl-LL-2,6-diaminoheptanedioate",C9H15N2O5,231.2258,9,2,0,0
nal2a6o_c,N-Acetyl-L-2-amino-6-oxopimelate,C9H11NO6,229.18674,9,1,0,0
ser__L_e,L-Serine,C3H7NO3,105.09258,3,1,0,0
meoh_e,Methanol,CH4O1,32.04186,1,0,0,0
but_p,Butyrate (n-C4:0),C4H7O2,87.09718,4,0,0,0
pyr_p,Pyruvate,C3H3O3,87.05412,3,0,0,0
ni2_e,Nickel,Ni,58.6934,0,0,0,0
cro4_e,Chromate,CrO4,115.9937,0,0,0,0
2dh3dgal_c,2-Dehydro-3-deoxy-D-galactonate,C6H9O6,177.13206,6,0,0,0
2dh3dgal6p_c,2-Dehydro-3-deoxy-D-galactonate 6-phosphate,C6H8O9P,255.09608,6,0,0,1
lac__D_e,D-Lactate,C3H5O3,89.07,3,0,0,0
lac__D_p,D-Lactate,C3H5O3,89.07,3,0,0,0
etoh_e,Ethanol,C2H6O,46.06844,2,0,0,0
etoh_p,Ethanol,C2H6O,46.06844,2,0,0,0
h2_e,H2,H2,2.01588,0,0,0,0
frmd_e,Formamide,CH3NO,45.04062,1,1,0,0
frmd_p,Formamide,CH3NO,45.04062,1,1,0,0
galctn__D_c,D-Galactonate,C6H11O7,195.14734,6,0,0,0
galctn__D_e,D-Galactonate,C6H11O7,195.14734,6,0,0,0
glyald_p,D-Glyceraldehyde,C3H6O3,90.07794,3,0,0,0
glyclt_e,Glycolate,C2H3O3,75.04342,2,0,0,0
h2_p,H2,H2,2.01588,0,0,0,0
lcts_p,Lactose,C12H22O11,342.29648,12,0,0,0
LalaLglu_e,L-alanine-L-glutamate,C8H13N2O5,217.19922,8,2,0,0
LalaLglu_p,L-alanine-L-glutamate,C8H13N2O5,217.19922,8,2,0,0
lac__L_p,L-Lactate,C3H5O3,89.07,3,0,0,0
1ddecg3p_p,1-dodecanoyl-sn-glycerol 3-phosphate,C15H29O7P1,352.36032,15,0,0,1
1tdec7eg3p_p,1-tetradec-7-enoyl-sn-glycerol 3-phosphate,C17H31O7P1,378.3976,17,0,0,1
1odecg3p_p,1-octadecanoyl-sn-glycerol 3-phosphate,C21H41O7P1,436.5198,21,0,0,1
1odec11eg3p_p,1-octadec-11-enoyl-sn-glycerol 3-phosphate,C21H39O7P1,434.50392,21,0,0,1
1agpe180_p,1-Acyl-sn-glycero-3-phosphoethanolamine (n-C18:0),C23H48NO7P1,481.60348,23,1,0,1
meoh_p,Methanol,CH4O1,32.04186,1,0,0,0
udcpdp_e,Undecaprenyl diphosphate,C55H89O7P2,924.23848,55,0,0,2
mso3_p,Methanesulfonate,CH3O3S,95.09772,1,0,1,0
peamn_c,Phenethylamine,C8H12N,122.18758,8,1,0,0
ppa_p,Propionate (n-C3:0),C3H5O2,73.0706,3,0,0,0
ppa_e,Propionate (n-C3:0),C3H5O2,73.0706,3,0,0,0
scl_c,Sirohydrochlorin,C42H39N4O16,855.77626,42,4,0,0
tol_p,Toluene,C7H8,92.13842,7,0,0,0
tol_e,Toluene,C7H8,92.13842,7,0,0,0
udcpp_e,Undecaprenyl phosphate,C55H89O4P,845.26652,55,0,0,1
xan_e,Xanthine,C5H4N4O2,152.11086,5,4,0,0
Lpipecol_c,L-Pipecolate,C6H11NO2,129.15704,6,1,0,0
1pipdn2c_c,Delta1-Piperideine-2-carboxylate,C6H9NO2,127.14116,6,1,0,0
L2aadp_c,L 2 Aminoadipate C6H10NO4,C6H10NO4,160.1479,6,1,0,0
2hxmp_c,2  Hydroxymethyl phenol C7H8O2,C7H8O2,124.13722,7,0,0,0
2hxmp_e,2  Hydroxymethyl phenol C7H8O2,C7H8O2,124.13722,7,0,0,0
2oxoadp_c,2 Oxoadipate C6H6O5,C6H6O5,158.10884,6,0,0,0
2pg_e,D-Glycerate 2-phosphate,C3H4O7P,183.03342,3,0,0,1
2pg_p,D-Glycerate 2-phosphate,C3H4O7P,183.03342,3,0,0,1
3mb_c,3-Methylbutanoic acid,C5H9O2,101.12376,5,0,0,0
3pg_e,3-Phospho-D-glycerate,C3H4O7P,183.03342,3,0,0,1
3pg_p,3-Phospho-D-glycerate,C3H4O7P,183.03342,3,0,0,1
4hthr_e,4-Hydroxy-L-threonine,C4H9NO4,135.11856,4,1,0,0
4hthr_p,4-Hydroxy-L-threonine,C4H9NO4,135.11856,4,1,0,0
salcn6p_c,Salicin 6-phosphate,C13H17O10P,364.24184,13,0,0,1
L2aadp6sa_c,L 2 Aminoadipate 6 semialdehyde C6H11NO3,C6H11NO3,145.15644,6,1,0,0
thp2c_c,"2,3,4,5-Tetrahydropyridine-2-carboxylate",C6H8NO2,126.13322,6,1,0,0
4abut_e,4-Aminobutanoate,C4H9NO2,103.11976,4,1,0,0
acolipa_e,4-Amino-4-deoxy-L-arabinose modified core oligosaccharide lipid A,C181H314N3O103P4,4304.28321,181,3,0,4
acolipa_p,4-Amino-4-deoxy-L-arabinose modified core oligosaccharide lipid A,C181H314N3O103P4,4304.28321,181,3,0,4
acon_C_e,Cis-Aconitate,C6H3O6,171.08442,6,0,0,0
acon_C_p,Cis-Aconitate,C6H3O6,171.08442,6,0,0,0
alltn_e,Allantoin,C4H6N4O3,158.11544,4,4,0,0
6a2ohxnt_c,6-Amino-2-oxohexanoate,C6H11NO3,145.15644,6,1,0,0
15dap_c,"1,5-Diaminopentane",C5H16N2,104.19394,5,2,0,0
o2s_c,Superoxide anion,O2,31.9988,0,0,0,0
ficytcc553_c,Ferricytochrome c-553,C42H54FeN8O6S2,886.90316,42,8,2,0
focytcc553_c,Ferrocytochrome c-553,C42H54FeN8O6S2,886.90316,42,8,2,0
hco3_p,Bicarbonate,HCO3,61.01684,1,0,0,0
15dap_e,"1,5-Diaminopentane",C5H16N2,104.19394,5,2,0,0
lipa_cold_e,Cold adapted KDO(2)-lipid (A),C114H202N2O39P2,2286.7612,114,2,0,2
lipa_cold_p,Cold adapted KDO(2)-lipid (A),C114H202N2O39P2,2286.7612,114,2,0,2
colipa_e,Core oligosaccharide lipid A,C176H303N2O100P4,4171.13747,176,2,0,4
dha_e,Dihydroxyacetone,C3H6O3,90.07794,3,0,0,0
lys__D_c,D-Lysine,C6H15N2O2,147.1955,6,2,0,0
dms_e,Dimethyl sulfide,C2H6S,62.13404,2,0,1,0
dmso_e,Dimethyl sulfoxide,C2H6OS,78.13344,2,0,1,0
ser__D_e,D-Serine,C3H7NO3,105.09258,3,1,0,0
kdo2lipid4p_c,KDO(2)-lipid IV(A) with palmitoleoyl,C100H176N2O38P2,2076.40556,100,2,0,2
lipa_cold_c,Cold adapted KDO(2)-lipid (A),C114H202N2O39P2,2286.7612,114,2,0,2
S_gtrdhdlp_c,S-Glutaryldihydrolipoamide,C13H22NO4S2,320.44808,13,1,2,0
glucys_c,Gamma-L-Glutamyl-L-cysteine,C8H13N2O5S,249.26422,8,2,1,0
gthox_e,Oxidized glutathione,C20H28N6O12S2,608.59932,20,6,2,0
h2o2_e,Hydrogen peroxide,H2O2,34.01468,0,0,0,0
4mhetz_c,4-Methyl-5-(2-hydroxyethyl)-thiazole,C6H9NOS,143.20676,6,1,1,0
icit_e,Isocitrate,C6H5O7,189.0997,6,0,0,0
icit_p,Isocitrate,C6H5O7,189.0997,6,0,0,0
malttre_c,Maltosyltrehalose,C24H42O21,666.57768,24,0,0,0
nh4oh_c,Ammonium hydroxide,H5NO,35.0458,0,1,0,0
no_p,Nitric oxide,NO,30.0061,0,1,0,0
oaa_e,Oxaloacetate,C4H2O5,130.05568,4,0,0,0
oaa_p,Oxaloacetate,C4H2O5,130.05568,4,0,0,0
rbt_c,Ribitol,C5H12O5,152.14578,5,0,0,0
rbt_e,Ribitol,C5H12O5,152.14578,5,0,0,0
salcn_e,Salicin,C13H18O7,286.27782,13,0,0,0
salcn_p,Salicin,C13H18O7,286.27782,13,0,0,0
udpLa4fn_c,Uridine 5''-diphospho-{beta}-4-deoxy-4-formamido-L-arabinose,C15H21N3O16P2,561.28526,15,3,0,2
uLa4fn_c,Undecaprenyl phosphate-4-amino-4-formyl-L-arabinose,C61H99N1O8P1,1005.41442,61,1,0,1
xtsn_e,Xanthosine,C10H12N4O6,284.22548,10,4,0,0
aps_p,Adenosine 5'-phosphosulfate,C10H12N5O10PS,425.26854,10,5,1,1
R_3hhcoa_c,(R)-Hydroxyhexanoyl-CoA,C27H42N7O18P3S,877.64477,27,7,1,3
3hpimcoa_c,3-Hydroxypimelyl-CoA,C28H46N7O20P3S,925.68603,28,7,1,3
3opimcoa_c,3-Oxopimeloyl-CoA,C28H44N7O20P3S,923.67015,28,7,1,3
LalaDgluMdap_e,"L-alanine-D-glutamate-meso-2,6-diaminoheptanedioate",C15H25N4O8,389.381,15,4,0,0
dgal6p_c,D-Galactose 6-phosphate,C6H11O9P,258.1199,6,0,0,1
lac6p_c,Lactose-6-phosphate,C12H21O14P,420.2605,12,0,0,1
arach_c,Arachidic acid,C20H39O2,311.52246,20,0,0,0
arachACP_c,Eicosanoyl-ACP (n-C20:0),C404H641N96O143PS3,9258.1385,404,96,3,1
asn__L_p,L-Asparagine,C4H8N2O3,132.11792,4,2,0,0
aso3_c,Arsenite,AsO3,122.9198,0,0,0,0
aso3_p,Arsenite,AsO3,122.9198,0,0,0,0
aso3_e,Arsenite,AsO3,122.9198,0,0,0,0
aso4_c,Arsenate,AsO4,138.9192,0,0,0,0
aso4_p,Arsenate,AsO4,138.9192,0,0,0,0
aso4_e,Arsenate,AsO4,138.9192,0,0,0,0
ch15deccoa_c,"Cyclohexa-1,5-dienecarbonyl-CoA",C28H42N7O17P3S,873.65607,28,7,1,3
bzalc_c,Benzyl alcohol,C7H8O,108.13782,7,0,0,0
bzsuccoa_c,Benzylsuccinyl-CoA,C32H41N7O19P3S,952.68973,32,7,1,3
phitcoa_c,E-Phenylitaconyl-CoA,C32H39N7O19P3S,950.67385,32,7,1,3
bzsucc_c,Benzylsuccinate,C11H10O4,206.1947,11,0,0,0
tol_c,Toluene,C7H8,92.13842,7,0,0,0
cell6_c,Cellulose (n=6 repeating units),C36H62O31,990.85888,36,0,0,0
cell6_e,Cellulose (n=6 repeating units),C36H62O31,990.85888,36,0,0,0
6hch1eccoa_c,6-Hydroxycyclohex-1-ene-1-carboxyl-CoA,C28H44N7O18P3S,891.67135,28,7,1,3
citr__L_e,L-Citrulline,C6H13N3O3,175.18572,6,3,0,0
prephth_c,Phthiocerol precursor,C32H61O5,525.82374,32,0,0,0
mbhn_c,Methyl behenic acid,C23H45O2,353.6022,23,0,0,0
dmlgnc_c,Dimethyl lignoceric acid,C26H51O2,395.68194,26,0,0,0
tmhexc_c,Tri-methyl hexacosanoate,C29H57O2,437.76168,29,0,0,0
tamocta_c,Tetra-methyl octacosanoate,C32H63O2,479.84142,32,0,0,0
gln__L_p,L-Glutamine,C5H10N2O3,146.1445,5,2,0,0
hmpscoa_c,(Hydroxymethylphenyl)succinyl-CoA,C32H41N7O20P3S,968.68913,32,7,1,3
6occhcoa_c,6-oxocyclohex-1-ene-1-carboxyl-CoA,C28H38N7O18P3S,885.62371,28,7,1,3
1agpe120_p,1-Acyl-sn-glycero-3-phosphoethanolamine (n-C12:0),C17H36NO7P1,397.444,17,1,0,1
nac_p,Nicotinate,C6H4NO2,122.10146,6,1,0,0
ssaltpp_c,Succinate semialdehyde-thiamin diphosphate anion,C16H21N4O10P2S,523.37126,16,4,1,2
phthiocerol_c,Phthiocerol A,C32H66O3,498.86464,32,0,0,0
pdima_c,Phthiocerol dimycocerosate A (Mtb),C96H190O5,1424.5328,96,0,0,0
pdima_e,Phthiocerol dimycocerosate A (Mtb),C96H190O5,1424.5328,96,0,0,0
phthdl_c,Phthiodolone,C31H62O3,482.82218,31,0,0,0
prephthACP_c,Phthiocerol precursor bound ACP,C416H663N96O146PS3,9472.43978,416,96,3,1
pydxn_e,Pyridoxine,C8H11NO3,169.17784,8,1,0,0
tyr__L_e,L-Tyrosine,C9H11NO3,181.18854,9,1,0,0
2sephchc_c,2-succinyl-5-enolpyruvyl-6-hydroxy-3-cyclohexene-1-carboxylate,C14H13O9,325.24762,14,0,0,0
vanlt_c,Vanillate,C8H7O4,167.13878,8,0,0,0
vanlt_p,Vanillate,C8H7O4,167.13878,8,0,0,0
vanlt_e,Vanillate,C8H7O4,167.13878,8,0,0,0
4abz_e,4-Aminobenzoate,C7H6NO2,136.12804,7,1,0,0
acmum_p,N-Acetylmuramate,C11H18NO8,292.26252,11,1,0,0
acmum_e,N-Acetylmuramate,C11H18NO8,292.26252,11,1,0,0
amp_e,AMP,C10H12N5O7P,345.20534,10,5,0,1
cell4_e,Cellulose (n=4 repeating units),C24H42O21,666.57768,24,0,0,0
cell500_e,"Celluose (n=500 repeating units, beta-1,4 glc)",C3000H5002O2501,81088.31528,3000,0,0,0
elao_e,Anode (oxidized),X,0.0,0,0,0,0
elar_e,Anode  (reduced),X,0.0,0,0,0,0
omcho_e,Outer Membrane Cytochrome c type oxidized (high potential),C42H54FeN8O6S2,886.90316,42,8,2,0
omchr_e,Outer Membrane Cytochrome c reduced (high potential),C42H54FeN8O6S2,886.90316,42,8,2,0
isetac_c,Isethionic acid,C2H5O4S,125.1237,2,0,1,0
glcman600_e,"Glucomannan (n=600 repeat units, glc beta-1,4 man)",C3600H6002O3001,97302.37528,3600,0,0,0
2h3opp_c,2 Hydroxy 3 oxopropanoate C3H3O4,C3H3O4,103.05352,3,0,0,0
glucan1500_e,"Beta-1,3/1,4-glucan (Barley, n=1500, Glc beta1->3,4 Glc)",C9000H15002O7501,243228.91528,9000,0,0,0
glycogen_e,Glycogen,C6H10O5,162.1406,6,0,0,0
ham_c,Hydroxylamine,NH3O,33.02992,0,1,0,0
isetac_p,Isethionic acid,C2H5O4S,125.1237,2,0,1,0
isetac_e,Isethionic acid,C2H5O4S,125.1237,2,0,1,0
LalaDglu_e,L-alanine-D-glutamate,C8H13N2O5,217.19922,8,2,0,0
LalaDglu_p,L-alanine-D-glutamate,C8H13N2O5,217.19922,8,2,0,0
pydam_e,Pyridoxamine,C8H13N2O2,169.20102,8,2,0,0
pydam_p,Pyridoxamine,C8H13N2O2,169.20102,8,2,0,0
taur_p,Taurine,C2H6NO3S,124.13894,2,1,1,0
thym_e,Thymine,C5H6N2O2,126.11334,5,2,0,0
14glucan_p,"1,4-alpha-D-glucan",C36H62O31,990.85888,36,0,0,0
14glucan_e,"1,4-alpha-D-glucan",C36H62O31,990.85888,36,0,0,0
Lcyst_c,L-Cysteate,C3H6NO5S,168.14844,3,1,1,0
35cgmp_c,"3',5'-Cyclic GMP",C10H11N5O7P,344.1974,10,5,0,1
3hcinnm_c,3-hydroxycinnamic acid,C9H7O3,163.15008,9,0,0,0
3hpppn_c,3-(3-hydroxy-phenyl)propionate,C9H9O3,165.16596,9,0,0,0
3oxoadp_e,3-Oxoadipate,C6H6O5,158.10884,6,0,0,0
3oxoadp_p,3-Oxoadipate,C6H6O5,158.10884,6,0,0,0
4mbzald_c,P-methylbenzaldehyde,C8H8O,120.14852,8,0,0,0
4mbzalc_c,4-methylbenzyl alcohol,C8H10O,122.1644,8,0,0,0
p_tol_c,P-toluate,C8H7O2,135.13998,8,0,0,0
hmccms_c,"2-Hydroxy-5-methyl-cis,cis-muconic semialdehyde",C7H7O4,155.12808,7,0,0,0
4mcat_c,4-Methylcatechol,C7H8O2,124.13722,7,0,0,0
op4en_c,2-Oxopent-4-enoate,C5H5O3,113.0914,5,0,0,0
oxalc_c,4-oxalocrotonate,C6H4O5,156.09296,6,0,0,0
2hchd_c,"2-Hydroxy-cis-hex-2,4-dienoate",C6H7O3,127.11798,6,0,0,0
2omcm_c,2-oxo-5-methyl-cis-muconate,C7H6O5,170.11954,7,0,0,0
2hmc_c,2-Hydroxymuconate,C6H4O5,156.09296,6,0,0,0
hmccm_c,"2-Hydroxy-5-methyl-cis,cis-muconate",C7H6O5,170.11954,7,0,0,0
crn_c,L-Carnitine,C7H15NO3,161.1989,7,1,0,0
akg_p,2-Oxoglutarate,C5H4O5,144.08226,5,0,0,0
ala__L_p,L-Alanine,C3H7NO2,89.09318,3,1,0,0
btoh_e,Butanol,C4H10O,74.1216,4,0,0,0
btoh_p,Butanol,C4H10O,74.1216,4,0,0,0
butso3_c,Butanesulfonate,C4H9O3S,137.17746,4,0,1,0
butso3_p,Butanesulfonate,C4H9O3S,137.17746,4,0,1,0
butso3_e,Butanesulfonate,C4H9O3S,137.17746,4,0,1,0
2hmcnsad_c,2-Hydroxymuconate semialdehyde,C6H6O4,142.10944,6,0,0,0
catechol_p,Catechol,C6H6O2,110.11064,6,0,0,0
catechol_e,Catechol,C6H6O2,110.11064,6,0,0,0
cit_p,Citrate,C6H5O7,189.0997,6,0,0,0
crn_e,L-Carnitine,C7H15NO3,161.1989,7,1,0,0
crn_p,L-Carnitine,C7H15NO3,161.1989,7,1,0,0
gbbtn_c,Gamma-butyrobetaine,C7H15NO2,145.1995,7,1,0,0
gbbtn_e,Gamma-butyrobetaine,C7H15NO2,145.1995,7,1,0,0
csn_e,Cytosine,C4H5N3O,111.102,4,3,0,0
dh4mchc_c,"Cis-1,2-Dihydroxy-4-methylcyclohexa-3,5-diene-1-carboxylate",C8H9O4,169.15466,8,0,0,0
dhbpt_c,"6,7-Dihydrobiopterin",C9H13N5O3,239.23122,9,5,0,0
thbpt_c,Tetrahydrobiopterin,C9H15N5O3,241.2471,9,5,0,0
3fe4s_c,[3Fe-4S] damaged iron-sulfur cluster,S4Fe3,295.795,0,0,4,0
glcn__D_c,D Gluconate C6H11O7,C6H11O7,195.14734,6,0,0,0
glcn__D_e,D Gluconate C6H11O7,C6H11O7,195.14734,6,0,0,0
glyb_p,Glycine betaine,C5H11NO2,117.14634,5,1,0,0
gtspmd_c,Glutathionylspermidine,C17H36N6O5S,436.56994,17,6,1,0
3hcinnm_e,3-hydroxycinnamic acid,C9H7O3,163.15008,9,0,0,0
3hcinnm_p,3-hydroxycinnamic acid,C9H7O3,163.15008,9,0,0,0
4h2opntn_c,4-Hydroxy-2-oxopentanoate,C5H7O4,131.10668,5,0,0,0
4hoxoh_c,4-Hydroxy-2-oxohexanoic acid,C6H9O4,145.13326,6,0,0,0
3hpppn_e,3-(3-hydroxy-phenyl)propionate,C9H9O3,165.16596,9,0,0,0
3hpppn_p,3-(3-hydroxy-phenyl)propionate,C9H9O3,165.16596,9,0,0,0
Lcyst_e,L-Cysteate,C3H6NO5S,168.14844,3,1,1,0
agpe_EC_c,Acyl-glycerophosphoethanolamine  (E.coli),C1093H2224O350N50P50,23218.16676,1093,50,0,50
1agpe141_p,1-Acyl-sn-glycero-3-phosphoethanolamine (n-C14:1),C19H38NO7P1,423.48128,19,1,0,1
murein3px4p_p,"Two disacharide linked murein units, tripeptide crosslinked tetrapeptide (A2pm->D-ala) (middle of chain)",C71H107N13O38,1750.67358,71,13,0,0
nmn_p,NMN,C11H14N2O8P,333.21122,11,2,0,1
udcdpgalrmnman_c,Undecaprenyl-diphosphate-galactose-rhamnose-mannose,C73H120O21P2,1395.66882,73,0,0,2
udcdpgal_c,Undecaprenyl-diphosphate-galactose,C61H100O12P2,1087.38702,61,0,0,2
udcdpgalrmn_c,Undecaprenyl-diphosphate-galactose-rhamnose,C67H110O16P2,1233.52822,67,0,0,2
pe_EC_c,Phosphatidylethanolamine (ecoli),C1936H3748N50O400P50,35679.25742,1936,50,0,50
ps_EC_c,Phosphatidylserine (Ecoli),C1986H3698N50O500P50,37829.33542,1986,50,0,50
p_xyl_c,P-methyltoluene,C8H10,106.165,8,0,0,0
p_xyl_e,P-methyltoluene,C8H10,106.165,8,0,0,0
p_xyl_p,P-methyltoluene,C8H10,106.165,8,0,0,0
uri_p,Uridine,C9H12N2O6,244.20138,9,2,0,0
cytd_p,Cytidine,C9H13N3O5,243.21662,9,3,0,0
adn_p,Adenosine,C10H13N5O4,267.24132,10,5,0,0
gsn_p,Guanosine,C10H13N5O5,283.24072,10,5,0,0
4hbzACP_c,4-hydroxybenzoyl ACP,C391H607O144N96PS3,9083.72884,391,96,3,1
acac_p,Acetoacetate,C4H5O3,101.0807,4,0,0,0
rhcys_c,S-Ribosyl-L-homocysteine,C9H17NO6S,267.29938,9,1,1,0
aacald_c,Aminoacetaldehyde,C2H6NO,60.07514,2,1,0,0
amp_p,AMP,C10H12N5O7P,345.20534,10,5,0,1
arachcoa_c,Arachidyl coenzyme A,C41H70N7O17P3S,1058.01749,41,7,1,3
pg_EC_c,Phosphatidylglycerol (Ecoli),C1986H3748O500P50,37179.39742,1986,0,0,50
cmp_e,CMP,C9H12N3O8P,321.18064,9,3,0,1
cmp_p,CMP,C9H12N3O8P,321.18064,9,3,0,1
ctbt_c,Crotonobetaine,C7H13NO2,143.18362,7,1,0,0
ctbt_p,Crotonobetaine,C7H13NO2,143.18362,7,1,0,0
cyanphy_c,Cyanophycin (multi-Larginyl-poli [L--aspartic acid]) polimer (n+2),C10H17N5O4R,271.27308,10,5,0,0
precyanphy_c,Cyanophycin (multi-Larginyl-poli [L--aspartic acid]) polimer (n),R,0.0,0,0,0,0
dad_2_p,Deoxyadenosine,C10H13N5O3,251.24192,10,5,0,0
damp_e,DAMP,C10H12N5O6P,329.20594,10,5,0,1
damp_p,DAMP,C10H12N5O6P,329.20594,10,5,0,1
dcmp_e,DCMP,C9H12N3O7P,305.18124,9,3,0,1
dcmp_p,DCMP,C9H12N3O7P,305.18124,9,3,0,1
dcyt_p,Deoxycytidine,C9H13N3O4,227.21722,9,3,0,0
dgmp_e,DGMP,C10H12N5O7P,345.20534,10,5,0,1
dgmp_p,DGMP,C10H12N5O7P,345.20534,10,5,0,1
dgsn_p,Deoxyguanosine,C10H13N5O4,267.24132,10,5,0,0
23dhb_c,"2,3-Dihydroxybenzoate",C7H5O4,153.1122,7,0,0,0
23dhba_c,"(2,3-Dihydroxybenzoyl)adenylate",C17H17N5O10P,482.31814,17,5,0,1
23dhbzs_c,"2,3-dihydroxybenzoylserine",C10H10NO6,240.1895,10,1,0,0
dtmp_e,DTMP,C10H13N2O8P,320.19258,10,2,0,1
dtmp_p,DTMP,C10H13N2O8P,320.19258,10,2,0,1
seramp_c,L-seryl-AMP,C13H19N6O9P,434.29852,13,6,0,1
ethso3_c,Ethanesulfonate,C2H5O3S,109.1243,2,0,1,0
ethso3_p,Ethanesulfonate,C2H5O3S,109.1243,2,0,1,0
ethso3_e,Ethanesulfonate,C2H5O3S,109.1243,2,0,1,0
prephthcoa_c,Phthiocerol precursor bound coenzyme A,C53H92N7O20P3S,1272.31877,53,7,1,3
phdcaACP_c,Phenol palmitic acid ACP,C407H639N96O144PS3,9308.15412,407,96,3,1
sulfac_c,Sulfoacetate,C2H2O5S,138.09928,2,0,1,0
galman600_e,"Galactomannan (n=600 repeat units mannose, alpha-1,4 man)",C3600H6002O3001,97302.37528,3600,0,0,0
gmp_e,GMP,C10H12N5O8P,361.20474,10,5,0,1
gmp_p,GMP,C10H12N5O8P,361.20474,10,5,0,1
imp_e,IMP,C10H11N4O8P,346.1901,10,4,0,1
imp_p,IMP,C10H11N4O8P,346.1901,10,4,0,1
ins_p,Inosine,C10H12N4O5,268.22608,10,4,0,0
Lcyst_p,L-Cysteate,C3H6NO5S,168.14844,3,1,1,0
agpg_EC_c,Acyl-glycerophosphoglycerol  (E.coli),C1143H2224O450P50,24718.30676,1143,0,0,50
malttrtre_c,Maltotriosyltrehalose,C30H52O26,828.71828,30,0,0,0
maltttrtre_c,Maltotetraosyltrehalose,C36H62O31,990.85888,36,0,0,0
maltpttre_c,Maltopentaosyltrehalose,C42H72O36,1152.99948,42,0,0,0
ump_e,UMP,C9H11N2O9P,322.1654,9,2,0,1
xmp_p,Xanthosine 5'-phosphate,C10H11N4O9P,362.1895,10,4,0,1
xtsn_p,Xanthosine,C10H12N4O6,284.22548,10,4,0,0
ump_p,UMP,C9H11N2O9P,322.1654,9,2,0,1
thymd_p,Thymidine,C10H14N2O5,242.22856,10,2,0,0
pgp_EC_c,Phosphatidylglycerophosphate (Ecoli),C1986H3698O650P100,41077.59852,1986,0,0,100
prepphth_c,Phenolic phthiocerol precursor,C35H59O6,575.83936,35,0,0,0
pphthdl_c,Phenolic phthiodiolone,C34H60O4,532.8378,34,0,0,0
pphthiocerol_c,Phenolphtiocerol,C35H64O4,548.88026,35,0,0,0
ppdima_c,Phenol phthiocerol dimycocerosate (Mtb),C99H188O6,1474.54842,99,0,0,0
ppdima_e,Phenol phthiocerol dimycocerosate (Mtb),C99H188O6,1474.54842,99,0,0,0
prepphthACP_c,Phenolic phthiocerol precursor bound ACP,C419H661N96O147PS3,9522.4554,419,96,3,1
skm_e,Shikimate,C7H9O5,173.14336,7,0,0,0
skm_p,Shikimate,C7H9O5,173.14336,7,0,0,0
sulfac_p,Sulfoacetate,C2H2O5S,138.09928,2,0,1,0
sulfac_e,Sulfoacetate,C2H2O5S,138.09928,2,0,1,0
tma_e,Trimethylamine,C3H10N,60.1182,3,1,0,0
tmao_e,Trimethylamine N-oxide,C3H9NO,75.10966,3,1,0,0
xmp_e,Xanthosine 5'-phosphate,C10H11N4O9P,362.1895,10,4,0,1
34dhcinm_p,"3,4-Dihydroxy-trans-cinnamate",C9H7O4,179.14948,9,0,0,0
34dhcinm_e,"3,4-Dihydroxy-trans-cinnamate",C9H7O4,179.14948,9,0,0,0
34dhcinm_c,"3,4-Dihydroxy-trans-cinnamate",C9H7O4,179.14948,9,0,0,0
R_3hdcoa_c,(R)-Hydroxydecanoyl-CoA,C31H50N7O18P3S,933.75109,31,7,1,3
R_3hddcoa_c,(R)-3-Hydroxydodecanoyl-CoA,C33H54N7O18P3S,961.80425,33,7,1,3
R_3hcddec5ecoa_c,(R)-Hydroxydodecanoyl-5-en-CoA,C33H52N7O18P3S,959.78837,33,7,1,3
R_3hmrscoa_c,(R)-3-hydroxytetradecanoyl-coa,C35H58N7O18P3S,989.85741,35,7,1,3
R_3hcmrs7ecoa_c,(R)-3-hydroxy-cis-myristol-7-eoyl-CoA,C35H56N7O18P3S,987.84153,35,7,1,3
R_3hocoa_c,(R)-Hydroxyoctanoyl-CoA,C29H46N7O18P3S,905.69793,29,7,1,3
dhcinnm_c,"2,3-dihydroxicinnamic acid",C9H7O4,179.14948,9,0,0,0
dhpppn_c,"3-(2,3-Dihydroxyphenyl)propanoate",C9H9O4,181.16536,9,0,0,0
T4hcinnm_c,Trans 4 Hydroxycinnamate C9H7O3,C9H7O3,163.15008,9,0,0,0
coucoa_c,P coumaroyl CoA C30H38N7O18P3S1,C30H38N7O18P3S,909.64511,30,7,1,3
4gudbutn_c,4 Guanidinobutanoate C5H11N3O2,C5H11N3O2,145.15974,5,3,0,0
5g2oxpt_c,2-Oxoarginine,C6H11N3O3,173.16984,6,3,0,0
cala_c,N-Carbamoyl-beta-alanine,C4H7N2O3,131.10998,4,2,0,0
34dhbald_c,"3,4-dihydroxybenzaldehyde",C7H6O3,138.12074,7,0,0,0
caffcoa_c,Caffeoyl-CoA,C30H38N7O19P3S,925.64451,30,7,1,3
confrl_c,Coniferol,C10H12O3,180.20048,10,0,0,0
conialdh_c,Coniferyl aldehyde,C10H10O3,178.1846,10,0,0,0
fer_c,Ferulate,C10H9O4,193.17606,10,0,0,0
coa_e,Coenzyme A,C21H32N7O16P3S,763.50237,21,7,1,3
confrl_e,Coniferol,C10H12O3,180.20048,10,0,0,0
confrl_p,Coniferol,C10H12O3,180.20048,10,0,0,0
cynt_c,Cyanate,CNO,42.0168,1,1,0,0
cynt_e,Cyanate,CNO,42.0168,1,1,0,0
5d4dglcr_c,5 Dehydro 4 deoxy D glucarate C6H6O7,C6H6O7,190.10764,6,0,0,0
hkntd_c,2-hydroxy-6-ketononatrienedioate,C9H6O6,210.14034,9,0,0,0
C100mclPHA_c,C10:0-Medium-chain length Polyhydroxyalkanoate.,C10H18O2R,170.24872,10,0,0,0
mclPHAg_c,Medium-chain length Polyhydroxyalkanoate growing.,R,0.0,0,0,0,0
C120mclPHA_c,C12:0-Medium-chain length Polyhydroxyalkanoate.,C12H22O2R,198.30188,12,0,0,0
C121mclPHA_c,C12:1-Medium-chain length Polyhydroxyalkanoate.,C12H20O2R,196.286,12,0,0,0
C140mclPHA_c,C14:0-Medium-chain length Polyhydroxyalkanoate.,C14H26O2R,226.35504,14,0,0,0
C141mclPHA_c,C14:1-Medium-chain length Polyhydroxyalkanoate.,C14H24O2R,224.33916,14,0,0,0
C60mclPHA_c,C6:0-Medium-chain length Polyhydroxyalkanoate,C6H10O2R,114.1424,6,0,0,0
C80mclPHA_c,C8:0-Medium-chain length Polyhydroxyalkanoate.,C8H14O2R,142.19556,8,0,0,0
drib_p,Deoxyribose C5H10O4,C5H10O4,134.1305,5,0,0,0
ferulcoa_c,Feruloyl-CoA,C31H40N7O19P3S,939.67109,31,7,1,3
vanln_c,Vanillin,C8H8O3,152.14732,8,0,0,0
galctr__D_c,D Galactarate C6H8O8,C6H8O8,208.12292,6,0,0,0
galctr__D_e,D Galactarate C6H8O8,C6H8O8,208.12292,6,0,0,0
gdbtal_c,4-Guanidinobutanal,C5H12N3O,130.16828,5,3,0,0
gg4abut_c,Gamma-glutamyl-gamma aminobutyric acid,C9H15O5N2,231.2258,9,2,0,0
ggbutal_c,Gamma-glutamyl-gamma-butyraldehyde,C9H16O4N2,216.23434,9,2,0,0
ggptrc_c,Gamma-glutamyl-putrescine,C9H20O3N3,218.2734,9,3,0,0
hkndd_c,"2-Hydroxy-6-oxonona-2,4-diene-1,9-dioate",C9H8O6,212.15622,9,0,0,0
malt_p,Maltose,C12H22O11,342.29648,12,0,0,0
pnto__R_e,(R)-Pantothenate,C9H15NO5,217.2191,9,1,0,0
T4hcinnm_e,Trans 4 Hydroxycinnamate C9H7O3,C9H7O3,163.15008,9,0,0,0
T4hcinnm_p,Trans 4 Hydroxycinnamate C9H7O3,C9H7O3,163.15008,9,0,0,0
ura_e,Uracil,C4H4N2O2,112.08676,4,2,0,0
ura_p,Uracil,C4H4N2O2,112.08676,4,2,0,0
14glucan_c,"1,4-alpha-D-glucan",C36H62O31,990.85888,36,0,0,0
butpi_c,Butanoyl phosphate,C4H7O5P,166.06914,4,0,0,1
bz_p,Benzoate,C7H5O2,121.1134,7,0,0,0
gal_bD_e,Beta D-Galactose,C6H12O6,180.15588,6,0,0,0
gal_bD_p,Beta D-Galactose,C6H12O6,180.15588,6,0,0,0
galct__D_c,D-Galactarate,C6H8O8,208.12292,6,0,0,0
galctn__L_c,L-Galactonate,C6H11O7,195.14734,6,0,0,0
galctn__L_p,L-Galactonate,C6H11O7,195.14734,6,0,0,0
galctn__L_e,L-Galactonate,C6H11O7,195.14734,6,0,0,0
galct__D_e,D-Galactarate,C6H8O8,208.12292,6,0,0,0
pppn_c,Phenylpropanoate,C9H9O2,149.16656,9,0,0,0
pppn_e,Phenylpropanoate,C9H9O2,149.16656,9,0,0,0
pppn_p,Phenylpropanoate,C9H9O2,149.16656,9,0,0,0
3hpp_c,3-Hydroxypropanoate,C3H5O3,89.07,3,0,0,0
3hpp_e,3-Hydroxypropanoate,C3H5O3,89.07,3,0,0,0
3hpp_p,3-Hydroxypropanoate,C3H5O3,89.07,3,0,0,0
arbt6p_c,Arbutin 6-phosphate,C12H15O10P,350.21526,12,0,0,1
hqn_c,Hydroquinone,C6H6O2,110.11064,6,0,0,0
ins_e,Inosine,C10H12N4O5,268.22608,10,4,0,0
arbt_e,Arbutin,C12H16O7,272.25124,12,0,0,0
gbbtn_p,Gamma-butyrobetaine,C7H15NO2,145.1995,7,1,0,0
12dgr_EC_c,"1,2-Diacylglycerol  (E.coli)",C1836H3448O250,29526.87232,1836,0,0,0
dgsn_e,Deoxyguanosine,C10H13N5O4,267.24132,10,5,0,0
gsn_e,Guanosine,C10H12N5O5,282.23278,10,5,0,0
hqn_e,Hydroquinone,C6H6O2,110.11064,6,0,0,0
salchs1_c,Salmochelin-S1,C26H30N2O16,626.5202,26,2,0,0
salchsx_c,Salmochelin-SX,C16H21NO11,403.33804,16,1,0,0
salchs2fe_c,Salmochelin-S2-Fe-III,C42FeH49N3O26,1067.68796,42,3,0,0
salchs2fe_p,Salmochelin-S2-Fe-III,C42FeH49N3O26,1067.68796,42,3,0,0
salchs2fe_e,Salmochelin-S2-Fe-III,C42FeH49N3O26,1067.68796,42,3,0,0
salchs2_c,Salmochelin-S2,C42H49N3O26,1011.84296,42,3,0,0
salchsx_e,Salmochelin-SX,C16H21NO11,403.33804,16,1,0,0
salchsx_p,Salmochelin-SX,C16H21NO11,403.33804,16,1,0,0
campp_c,"3',5'-cyclic adenosine monophosphate-2'-phosphate",C10H11N5O9P2,407.16996,10,5,0,2
2obut_p,2-Oxobutanoate,C4H5O3,101.0807,4,0,0,0
2obut_e,2-Oxobutanoate,C4H5O3,101.0807,4,0,0,0
ala_B_e,Beta-Alanine,C3H7NO2,89.09318,3,1,0,0
mnl_c,D-Mannitol,C6H14O6,182.17176,6,0,0,0
pacald_e,Phenylacetaldehyde,C8H8O,120.14852,8,0,0,0
pacald_p,Phenylacetaldehyde,C8H8O,120.14852,8,0,0,0
rnam_p,N Ribosylnicotinamide C11H15N2O5,C11H14N2O5,254.23926,11,2,0,0
tton_p,Trithionate,H2O6S3,194.20728,0,0,3,0
tton_e,Trithionate,H2O6S3,194.20728,0,0,3,0
crncoa_c,L-Carnitinyl-CoA,C28H46N8O18P3S,907.69393,28,8,1,3
ctbtcoa_c,Crotonobetainyl-CoA,C28H44N8O17P3S,889.67865,28,8,1,3
ctbt_e,Crotonobetaine,C7H13NO2,143.18362,7,1,0,0
decdp_tb_c,"(E,E,E,E,E,E,E,Z,Z) Decaprenyl diphosphate",C50H81O7P2,856.12146,50,0,0,2
23ddhb_c,"2,3-Dihydro-2,3-dihydroxybenzoate",C7H7O4,155.12808,7,0,0,0
mcbtt_c,Mycobactin T,C43H71N5O10,818.05134,43,5,0,0
fmcbtt_c,Iron(II) mycobactin T,C43H71N5O10Fe,873.89634,43,5,0,0
guln__L_c,L-gulonate,C6H11O7,195.14734,6,0,0,0
guln__L_p,L-gulonate,C6H11O7,195.14734,6,0,0,0
guln__L_e,L-gulonate,C6H11O7,195.14734,6,0,0,0
murein5p5p_e,"Two linked disacharide pentapeptide murein units (uncrosslinked, middle of chain)",C80H124N16O42,1981.92256,80,16,0,0
murein5px4p_e,"Two disacharide linked murein units, pentapeptide crosslinked tetrapeptide (A2pm->D-ala) (middle of chain)",C77H117N15O40,1892.82938,77,15,0,0
murein5px4px4p_e,Three disacharide linked murein units (pentapeptide crosslinked tetrapeptide (A2pm->D-ala) tetrapeptide corsslinked tetrapeptide (A2pm->D-ala)) (middle of chain),C114H172N22O59,2794.69748,114,22,0,0
murein4px4p_e,"Two disacharide linked murein units, tetrapeptide corsslinked tetrapeptide (A2pm->D-ala) (middle of chain)",C74H112N14O39,1821.75148,74,14,0,0
murein4px4px4p_e,Three disacharide linked murein units (tetrapeptide crosslinked tetrapeptide (A2pm->D-ala) & tetrapeptide corsslinked tetrapeptide (A2pm->D-ala)) (middle of chain),C111H167N21O58,2723.61958,111,21,0,0
murein5p4p_e,"Two linked disacharide pentapeptide and tetrapeptide murein units (uncrosslinked, middle of chain)",C77H119N15O41,1910.84466,77,15,0,0
murein4p4p_e,"Two linked disacharide tetrapeptide murein units (uncrosslinked, middle of chain)",C74H114N14O40,1839.76676,74,14,0,0
murein4p3p_e,"Two linked disacharide tetrapeptide and tripeptide murein units (uncrosslinked, middle of chain)",C71H109N13O39,1768.68886,71,13,0,0
murein5p3p_e,"Two linked disacharide pentapeptide and tripeptide murein units (uncrosslinked, middle of chain)",C74H114N14O40,1839.76676,74,14,0,0
r15bp_c,"D-Ribose 1,5-bisphosphate",C5H8O11P2,306.05794,5,0,0,2
vanln_p,Vanillin,C8H8O3,152.14732,8,0,0,0
3dhgulnp_c,3-keto-L-gulonate-6-phosphate,C6H8O10P,271.09548,6,0,0,1
starch_e,Starch C12H20O10,C12H20O10,324.2812,12,0,0,0
adocbi_c,Adenosyl cobinamide,C58H84CoN16O11,1240.32136,58,16,0,0
adocbl_c,Adenosylcobalamin,C72CoH100N18O17P,1579.58176,72,18,0,1
ascb6p_c,L-ascorbate-6-phosphate,C6H7O9P,254.08814,6,0,0,1
ascb__L_p,L-Ascorbate,C6H7O6,175.11618,6,0,0,0
ascb__L_e,L-Ascorbate,C6H7O6,175.11618,6,0,0,0
madg_e,Alpha Methyl D glucoside C7H14O6,C7H14O6,194.18246,7,0,0,0
mbdg_e,Beta Methylglucoside C7H14O6,C7H14O6,194.18246,7,0,0,0
cbi_c,Cobinamide,C48H72CoN11O8,990.08737,48,11,0,0
cbl1_c,Cob(I)alamin,C62H88CoN13O14P,1329.34778,62,13,0,1
23dhbzs2_c,2-3-dihydroxybenzoylserine dimer,C20H20N2O11,464.3796,20,2,0,0
23dhbzs3_c,2-3-dihydroxybenzoylserine trimer,C30H28N3O16,686.55382,30,3,0,0
phdca_c,Phenol palmitic acid,C23H37O3,361.53808,23,0,0,0
phdcacoa_c,Phenol palmitic coenzyme A,C44H68N7O18P3S,1108.03311,44,7,1,3
man6pglyc_c,2(alpha-D-Mannosyl-6-phosphate)-D-glycerate,C9H14O12P,345.17402,9,0,0,1
manglyc_p,2(alpha-D-Mannosyl)-D-glycerate,C9H15O9,267.21,9,0,0,0
manglyc_e,2(alpha-D-Mannosyl)-D-glycerate,C9H15O9,267.21,9,0,0,0
phdca_e,Phenol palmitic acid,C23H37O3,361.53808,23,0,0,0
26dapime_c,N6 Acetyl LL 2 6 diaminopimelate C9H15N2O5,C9H15N2O5,231.2258,9,2,0,0
acamoxm_c,N Acetyl L 2 amino 6 oxopimelate C9H11NO6,C9H11NO6,229.18674,9,1,0,0
cfesp_c,Corrinoid Iron sulfur protein,C19CoN4R21,343.1633,19,4,0,0
mecfsp_c,Methylcorrinoid iron sulfur protein,C20H3CoN4R21,358.19781,20,4,0,0
ibt_p,Isobutyrate,C4H7O2,87.09718,4,0,0,0
fald_e,Formaldehyde,CH2O,30.02598,1,0,0,0
fald_p,Formaldehyde,CH2O,30.02598,1,0,0,0
glcur1p_e,D-Glucuronate 1-phosphate,C6H8O10P,271.09548,6,0,0,1
glcur1p_p,D-Glucuronate 1-phosphate,C6H8O10P,271.09548,6,0,0,1
ibt_e,Isobutyrate,C4H7O2,87.09718,4,0,0,0
4hbutcoa_c,4-Hydroxybutanoyl-CoA,C25H38N7O18P3S,849.59161,25,7,1,3
vaccoa_c,Vinylacetyl-CoA,C25H36N7O17P3S,831.57633,25,7,1,3
phe__L_e,L-Phenylalanine,C9H11NO2,165.18914,9,1,0,0
pnto__R_p,(R)-Pantothenate,C9H15NO5,217.2191,9,1,0,0
26dap__M_p,"Meso-2,6-Diaminoheptanedioate",C7H14N2O4,190.19706,7,2,0,0
h2o_u,H2O,H2O,18.01528,0,0,0,0
h_u,H+,H,1.00794,0,0,0,0
o2_u,O2,O2,31.9988,0,0,0,0
pqh2_u,Plastoquinol,C53H82O2,751.21698,53,0,0,0
pq_u,Plastoquinone,C53H80O2,749.2011,53,0,0,0
pcox_u,Plastocyanin(Cu2+),R,0.0,0,0,0,0
pcrd_u,Plastocyanin(Cu+),RH2,2.01588,0,0,0,0
ficytc6_u,Ferricytochrome c6,R,0.0,0,0,0,0
focytc6_u,Ferrocytochrome c6,RH2,2.01588,0,0,0,0
g3pg_e,Glycerophosphoglycerol,C6H14O8P,245.14432,6,0,0,1
mocogdp_c,Molybdopterin guanine dinucleotide,C20H22N10O15P2S2Mo,864.4842,20,10,2,2
photon_e,Photon,,0.0,0,0,0,0
photon_p,Photon,,0.0,0,0,0,0
photon_c,Photon,,0.0,0,0,0,0
indole_e,Indole,C8H7N,117.14788,8,1,0,0
pa_Hp_c,Phosphatidic acid Hp specific,C36H67O8P,658.88614,36,0,0,1
cdpdag_HP_c,CDP-Diacylglycerol Hp specific,C45H79N3O15P2,964.06738,45,3,0,2
1agpe181_p,1-Acyl-sn-glycero-3-phosphoethanolamine (n-C18:1),C23H46NO7P,479.5876,23,1,0,1
trp__L_e,L-Tryptophan,C11H12N2O2,204.22518,11,2,0,0
bzalc_p,Benzyl alcohol,C7H8O,108.13782,7,0,0,0
bzalc_e,Benzyl alcohol,C7H8O,108.13782,7,0,0,0
cspmd_c,Carboxyspermidine,C8H21N3O2,191.27124,8,3,0,0
ragund_c,Rhamanosyl-N-acetylglucosamyl-undecaprenyl diphosphate,C69H113N1O16P2,1274.58014,69,1,0,2
udpgalfur_c,"UDP-D-galacto-1,4-furanose",C15H22N2O17P2,564.2859,15,2,0,2
o16a4colipa_e,(O16 antigen)x4 core oligosaccharide lipid A,C312H523N6O200P4,7682.30627,312,6,0,4
o16a4colipa_p,(O16 antigen)x4 core oligosaccharide lipid A,C312H523N6O200P4,7682.30627,312,6,0,4
o16a4und_p,(O16 antigen)x4 undecaprenyl diphosphate,C191H310N4O107P2,4436.41522,191,4,0,2
o16a2und_p,(O16 antigen)x2 undecaprenyl diphosphate,C123H200N2O57P2,2680.83082,123,2,0,2
o16aund_p,O16 antigen undecaprenyl diphosphate,C89H145N1O32P2,1803.03862,89,1,0,2
o16a3und_p,(O16 antigen)x3 undecaprenyl diphosphate,C157H255N3O82P2,3558.62302,157,3,0,2
aragund_c,O-acetyl-rhamanosyl-N-acetylglucosamyl-undecaprenyl diphosphate,C71H115N1O17P2,1316.61682,71,1,0,2
o16aund_c,O16 antigen undecaprenyl diphosphate,C89H145N1O32P2,1803.03862,89,1,0,2
garagund_c,Glucosyl-O-acetyl-rhamanosyl-N-acetylglucosamyl-undecaprenyl diphosphate,C77H125N1O22P2,1478.75742,77,1,0,2
gfgaragund_c,Galactofuranosyl-glucosyl-O-acetyl-rhamanosyl-N-acetylglucosamyl-undecaprenyl diphosphate,C83H135N1O27P2,1640.89802,83,1,0,2
pullulan1200_e,"Pullulan (n=1200 repeat units, alpha-1,4 and alph-1,6 bounds)",C7200H12002O6001,194586.73528,7200,0,0,0
succ_p,Succinate,C4H4O4,116.07216,4,0,0,0
fum_p,Fumarate,C4H2O4,114.05628,4,0,0,0
glu__D_e,D-Glutamate,C5H8NO4,146.12132,5,1,0,0
mal__L_p,L-Malate,C4H4O5,132.07156,4,0,0,0
ad_e,Acetamide,C2H5NO,59.0672,2,1,0,0
ad_c,Acetamide,C2H5NO,59.0672,2,1,0,0
acgam1p_p,N-Acetyl-D-glucosamine 1-phosphate,C8H14NO9P,299.17182,8,1,0,1
uacgam_p,UDP-N-acetyl-D-glucosamine,C17H25N3O17P2,605.33782,17,3,0,2
uacgam_e,UDP-N-acetyl-D-glucosamine,C17H25N3O17P2,605.33782,17,3,0,2
ser__D_p,D-Serine,C3H7NO3,105.09258,3,1,0,0
malttr_p,Maltotriose,C18H32O16,504.43708,18,0,0,0
quin_c,Quinate,C7H12O6,192.16658,7,0,0,0
orn__L_e,L Ornithine C5H13N2O2,C5H13N2O2,133.16892,5,2,0,0
phe__L_p,L-Phenylalanine,C9H11NO2,165.18914,9,1,0,0
trp__L_p,L-Tryptophan,C11H12N2O2,204.22518,11,2,0,0
tyr__L_p,L-Tyrosine,C9H11NO3,181.18854,9,1,0,0
acser_e,O-Acetyl-L-serine,C5H9NO4,147.12926,5,1,0,0
acser_p,O-Acetyl-L-serine,C5H9NO4,147.12926,5,1,0,0
msh_c,Mycothiol (reduced),C17H30N2O12S,486.4913,17,2,1,0
etha_p,Ethanolamine,C2H8NO,62.09102,2,1,0,0
fcl__L_c,L-fuculose,C6H12O5,164.15648,6,0,0,0
fc1p_c,L-Fuculose 1-phosphate,C6H11O8P,242.1205,6,0,0,1
mssg_c,Mycothiol (oxidized - dimer),C34H58N4O24S2,970.96672,34,4,2,0
1agpe160_p,1-Acyl-sn-glycero-3-phosphoethanolamine (n-C16:0),C21H44NO7P,453.55032,21,1,0,1
arbt_p,Arbutin,C12H16O7,272.25124,12,0,0,0
fecrm_c,Ferrichrome,C27H42FeN9O12,740.52048,27,9,0,0
fecrm_p,Ferrichrome,C27H42FeN9O12,740.52048,27,9,0,0
fecrm_e,Ferrichrome,C27H42FeN9O12,740.52048,27,9,0,0
fecrm_un_e,Ferrichrome minus Fe(III),C27H42N9O12,684.67548,27,9,0,0
fecrm_un_c,Ferrichrome minus Fe(III),C27H42N9O12,684.67548,27,9,0,0
fecrm_un_p,Ferrichrome minus Fe(III),C27H42N9O12,684.67548,27,9,0,0
mnl_p,D-Mannitol,C6H14O6,182.17176,6,0,0,0
csn_p,Cytosine,C4H5N3O,111.102,4,3,0,0
3httdca_e,3-hydroxy tetradecanoate (n-C14:0),C14H27O3,243.36238,14,0,0,0
gm1lipb_e,"4-Amino-4-deoxy-L-arabinose modified core oligosaccharide lipid B (G. metallireducens, variant 1)",C128H227N3O63P2,2878.1018,128,3,0,2
kdo2lipid4b_e,KDO(2)-lipid IV(B),C70H122N2O35P2,1613.6576,70,2,0,2
lipb_e,KDO(2)-lipid (B),C96H170N2O37P2,2006.31572,96,2,0,2
xan_p,Xanthine,C5H4N4O2,152.11086,5,4,0,0
23camp_e,"2',3'-Cyclic AMP",C10H11N5O6P,328.198,10,5,0,1
23camp_p,"2',3'-Cyclic AMP",C10H11N5O6P,328.198,10,5,0,1
23ccmp_e,"2',3'-Cyclic CMP",C9H11N3O7P,304.1733,9,3,0,1
23ccmp_p,"2',3'-Cyclic CMP",C9H11N3O7P,304.1733,9,3,0,1
23cgmp_e,"2',3'-Cyclic GMP",C10H11N5O7P,344.1974,10,5,0,1
23cgmp_p,"2',3'-Cyclic GMP",C10H11N5O7P,344.1974,10,5,0,1
23cump_e,"2',3'-Cyclic UMP",C9H10N2O8P,305.15806,9,2,0,1
23cump_p,"2',3'-Cyclic UMP",C9H10N2O8P,305.15806,9,2,0,1
3ump_p,3'-UMP,C9H11N2O9P,322.1654,9,2,0,1
3cmp_p,3'-cmp,C9H12N3O8P,321.18064,9,3,0,1
3amp_p,3'-AMP,C10H12N5O7P,345.20534,10,5,0,1
3gmp_p,3'-GMP,C10H12N5O8P,361.20474,10,5,0,1
din_e,Deoxyinosine,C10H12N4O4,252.22668,10,4,0,0
dimp_e,DIMP,C10H12N4O7P,331.19864,10,4,0,1
dimp_p,DIMP,C10H12N4O7P,331.19864,10,4,0,1
din_p,Deoxyinosine,C10H12N4O4,252.22668,10,4,0,0
dump_e,DUMP,C9H11N2O8P,306.166,9,2,0,1
dump_p,DUMP,C9H11N2O8P,306.166,9,2,0,1
duri_p,Deoxyuridine,C9H12N2O5,228.20198,9,2,0,0
glcr_p,D-Glucarate,C6H8O8,208.12292,6,0,0,0
man6p_e,D-Mannose 6-phosphate,C6H11O9P,258.1199,6,0,0,1
udpgal_e,UDPgalactose,C15H22N2O17P2,564.2859,15,2,0,2
udpgal_p,UDPgalactose,C15H22N2O17P2,564.2859,15,2,0,2
frulysp_c,Fructoselysine Phosphate,C12H24N2O10P,387.30012,12,2,0,1
frulys_c,Fructoselysine,C12H25N2O7,309.3361,12,2,0,0
frulys_p,Fructoselysine,C12H25N2O7,309.3361,12,2,0,0
frulys_e,Fructoselysine,C12H25N2O7,309.3361,12,2,0,0
quin_e,Quinate,C7H11O6,191.15864,7,0,0,0
quin_p,Quinate,C7H11O6,191.15864,7,0,0,0
vanln_e,Vanillin,C8H8O3,152.14732,8,0,0,0
murein5p5p5p_e,"Three linked disacharide pentapeptide murein units (uncrosslinked, middle of chain)",C120H186N24O63,2972.88384,120,24,0,0
6pgc_e,6-Phospho-D-gluconate,C6H10O10P,273.11136,6,0,0,1
dms_p,Dimethyl sulfide,C2H6S,62.13404,2,0,1,0
dmso_p,Dimethyl sulfoxide,C2H6OS,78.13344,2,0,1,0
tma_p,Trimethylamine,C3H10N,60.1182,3,1,0,0
tmao_p,Trimethylamine N-oxide,C3H9NO,75.10966,3,1,0,0
tyrp_p,Phosphotyrosine,C9H10NO6P,259.15256,9,1,0,1
tyrp_e,Phosphotyrosine,C9H10NO6P,259.15256,9,1,0,1
cechddd_c,"Cis-3-(3-carboxyethyl)-3,5-cyclohexadiene-1,2-diol",C9H11O4,183.18124,9,0,0,0
dhptd_c,"4,5-dihydroxy-2,3-pentanedione",C5H8O4,132.11462,5,0,0,0
hmfurn_c,4-hydroxy-5-methyl-3(2H)-furanone,C5H6O3,114.09934,5,0,0,0
mdhdhf_c,"(2R,4S)-2-methyl-2,4-dihydroxydihydrofuran-3-one",C5H8O4,132.11462,5,0,0,0
maltpt_p,Maltopentaose,C30H52O26,828.71828,30,0,0,0
maltttr_p,Maltotetraose,C24H42O21,666.57768,24,0,0,0
mththf_c,"(2R,4S)-2-methyl-2,3,3,4-tetrahydroxytetrahydrofuran",C5H10O5,150.1299,5,0,0,0
btd_RR_e, R R  2 3 Butanediol C4H10O2,C4H10O2,90.121,4,0,0,0
fruur_p,D-Fructuronate,C6H9O7,193.13146,6,0,0,0
fruur_e,D-Fructuronate,C6H9O7,193.13146,6,0,0,0
agdpgpi_c,N-Acetyl-D-glucosaminyl archaetidylinositol,C57H111N1O16P1,1097.4621,57,1,0,1
dpgpi_c,"2,3-O-phytanyl-sn-glycero-1-phospho-myo-inositol",C49H98O11P1,894.26958,49,0,0,1
gdpgpi_c,Glucosaminyl archaetidyl-myo-inositol,C55H110N1O15P1,1056.43336,55,1,0,1
dpgps_c,"2,3-O-phytanyl-sn-glycero-1-phosphoserine",C46H93N1O8P1,819.20628,46,1,0,1
dpgpe_c,"2,3-O-phytanyl-sn-glycero-1-phosphoethanolamine",C45H94O6N1P1,776.20472,45,1,0,1
dggpg_c,"2,3-di-O-geranyl-sn-glycerol-1-phospho-3'-sn-glycerol",C46H78O8P1,790.08048,46,0,0,1
dpgpg_c,"2,3-di-O-phytanyl-sn-glycerol-1-phospho-3'-sn-glycerol",C46H94O8P1,806.20752,46,0,0,1
dggpi_c,"2,3-di-O-geranyl-sn-glycero-1-phospho-myo-inositol",C49H82O11P1,878.14254,49,0,0,1
dgggps_c,"2,3-di-O-geranylgeranyl-sn-glyceroserine",C46H77N1O8P1,803.07924,46,1,0,1
glyc1p_c,Glycerol 1-phosphate,C3H7O6P,170.05784,3,0,0,1
cdgggp_c,"CDP-2,3-digeranylgeranyl-sn-glycerol",C52H83N3O13P2,1020.17524,52,3,0,2
dggpgp_c,"2,3-di-O-geranyl-sn-glycerol-1-phospho-3'-sn-glycerol phosphate",C46H77O11P2,868.0445,46,0,0,2
3hcdgggp_c,CDP-2-O-(3'-hydroxy)geranyl-3-O-geranyl-sn-glycerol,C52H85N3O14P2,1038.19052,52,3,0,2
3hdggpgp_c,2-O-(3'-hydroxy)geranyl-3-O-geranyl-sn-glycerol-1-phospho-3'-sn-glycerol phosphate,C46H79O12P2,886.05978,46,0,0,2
dgggp_c,Digeranylgeranylglyceryl phosphate,C43H71O6P1,714.994,43,0,0,1
3hdgggp_c,2-O-(3'-hydroxy)geranyl-3-O-geranyl-sn-glycerol,C43H73O7P1,733.00928,43,0,0,1
3hdgggps_c,2-O-(3'-hydroxy)geranyl-3-O-geranyl-sn-glyceroserine,C46H79N1O9P1,821.09452,46,1,0,1
3hdggpi_c,2-O-(3'hydroxy)geranyl-3-O-geranyl-sn-glycero-1-phospho-myo-inositol,C49H84O12P1,896.15782,49,0,0,1
f420_2_c,Coenzyme ferredoxin 420-2 (oxidized),C29H32O18N5P1,769.56084,29,5,0,1
ggdp_c,Geranylgeranyl diphosphate C20H33O7P2,C20H33O7P2,447.41934,20,0,0,2
gggp_c,(S)-3-O-geranylgeranylglyceryl phosphate,C23H39O6P1,442.52592,23,0,0,1
3hggdp_c,3-hydroxy-geranylgeranyl diphosphate,C20H35O8P2,465.43462,20,0,0,2
3hdggpg_c,2-O-(3'-hydroxy)geranyl-3-O-geranyl-sn-glycerol-1-phospho-3'-sn-glycerol,C46H80O9P1,808.09576,46,0,0,1
f420_2h2_c,Coenzyme ferredoxin 420-2 (reduced),C29H34O18N5P1,771.57672,29,5,0,1
3hgrdp_c,3-hydroxy-geranyl diphsophate,C10H19O8P2,329.20058,10,0,0,2
m3hdp_c,Methyl-3-hydroxyl diphosphate,C5H11O8P2,261.08356,5,0,0,2
f6p_e,D-Fructose 6-phosphate,C6H11O9P,258.1199,6,0,0,1
3hfrdp_c,3-hydroxy-farnesyl diphosphate,C15H27O8P2,397.3176,15,0,0,2
gam6p_e,D-Glucosamine 6-phosphate,C6H13NO8P,258.14308,6,1,0,1
3hdpgps_c,2-O-(3'-hydroxy)phytanyl-3-O-phytanyl-sn-glycero-l-phosphoserine,C46H93N1O9P1,835.20568,46,1,0,1
3hdpgpe_c,2-O-(3'-hydroxy)phytanyl-3-O-phytanyl-sn-glycero-l-phosphoethanolamine,C45H94O7N1P1,792.20412,45,1,0,1
3hdpgpg_c,2-O-(3'-hydroxy)phytanyl-3-O-phytanyl-sn-glycerol-1-phospho-3'-sn-glycerol,C46H94O9P1,822.20692,46,0,0,1
3hdpgpi_c,2-O-(3'-hydroxyl)phytanyl-3-O-phytanyl-sn-glycero-1-phospho-myo-inositol,C49H98O12P1,910.26898,49,0,0,1
orot_e,Orotate,C5H3N2O4,155.08832,5,2,0,0
phenol_c,Phenol,C6H6O,94.11124,6,0,0,0
cyst__L_e,L-Cystathionine,C7H14N2O4S,222.26206,7,2,1,0
phenol_p,Phenol,C6H6O,94.11124,6,0,0,0
phenol_e,Phenol,C6H6O,94.11124,6,0,0,0
pphos_c,Phenylphosphate,C6H5O4P,172.07526,6,0,0,1
apoACP_c,Apoprotein [acyl carrier protein],C373H583N94O136S2,8624.29832,373,94,2,0
murein5px3p_e,"Two disacharide linked murein units, pentapeptide corsslinked tripeptide (A2pm->A2pm) (middle of chain)",C74H112N14O39,1821.75148,74,14,0,0
fer_e,Ferulate,C10H9O4,193.17606,10,0,0,0
fer_p,Ferulate,C10H9O4,193.17606,10,0,0,0
1agpe161_p,1-Acyl-sn-glycero-3-phosphoethanolamine (n-C16:1),C21H42NO7P,451.53444,21,1,0,1
tag1p__D_c,D-Tagatose-1-phosphate,C6H11O9P,258.1199,6,0,0,1
ppoh_p,1-Propanol,C3H8O,60.09502,3,0,0,0
ppoh_e,1-Propanol,C3H8O,60.09502,3,0,0,0
tag__D_e,D-Tagatose,C6H12O6,180.15588,6,0,0,0
tag__D_p,D-Tagatose,C6H12O6,180.15588,6,0,0,0
23dpg_c,2 3 Disphospho D glycerate C3H3O10P2,C3H3O10P2,260.99744,3,0,0,2
f390a_c,Coenzyme F390 (adenosine),C39H43N10O24P2,1097.75884,39,10,0,2
f390g_c,Coenzyme F390 (guanosine),C39H43N10O25P2,1113.75824,39,10,0,2
gcald_e,Glycolaldehyde,C2H4O2,60.05196,2,0,0,0
3spyr_c,3spyr c,C3H2O6S,166.10938,3,0,1,0
sl__L_c,Sl  L c,C3H4O6S,168.12526,3,0,1,0
slp__L_c,L-sulfolactyl phosphate,C3H3O9PS,246.08928,3,0,1,1
4abut_p,4-Aminobutanoate,C4H9NO2,103.11976,4,1,0,0
cell4_c,Cellulose (n=4 repeating units),C24H42O21,666.57768,24,0,0,0
udpg_e,UDPglucose,C15H22N2O17P2,564.2859,15,2,0,2
udpg_p,UDPglucose,C15H22N2O17P2,564.2859,15,2,0,2
feroxEfe_p,Ferrioxamine-E-fe,C27H45FeN6O9,653.526,27,6,0,0
feroxEfe_c,Ferrioxamine-E-fe,C27H45FeN6O9,653.526,27,6,0,0
feroxE_c,Ferrioxamine-E,C27H45N6O9,597.681,27,6,0,0
feroxEfe_e,Ferrioxamine-E-fe,C27H45FeN6O9,653.526,27,6,0,0
feroxE_e,Ferrioxamine-E,C27H45N6O9,597.681,27,6,0,0
feroxE_p,Ferrioxamine-E,C27H45N6O9,597.681,27,6,0,0
acald_p,Acetaldehyde,C2H4O,44.05256,2,0,0,0
galctn__D_p,D-Galactonate,C6H11O7,195.14734,6,0,0,0
ppal_e,Propanal,C3H6O,58.07914,3,0,0,0
ppal_p,Propanal,C3H6O,58.07914,3,0,0,0
mma_c,Mma c,C1H6N,32.06504,1,1,0,0
ch4_e,Methane,CH4,16.04246,1,0,0,0
ch4_c,Methane,CH4,16.04246,1,0,0,0
dma_c,Dimethylamine,C2H8N,46.09162,2,1,0,0
cob_c,Coenzyme b,C11H19N1O7P1S1,340.30982,11,1,1,1
com_c,Coenzyme m,C2H5O3S2,141.1893,2,0,2,0
mcom_c,Methylcoenzyme m,C3O3S2H7,155.21588,3,0,2,0
mphen_c,Methanophenazine (oxidized),C37N2O1H50,538.8057,37,2,0,0
mphenh2_c,Methanophenazine (reduced),C37N2O1H52,540.82158,37,2,0,0
hsfd_c,Heterodisulfide,C13H22N1O10P1S3,479.48324,13,1,3,1
ind3ac_e,Indole 3 acetate C10H8NO2,C10H8NO2,174.17602,10,1,0,0
tma_c,Trimethylamine,C3H10N,60.1182,3,1,0,0
6hnac_c,6-Hydroxynicotinate,C6H4NO3,138.10086,6,1,0,0
dhpyr_c,"2,5-Dihydroxypyridine",C5H5NO2,111.0987,5,1,0,0
male_c,Maleate,C4H2O4,114.05628,4,0,0,0
malm_c,Maleamate,C4H4NO3,114.07946,4,1,0,0
nfmalm_c,N-Formyl maleamic acid,C5H4NO4,142.08956,5,1,0,0
g6p_e,D-Glucose 6-phosphate,C6H11O9P,258.1199,6,0,0,1
3mbzald_c,3-Methylbenzaldehyde,C8H8O,120.14852,8,0,0,0
3mbzalc_c,3-methylbenzyl alcohol,C8H10O,122.1644,8,0,0,0
m_tol_c,M-toluate,C8H7O2,135.13998,8,0,0,0
cchoxod_c,"2-Hydroxy-6-keto-2,4-heptadienoate",C7H7O4,155.12808,7,0,0,0
3mcat_c,3-Methylcatechol,C7H8O2,124.13722,7,0,0,0
dh3mchc_c,"1,2-Dihydroxy-3-methylcyclohexa-3,5-dienecarboxylate",C8H9O4,169.15466,8,0,0,0
m_xyl_c,M-Xylene,C8H10,106.165,8,0,0,0
m_xyl_e,M-Xylene,C8H10,106.165,8,0,0,0
m_xyl_p,M-Xylene,C8H10,106.165,8,0,0,0
mal__D_p,D-Malate,C4H4O5,132.07156,4,0,0,0
srb__L_c,L Sorbose C6H12O6,C6H12O6,180.15588,6,0,0,0
srb__L_e,L Sorbose C6H12O6,C6H12O6,180.15588,6,0,0,0
psclys_c,Psicoselysine,C12H25N2O7,309.3361,12,2,0,0
galct__D_p,D-Galactarate,C6H8O8,208.12292,6,0,0,0
glyc__R_p,(R)-Glycerate,C3H5O4,105.0694,3,0,0,0
psclys_p,Psicoselysine,C12H25N2O7,309.3361,12,2,0,0
psclys_e,Psicoselysine,C12H25N2O7,309.3361,12,2,0,0
orot_p,Orotate,C5H3N2O4,155.08832,5,2,0,0
h2co3_e,Carbonic acid,H2CO3,62.02478,1,0,0,0
tartr__L_p,L-tartrate,C4H4O6,148.07096,4,0,0,0
motre_c,Maltooligosyltrehalose,C42H72O36,1152.99948,42,0,0,0
rmn_p,L-Rhamnose,C6H12O5,164.15648,6,0,0,0
ncam_e,Nicotinamide,C6H6N2O,122.12464,6,2,0,0
thrp_p,L-Threonine O-3-phosphate,C4H8NO6P,197.08318,4,1,0,1
r5p_p,Alpha-D-Ribose 5-phosphate,C5H9O8P,228.09392,5,0,0,1
r5p_e,Alpha-D-Ribose 5-phosphate,C5H9O8P,228.09392,5,0,0,1
thrp_e,L-Threonine O-3-phosphate,C4H8NO6P,197.08318,4,1,0,1
34dhpac_e,"3,4-Dihydroxyphenylacetaldehyde",C8H8O3,152.14732,8,0,0,0
34dhpac_p,"3,4-Dihydroxyphenylacetaldehyde",C8H8O3,152.14732,8,0,0,0
h2o2_p,Hydrogen peroxide,H2O2,34.01468,0,0,0,0
dopa_p,Dopamine,C8H12NO2,154.18638,8,1,0,0
4hoxpacd_e,4-Hydroxyphenylacetaldehyde,C8H8O2,136.14792,8,0,0,0
4hoxpacd_p,4-Hydroxyphenylacetaldehyde,C8H8O2,136.14792,8,0,0,0
dopa_e,Dopamine,C8H12NO2,154.18638,8,1,0,0
peamn_p,Phenethylamine,C8H12N,122.18758,8,1,0,0
peamn_e,Phenethylamine,C8H12N,122.18758,8,1,0,0
tym_e,Tyramine,C8H12NO,138.18698,8,1,0,0
tym_p,Tyramine,C8H12NO,138.18698,8,1,0,0
arbtn_fe3_c,Aerobactin,C22H33FeN4O13,617.36142,22,4,0,0
arbtn_fe3_p,Aerobactin,C22H33FeN4O13,617.36142,22,4,0,0
arbtn_e,Aerobactin minus Fe3,C22H33N4O13,561.51642,22,4,0,0
arbtn_fe3_e,Aerobactin,C22H33FeN4O13,617.36142,22,4,0,0
arbtn_c,Aerobactin minus Fe3,C22H33N4O13,561.51642,22,4,0,0
arbtn_p,Aerobactin minus Fe3,C22H33N4O13,561.51642,22,4,0,0
lipoamp_c,Lipoyl-AMP,C18H25N5O8PS2,534.52356,18,5,2,1
lipoate_c,Lipoate,C8H13O2S2,205.31762,8,0,2,0
lipoate_p,Lipoate,C8H13O2S2,205.31762,8,0,2,0
lipoate_e,Lipoate,C8H13O2S2,205.31762,8,0,2,0
cpgn_c,Coprogen,C35H52N6O13Fe,820.66478,35,6,0,0
cpgn_p,Coprogen,C35H52N6O13Fe,820.66478,35,6,0,0
cpgn_e,Coprogen,C35H52N6O13Fe,820.66478,35,6,0,0
cpgn_un_e,Coprogen unloaded (no Fe(III)),C35H52N6O13,764.81978,35,6,0,0
cpgn_un_c,Coprogen unloaded (no Fe(III)),C35H52N6O13,764.81978,35,6,0,0
cpgn_un_p,Coprogen unloaded (no Fe(III)),C35H52N6O13,764.81978,35,6,0,0
sbt__D_p,D-Sorbitol,C6H14O6,182.17176,6,0,0,0
feroxBfe_c,Ferrioxamine-B-fe,C25H45FeN6O8,613.5052,25,6,0,0
feroxBfe_p,Ferrioxamine-B-fe,C25H45FeN6O8,613.5052,25,6,0,0
feroxB_c,Ferrioxamine-B,C25H45N6O8,557.6602,25,6,0,0
feroxBfe_e,Ferrioxamine-B-fe,C25H45FeN6O8,613.5052,25,6,0,0
feroxB_e,Ferrioxamine-B,C25H45N6O8,557.6602,25,6,0,0
feroxB_p,Ferrioxamine-B,C25H45N6O8,557.6602,25,6,0,0
ppt_p,Phosphonate,HO3P,79.9799,0,0,0,1
ppt_e,Phosphonate,HO3P,79.9799,0,0,0,1
12d3k5m_c,1 2 dihydroxy 3 keto 5 methylthiopentene C6H8O3S,C6H8O3S,160.19092,6,0,1,0
2h3k5m_c,2 hydroxy 3 keto 5 methylthiopentenyl 1 phosphate C6H8O6PS,C6H8O6PS,239.16288,6,0,1,1
10fthf_m,10-Formyltetrahydrofolate,C20H21N7O7,471.42344,20,7,0,0
adp_m,ADP,C10H12N5O10P2,424.1773,10,5,0,2
atp_m,ATP,C10H12N5O13P3,503.14927,10,5,0,3
glu__L_m,L-Glutamate,C5H8NO4,146.12132,5,1,0,0
pi_m,Phosphate,HO4P,95.9793,0,0,0,1
12dgr120_m,"1,2-Diacyl-sn-glycerol (didodecanoyl, n-C12:0)",C27H52O5,456.69878,27,0,0,0
12dgr120_m,"1,2-Diacyl-sn-glycerol (didodecanoyl, n-C12:0)",C27H52O5,456.69878,27,0,0,0
12dgr140_m,"1,2-Diacyl-sn-glycerol (ditetradecanoyl, n-C14:0)",C31H60O5,512.8051,31,0,0,0
12dgr141_m,"1,2-Diacyl-sn-glycerol (ditetradec-7-enoyl, n-C14:1)",C31H56O5,508.77334,31,0,0,0
12dgr141_m,"1,2-Diacyl-sn-glycerol (ditetradec-7-enoyl, n-C14:1)",C31H56O5,508.77334,31,0,0,0
12dgr160_m,"1,2-Diacyl-sn-glycerol (dihexadecanoyl, n-C16:0)",C35H68O5,568.91142,35,0,0,0
12dgr180_m,"1,2-Diacyl-sn-glycerol (dioctadecanoyl, n-C18:0)",C39H76O5,625.01774,39,0,0,0
12dgr180_m,"1,2-Diacyl-sn-glycerol (dioctadecanoyl, n-C18:0)",C39H76O5,625.01774,39,0,0,0
12dgr181_m,"1,2-Diacyl-sn-glycerol (dioctadec-11-enoyl, n-C18:1)",C39H72O5,620.98598,39,0,0,0
12dgr181_m,"1,2-Diacyl-sn-glycerol (dioctadec-11-enoyl, n-C18:1)",C39H72O5,620.98598,39,0,0,0
12ppd__R_m,"(R)-Propane-1,2-diol",C3H8O2,76.09442,3,0,0,0
h2o_m,H2O,H2O,18.01528,0,0,0,0
ppal_m,Propanal,C3H6O,58.07914,3,0,0,0
12ppd__S_m,"(S)-Propane-1,2-diol",C3H8O2,76.09442,3,0,0,0
glc__D_m,D-Glucose,C6H12O6,180.15588,6,0,0,0
glc__D_m,D-Glucose,C6H12O6,180.15588,6,0,0,0
h2o_m,H2O,H2O,18.01528,0,0,0,0
h2o2_m,Hydrogen peroxide,H2O2,34.01468,0,0,0,0
nh4_m,Ammonium,NH4,18.03846,0,1,0,0
o2_m,O2,O2,31.9988,0,0,0,0
h_m,H+,H,1.00794,0,0,0,0
udp_m,UDP,C9H11N2O12P2,401.13736,9,2,0,2
udpg_m,UDPglucose,C15H22N2O17P2,564.2859,15,2,0,2
nad_m,Nicotinamide adenine dinucleotide,C21H26N7O14P2,662.41716,21,7,0,2
nadh_m,Nicotinamide adenine dinucleotide - reduced,C21H27N7O14P2,663.4251,21,7,0,2
3hppnl_m,3-Hydroxypropanal,C3H6O2,74.07854,3,0,0,0
13ppd_m,"1,3-Propanediol",C3H8O2,76.09442,3,0,0,0
13ppd_m,"1,3-Propanediol",C3H8O2,76.09442,3,0,0,0
13ppd_m,"1,3-Propanediol",C3H8O2,76.09442,3,0,0,0
coa_m,Coenzyme A,C21H32N7O16P3S,763.50237,21,7,1,3
nadp_m,Nicotinamide adenine dinucleotide phosphate,C21H25N7O17P3,740.38119,21,7,0,3
nadph_m,Nicotinamide adenine dinucleotide phosphate - reduced,C21H26N7O17P3,741.38913,21,7,0,3
h_m,H+,H,1.00794,0,0,0,0
23dhmb_m,"(R)-2,3-Dihydroxy-3-methylbutanoate",C5H9O4,133.12256,5,0,0,0
23dhmp_m,"(R)-2,3-Dihydroxy-3-methylpentanoate",C6H11O4,147.14914,6,0,0,0
dkmpp_m,"2,3-diketo-5-methylthio-1-phosphopentane",C6H9O6PS,240.17082,6,0,1,1
h2o_m,H2O,H2O,18.01528,0,0,0,0
26dap__M_m,"Meso-2,6-Diaminoheptanedioate",C7H14N2O4,190.19706,7,2,0,0
23dhdp_m,"2,3-Dihydrodipicolinate",C7H5NO4,167.1189,7,1,0,0
2agpe120_m,2-Acyl-sn-glycero-3-phosphoethanolamine (n-C12:0),C17H36NO7P1,397.444,17,1,0,1
2agpe120_m,2-Acyl-sn-glycero-3-phosphoethanolamine (n-C12:0),C17H36NO7P1,397.444,17,1,0,1
2agpe141_m,2-Acyl-sn-glycero-3-phosphoethanolamine (n-C14:1),C19H38NO7P1,423.48128,19,1,0,1
2agpe141_m,2-Acyl-sn-glycero-3-phosphoethanolamine (n-C14:1),C19H38NO7P1,423.48128,19,1,0,1
2agpe180_m,2-Acyl-sn-glycero-3-phosphoethanolamine (n-C18:0),C23H48NO7P1,481.60348,23,1,0,1
2agpe180_m,2-Acyl-sn-glycero-3-phosphoethanolamine (n-C18:0),C23H48NO7P1,481.60348,23,1,0,1
2agpe181_m,2-Acyl-sn-glycero-3-phosphoethanolamine (n-C18:1),C23H46NO7P1,479.5876,23,1,0,1
2agpe181_m,2-Acyl-sn-glycero-3-phosphoethanolamine (n-C18:1),C23H46NO7P1,479.5876,23,1,0,1
amp_m,AMP,C10H12N5O7P,345.20534,10,5,0,1
ddca_m,Dodecanoate (n-C12:0),C12H23O2,199.30982,12,0,0,0
pe120_m,"Phosphatidylethanolamine (didodecanoyl, n-C12:0)",C29H58N1O8P1,579.74648,29,1,0,1
ppi_m,Diphosphate,HO7P2,174.95126,0,0,0,2
pe140_m,"Phosphatidylethanolamine (ditetradecanoyl, n-C14:0)",C33H66NO8P,635.8528,33,1,0,1
ttdca_m,Tetradecanoate (n-C14:0),C14H27O2,227.36298,14,0,0,0
pe141_m,"Phosphatidylethanolamine (ditetradec-7-enoyl, n-C14:1)",C33H62N1O8P1,631.82104,33,1,0,1
ttdcea_m,Tetradecenoate (n-C14:1),C14H25O2,225.3471,14,0,0,0
hdca_m,Hexadecanoate (n-C16:0),C16H31O2,255.41614,16,0,0,0
pe160_m,"Phosphatidylethanolamine (dihexadecanoyl, n-C16:0)",C37H74NO8P,691.95912,37,1,0,1
hdcea_m,Hexadecenoate (n-C16:1),C16H29O2,253.40026,16,0,0,0
pe161_m,"Phosphatidylethanolamine (dihexadec-9enoyl, n-C16:1)",C37H70NO8P,687.92736,37,1,0,1
ocdca_m,Octadecanoate (n-C18:0),C18H35O2,283.4693,18,0,0,0
pe180_m,"Phosphatidylethanolamine (dioctadecanoyl, n-C18:0)",C41H82N1O8P1,748.06544,41,1,0,1
ocdcea_m,Octadecenoate (n-C18:1),C18H33O2,281.45342,18,0,0,0
pe181_m,"Phosphatidylethanolamine (dioctadec-11-enoyl, n-C18:1)",C41H78N1O8P1,744.03368,41,1,0,1
2agpg120_m,2-Acyl-sn-glycero-3-phosphoglycerol (n-C12:0),C18H36O9P1,427.4468,18,0,0,1
2agpg120_m,2-Acyl-sn-glycero-3-phosphoglycerol (n-C12:0),C18H36O9P1,427.4468,18,0,0,1
2agpg180_m,2-Acyl-sn-glycero-3-phosphoglycerol (n-C18:0),C24H48O9P1,511.60628,24,0,0,1
2agpg180_m,2-Acyl-sn-glycero-3-phosphoglycerol (n-C18:0),C24H48O9P1,511.60628,24,0,0,1
2agpg181_m,2-Acyl-sn-glycero-3-phosphoglycerol (n-C18:1),C24H46O9P1,509.5904,24,0,0,1
2agpg181_m,2-Acyl-sn-glycero-3-phosphoglycerol (n-C18:1),C24H46O9P1,509.5904,24,0,0,1
pg120_m,"Phosphatidylglycerol (didodecanoyl, n-C12:0)",C30H58O10P1,609.74928,30,0,0,1
pg140_m,"Phosphatidylglycerol (ditetradecanoyl, n-C14:0)",C34H66O10P1,665.8556,34,0,0,1
pg141_m,"Phosphatidylglycerol (ditetradec-7-enoyl, n-C14:1)",C34H62O10P1,661.82384,34,0,0,1
pg160_m,"Phosphatidylglycerol (dihexadecanoyl, n-C16:0)",C38H74O10P1,721.96192,38,0,0,1
pg161_m,"Phosphatidylglycerol (dihexadec-9-enoyl, n-C16:1)",C38H70O10P1,717.93016,38,0,0,1
pg180_m,"Phosphatidylglycerol (dioctadecanoyl, n-C18:0)",C42H82O10P1,778.06824,42,0,0,1
pg181_m,"Phosphatidylglycerol (dioctadec-11-enoyl, n-C18:1)",C42H78O10P1,774.03648,42,0,0,1
pyr_m,Pyruvate,C3H3O3,87.05412,3,0,0,0
pap_m,"Adenosine 3',5'-bisphosphate",C10H11N5O10P2,423.16936,10,5,0,2
paps_m,3'-Phosphoadenylyl sulfate,C10H11N5O13P2S,503.23256,10,5,1,2
akg_m,2-Oxoglutarate,C5H4O5,144.08226,5,0,0,0
2aobut_m,L-2-Amino-3-oxobutanoate,C4H7NO3,117.10328,4,1,0,0
2dda7p_m,2-Dehydro-3-deoxy-D-arabino-heptonate 7-phosphate,C7H10O10P,285.12206,7,0,0,1
glcn_m,D-Gluconate,C6H11O7,195.14734,6,0,0,0
2dhglcn_m,2-Dehydro-D-gluconate,C6H9O7,193.13146,6,0,0,0
6p2dhglcn_m,6-Phospho-2-dehydro-D-gluconate,C6H11O10P,274.1193,6,0,0,1
2dhglcn_m,2-Dehydro-D-gluconate,C6H9O7,193.13146,6,0,0,0
2dhp_m,2-Dehydropantoate,C6H9O4,145.13326,6,0,0,0
3mob_m,3-Methyl-2-oxobutanoate,C5H7O3,115.10728,5,0,0,0
fald_m,Formaldehyde,CH2O,30.02598,1,0,0,0
2dr1p_m,2-Deoxy-D-ribose 1-phosphate,C5H9O7P,212.09452,5,0,0,1
drib_m,Deoxyribose C5H10O4,C5H10O4,134.1305,5,0,0,0
2obut_m,2-Oxobutanoate,C4H5O3,101.0807,4,0,0,0
h_m,H+,H,1.00794,0,0,0,0
hco3_m,Bicarbonate,HCO3,61.01684,1,0,0,0
na1_m,Sodium,Na,22.98977,0,0,0,0
na1_m,Sodium,Na,22.98977,0,0,0,0
2hh24dd_m,2-Hydroxyhepta-2-4-dienedioate,C7H6O5,170.11954,7,0,0,0
4h2kpi_m,4-Hydroxy-2-ketopimelate,C7H8O6,188.13482,7,0,0,0
24dhhed_m,"2,4-Dihydroxyhept-2-enedioate",C7H8O6,188.13482,7,0,0,0
2ins_m,2-Inosose,C6H10O6,178.14,6,0,0,0
2mb2coa_m,Trans-2-Methylbut-2-enoyl-CoA,C26H38N7O17P3S,845.60291,26,7,1,3
2mcit_m,2-Methylcitrate,C7H7O7,203.12628,7,0,0,0
2pg_m,D-Glycerate 2-phosphate,C3H4O7P,183.03342,3,0,0,1
2pglyc_m,2-Phosphoglycolate,C2H2O6P,153.00744,2,0,0,1
pi_m,Phosphate,HO4P,95.9793,0,0,0,1
gdp_m,GDP,C10H12N5O11P2,440.1767,10,5,0,2
gtp_m,GTP,C10H12N5O14P3,519.14867,10,5,0,3
lac__L_m,L-Lactate,C3H5O3,89.07,3,0,0,0
co2_m,CO2,CO2,44.0095,1,0,0,0
34dhpha_m,3-4-Dihydroxyphenylacetate,C8H7O4,167.13878,8,0,0,0
34dhbz_m,"3,4-Dihydroxybenzoate",C7H5O4,153.1122,7,0,0,0
5cmhmsa_m,2-Hydroxy-5-carboxymethylmuconate-Semialdehyde,C8H6O6,198.12964,8,0,0,0
ahcys_m,S-Adenosyl-L-homocysteine,C14H20N6O5S,384.4108,14,6,1,0
amet_m,S-Adenosyl-L-methionine,C15H23N6O5S,399.44532,15,6,1,0
leu__L_m,L-Leucine,C6H13NO2,131.17292,6,1,0,0
leu__L_m,L-Leucine,C6H13NO2,131.17292,6,1,0,0
34hpp_m,3-(4-Hydroxyphenyl)pyruvate,C9H7O4,179.14948,9,0,0,0
hgentis_m,Homogentisate C8H7O4,C8H7O4,167.13878,8,0,0,0
3amac_m,3-Aminoacrylate,C3H4NO2,86.06936,3,1,0,0
msa_m,Malonate semialdehyde,C3H3O3,87.05412,3,0,0,0
3c3hmp_m,3-Carboxy-3-hydroxy-4-methylpentanoate,C7H10O5,174.1513,7,0,0,0
3c4mop_m,3-Carboxy-4-methyl-2-oxopentanoate,C7H8O5,172.13542,7,0,0,0
3hdecACP_m,(R)-3-Hydroxydecanoyl-[acyl-carrier protein],C394H621O144N96P1S3,9133.8721,394,96,3,1
ACP_m,Acyl carrier protein,C384H603N96O142P1S3,8963.62338,384,96,3,1
3hddecACP_m,(R)-3-Hydroxydodecanoyl-[acyl-carrier protein],C396H625O144N96P1S3,9161.92526,396,96,3,1
3hcddec5eACP_m,(R)-3-hydroxy-cis-dodec-5-enoyl-[acyl-carrier protein],C396H623O144N96P1S3,9159.90938,396,96,3,1
3hmrsACP_m,(R)-3-Hydroxytetradecanoyl-[acyl-carrier protein],C398H629O144N96P1S3,9189.97842,398,96,3,1
3hcmrs7eACP_m,(R)-3-hydroxy-cis-myristol-7-eoyl-[acyl-carrier protein],C398H627O144N96P1S3,9187.96254,398,96,3,1
3hhexACP_m,(R)-3-Hydroxyhexanoyl-[acyl-carrier protein],C390H613O144N96P1S3,9077.76578,390,96,3,1
3hoctACP_m,(R)-3-Hydroxyoctanoyl-[acyl-carrier protein],C392H617O144N96P1S3,9105.81894,392,96,3,1
tdec2eACP_m,Trans-Dec-2-enoyl-[acyl-carrier protein],C394H619O143N96P1S3,9115.85682,394,96,3,1
tddec2eACP_m,Trans-Dodec-2-enoyl-[acyl-carrier protein],C396H623O143N96P1S3,9143.90998,396,96,3,1
t3c5ddeceACP_m,Trans-3-cis-5-dodecenoyl-[acyl-carrier protein],C396H621O143N96P1S3,9141.8941,396,96,3,1
tmrs2eACP_m,Trans-Tetradec-2-enoyl-[acyl-carrier protein],C398H627O143N96P1S3,9171.96314,398,96,3,1
t3c7mrseACP_m,Trans-3-cis-7-myristoleoyl-[acyl-carrier protein],C398H625O143N96P1S3,9169.94726,398,96,3,1
3hpalmACP_m,R-3-hydroxypalmitoyl-[acyl-carrier protein],C400H633O144N96P1S3,9218.03158,400,96,3,1
tpalm2eACP_m,Trans-Hexadec-2-enoyl-[acyl-carrier protein],C400H631O143N96P1S3,9200.0163,400,96,3,1
3hcpalm9eACP_m,(R)-3-hydroxy-cis-palm-9-eoyl-[acyl-carrier protein],C400H631O144N96P1S3,9216.0157,400,96,3,1
t3c9palmeACP_m,Trans-3-cis-9-palmitoleoyl-[acyl-carrier protein],C400H629O143N96P1S3,9198.00042,400,96,3,1
3hoctaACP_m,(R)-3-Hydroxyoctadecanoyl-[acyl-carrier protein],C402H637O144N96P1S3,9246.08474,402,96,3,1
toctd2eACP_m,Trans-octadec-2-enoyl-[acyl-carrier protein],C402H635O143N96P1S3,9228.06946,402,96,3,1
3hcvac11eACP_m,(R)-3-hydroxy-cis-vacc-11-enoyl-[acyl-carrier protein],C402H635O144N96P1S3,9244.06886,402,96,3,1
t3c11vaceACP_m,Trans-3-cis-11-vacceoyl-[acyl-carrier protein],C402H633O143N96P1S3,9226.05358,402,96,3,1
3haACP_m,(3R)-3-Hydroxyacyl-[acyl-carrier protein],C388H609O144N96P1S3,9049.71262,388,96,3,1
but2eACP_m,But-2-enoyl-[acyl-carrier protein],C388H607O143N96P1S3,9031.69734,388,96,3,1
thex2eACP_m,Trans-Hex-2-enoyl-[acyl-carrier protein],C390H611O143N96P1S3,9059.7505,390,96,3,1
toct2eACP_m,Trans-Oct-2-enoyl-[acyl-carrier protein],C392H615O143N96P1S3,9087.80366,392,96,3,1
3hmp_m,3-Hydroxy-2-methylpropanoate,C4H7O3,103.09658,4,0,0,0
3hibutcoa_m,(S)-3-Hydroxyisobutyryl-CoA,C25H38N7O18P3S,849.59161,25,7,1,3
3c2hmp_m,3-Carboxy-2-hydroxy-4-methylpentanoate,C7H10O5,174.1513,7,0,0,0
lpam_m,Lipoamide C8H15NOS2,C8H15NOS2,205.3408,8,1,2,0
3mop_m,(S)-3-Methyl-2-oxopentanoate,C6H9O3,129.13386,6,0,0,0
na1_m,Sodium,Na,22.98977,0,0,0,0
nh4_m,Ammonium,NH4,18.03846,0,1,0,0
o2_m,O2,O2,31.9988,0,0,0,0
adn_m,Adenosine,C10H13N5O4,267.24132,10,5,0,0
uri_m,Uridine,C9H12N2O6,244.20138,9,2,0,0
cytd_m,Cytidine,C9H13N3O5,243.21662,9,3,0,0
gsn_m,Guanosine,C10H13N5O5,283.24072,10,5,0,0
malcoa_m,Malonyl-CoA,C24H33N7O19P3S,848.54061,24,7,1,3
pmtcoa_m,Palmitoyl-CoA (n-C16:0CoA),C37H62N7O17P3S,1001.91117,37,7,1,3
oxadpcoa_m,3-Oxoadipyl-CoA,C27H37N7O20P3S,904.60387,27,7,1,3
succ_m,Succinate,C4H4O4,116.07216,4,0,0,0
succoa_m,Succinyl-CoA,C25H35N7O19P3S,862.56719,25,7,1,3
3oxoadp_m,3-Oxoadipate,C6H6O5,158.10884,6,0,0,0
3odecACP_m,3-Oxodecanoyl-[acyl-carrier protein],C394H619O144N96P1S3,9131.85622,394,96,3,1
3oddecACP_m,3-Oxododecanoyl-[acyl-carrier protein],C396H623O144N96P1S3,9159.90938,396,96,3,1
3ocddec5eACP_m,3-oxo-cis-dodec-5-enoyl-[acyl-carrier protein],C396H621O144N96P1S3,9157.8935,396,96,3,1
3omrsACP_m,3-Oxotetradecanoyl-[acyl-carrier protein],C398H627O144N96P1S3,9187.96254,398,96,3,1
3ocmrs7eACP_m,3-oxo-cis-myristol-7-eoyl-[acyl-carrier protein],C398H625O144N96P1S3,9185.94666,398,96,3,1
3opalmACP_m,3-Oxohexadecanoyl-[acyl-carrier protein],C400H631O144N96P1S3,9216.0157,400,96,3,1
3ocpalm9eACP_m,3-oxo-cis-palm-9-eoyl-[acyl-carrier protein],C400H629O144N96P1S3,9213.99982,400,96,3,1
3ooctdACP_m,3-Oxooctadecanoyl-[acyl-carrier protein],C402H635O144N96P1S3,9244.06886,402,96,3,1
3ocvac11eACP_m,3-oxo-cis-vacc-11-enoyl-[acyl-carrier protein],C402H633O144N96P1S3,9242.05298,402,96,3,1
actACP_m,Acetoacetyl-ACP,C388H607O144N96P1S3,9047.69674,388,96,3,1
3ohexACP_m,3-Oxohexanoyl-[acyl-carrier protein],C390H611O144N96P1S3,9075.7499,390,96,3,1
3ooctACP_m,3-Oxooctanoyl-[acyl-carrier protein],C392H615O144N96P1S3,9103.80306,392,96,3,1
malACP_m,Malonyl-[acyl-carrier protein],C387H604O145N96P1S3,9048.66162,387,96,3,1
ocACP_m,Octanoyl-ACP (n-C8:0ACP),C392H617O143N96P1S3,9089.81954,392,96,3,1
dcaACP_m,Decanoyl-ACP (n-C10:0ACP),C394H621O143N96P1S3,9117.8727,394,96,3,1
cdec3eACP_m,Cis-dec-3-enoyl-[acyl-carrier protein] (n-C10:1),C394H619O143N96P1S3,9115.85682,394,96,3,1
ddcaACP_m,Dodecanoyl-ACP (n-C12:0ACP),C396H625O143N96P1S3,9145.92586,396,96,3,1
cddec5eACP_m,Cis-dodec-5-enoyl-[acyl-carrier protein] (n-C12:1),C396H623O143N96P1S3,9143.90998,396,96,3,1
myrsACP_m,Myristoyl-ACP (n-C14:0ACP),C398H629O143N96P1S3,9173.97902,398,96,3,1
tdeACP_m,Cis-tetradec-7-enoyl-[acyl-carrier protein] (n-C14:1),C398H627O143N96P1S3,9171.96314,398,96,3,1
palmACP_m,Palmitoyl-ACP (n-C16:0ACP),C400H633O143N96P1S3,9202.03218,400,96,3,1
hdeACP_m,Cis-hexadec-9-enoyl-[acyl-carrier protein] (n-C16:1),C400H631O143N96P1S3,9200.0163,400,96,3,1
butACP_m,Butyryl-ACP (n-C4:0ACP),C388H609O143N96P1S3,9033.71322,388,96,3,1
hexACP_m,Hexanoyl-ACP (n-C6:0ACP),C390H613O143N96P1S3,9061.76638,390,96,3,1
accoa_m,Acetyl-CoA,C23H34N7O17P3S,805.53905,23,7,1,3
LalaDgluMdap_m,"L-alanine-D-glutamate-meso-2,6-diaminoheptanedioate",C15H25N4O8,389.381,15,4,0,0
LalaDgluMdap_m,"L-alanine-D-glutamate-meso-2,6-diaminoheptanedioate",C15H25N4O8,389.381,15,4,0,0
3pg_m,3-Phospho-D-glycerate,C3H4O7P,183.03342,3,0,0,1
h2_m,H2,H2,2.01588,0,0,0,0
asp__L_m,L-Aspartate,C4H6NO4,132.09474,4,1,0,0
so3_m,Sulfite,SO3,80.0632,0,0,1,0
4abut_m,4-Aminobutanoate,C4H9NO2,103.11976,4,1,0,0
4abutn_m,4-Aminobutanal,C4H10NO,88.1283,4,1,0,0
4abz_m,4-Aminobenzoate,C7H6NO2,136.12804,7,1,0,0
5cmhm_m,5-Carboxymethyl-2-hydroxymuconate,C8H5O7,213.1211,8,0,0,0
4cml_m,4-Carboxymuconolactone,C7H4O6,184.10306,7,0,0,0
5odhf2a_m,"5-Oxo-4,5-dihydrofuran-2-acetate",C6H5O4,141.1015,6,0,0,0
sucsal_m,Succinic semialdehyde,C4H5O3,101.0807,4,0,0,0
4hphac_m,4-Hydroxyphenylacetate,C8H7O3,151.13938,8,0,0,0
4hbald_m,4-Hydroxybenzaldehyde,C7H6O2,122.12134,7,0,0,0
4hbald_m,4-Hydroxybenzaldehyde,C7H6O2,122.12134,7,0,0,0
4hba_m,4-Hydroxy-benzyl alcohol,C7H8O2,124.13722,7,0,0,0
4hbz_m,4-Hydroxybenzoate,C7H5O3,137.1128,7,0,0,0
4hbzcoa_m,4 hydroxybenoyl CoA C28H36N7O18P3S,C28H36N7O18P3S,883.60783,28,7,1,3
benzcoa_m,Benzoyl-CoA,C28H40N7O17P3S,871.64019,28,7,1,3
fdxo_42_m,Ferredoxin (oxidized form 4:2),Fe12S12X,1054.92,0,0,12,0
fdxr_42_m,Ferredoxin (reduced form 4:2),Fe12S12X,1054.92,0,0,12,0
fad_m,Flavin adenine dinucleotide oxidized,C27H31N9O15P2,783.53386,27,9,0,2
fadh2_m,Flavin adenine dinucleotide reduced,C27H33N9O15P2,785.54974,27,9,0,2
4hphac_m,4-Hydroxyphenylacetate,C8H7O3,151.13938,8,0,0,0
ala__L_m,L-Alanine,C3H7NO2,89.09318,3,1,0,0
ala__L_m,L-Alanine,C3H7NO2,89.09318,3,1,0,0
4hthr_m,4-Hydroxy-L-threonine,C4H9NO4,135.11856,4,1,0,0
phthr_m,O-Phospho-4-hydroxy-L-threonine,C4H8NO7P,213.08258,4,1,0,1
4izp_m,4-Imidazolone-5-propanoate,C6H7N2O3,155.13138,6,2,0,0
4mop_m,4-Methyl-2-oxopentanoate,C6H9O3,129.13386,6,0,0,0
for_m,Formate,CH1O2,45.01744,1,0,0,0
cl_m,Chloride,Cl,35.453,0,0,0,0
cl_m,Chloride,Cl,35.453,0,0,0,0
ala__D_m,D-Alanine,C3H7NO2,89.09318,3,1,0,0
ala__D_m,D-Alanine,C3H7NO2,89.09318,3,1,0,0
5aop_m,5-Amino-4-oxopentanoate,C5H9NO3,131.12986,5,1,0,0
5cohe_m,5-Carboxy-2-oxohept-3-enedioate,C8H5O7,213.1211,8,0,0,0
5dglcn_m,5-Dehydro-D-gluconate,C6H9O7,193.13146,6,0,0,0
5drib_m,5'-deoxyribose,C5H10O4,134.1305,5,0,0,0
ade_m,Adenine,C5H5N5,135.1267,5,5,0,0
dad_5_m,5'-Deoxyadenosine,C10H13N5O3,251.24192,10,5,0,0
prpp_m,5-Phospho-alpha-D-ribose 1-diphosphate,C5H8O14P3,385.02991,5,0,0,3
5fthf_m,5-Formyltetrahydrofolate,C20H21N7O7,471.42344,20,7,0,0
ribflv_m,Riboflavin,C17H20N4O6,376.3639,17,4,0,0
air_m,5-amino-1-(5-phospho-D-ribosyl)imidazole,C8H12N3O7P,293.17054,8,3,0,1
5mta_m,5-Methylthioadenosine,C11H15N5O3S,297.3335,11,5,1,0
5mthf_m,5-Methyltetrahydrofolate,C20H24N7O6,458.44786,20,7,0,0
acald_m,Acetaldehyde,C2H4O,44.05256,2,0,0,0
ahdt_m,"2-Amino-4-hydroxy-6-(erythro-1,2,3-trihydroxypropyl)dihydropteridine triphosphate",C9H12N5O13P3,491.13857,9,5,0,3
pppi_m,Inorganic triphosphate,HO10P3,253.92323,0,0,0,3
6pgc_m,6-Phospho-D-gluconate,C6H10O10P,273.11136,6,0,0,1
6pgl_m,"6-phospho-D-glucono-1,5-lactone",C6H9O9P,256.10402,6,0,0,1
g6p_m,D-Glucose 6-phosphate,C6H11O9P,258.1199,6,0,0,1
gln__L_m,L-Glutamine,C5H10N2O3,146.1445,5,2,0,0
cys__L_m,L-Cysteine,C3H7NO2S,121.15818,3,1,1,0
ser__L_m,L-Serine,C3H7NO3,105.09258,3,1,0,0
thr__L_m,L-Threonine,C4H9NO3,119.11916,4,1,0,0
udpgal_m,UDPgalactose,C15H22N2O17P2,564.2859,15,2,0,2
ara5p_m,D-Arabinose 5-phosphate,C5H9O8P,228.09392,5,0,0,1
ru5p__D_m,D-Ribulose 5-phosphate,C5H9O8P,228.09392,5,0,0,1
his__L_m,L-Histidine,C6H9N3O2,155.15456,6,3,0,0
ac_m,Acetate,C2H3O2,59.04402,2,0,0,0
aacoa_m,Acetoacetyl-CoA,C25H36N7O18P3S,847.57573,25,7,1,3
acac_m,Acetoacetate,C4H5O3,101.0807,4,0,0,0
octeACP_m,Cis-octadec-11-enoyl-[acyl-carrier protein] (n-C18:1),C402H635O143N96P1S3,9228.06946,402,96,3,1
ocdcaACP_m,Octadecanoyl-ACP (n-C18:0ACP),C402H637O143N96P1S3,9230.08534,402,96,3,1
dca_m,Decanoate (n-C10:0),C10H19O2,171.25666,10,0,0,0
octa_m,Octanoate (n-C8:0),C8H15O2,143.2035,8,0,0,0
mthgxl_m,Methylglyoxal,C3H4O2,72.06266,3,0,0,0
dtdp_m,DTDP,C10H13N2O11P2,399.16454,10,2,0,2
malthx_m,Maltohexaose,C36H62O31,990.85888,36,0,0,0
dextrin_m,Dextrin C12H20O10,C12H20O10,324.2812,12,0,0,0
malthx_m,Maltohexaose,C36H62O31,990.85888,36,0,0,0
arab__L_m,L-Arabinose,C5H10O5,150.1299,5,0,0,0
tre_m,Trehalose,C12H22O11,342.29648,12,0,0,0
arab__L_m,L-Arabinose,C5H10O5,150.1299,5,0,0,0
araban__L_m,Alpha-L-Arabinan (3 subunits),C15H26O13,414.35914,15,0,0,0
xylu__D_m,D-Xylulose,C5H10O5,150.1299,5,0,0,0
abt__L_m,L Arabinitol C5H12O5,C5H12O5,152.14578,5,0,0,0
abt__L_m,L Arabinitol C5H12O5,C5H12O5,152.14578,5,0,0,0
acac_m,Acetoacetate,C4H5O3,101.0807,4,0,0,0
3ohcoa_m,3-Oxohexanoyl-CoA,C27H40N7O18P3S,875.62889,27,7,1,3
btcoa_m,Butanoyl-CoA,C25H38N7O17P3S,833.59221,25,7,1,3
3oocoa_m,3-Oxooctanoyl-CoA,C29H44N7O18P3S,903.68205,29,7,1,3
hxcoa_m,Hexanoyl-CoA (n-C6:0CoA),C27H42N7O17P3S,861.64537,27,7,1,3
3odcoa_m,3-Oxodecanoyl-CoA,C31H48N7O18P3S,931.73521,31,7,1,3
occoa_m,Octanoyl-CoA (n-C8:0CoA),C29H46N7O17P3S,889.69853,29,7,1,3
3oddcoa_m,3-Oxododecanoyl-CoA,C33H52N7O18P3S,959.78837,33,7,1,3
dcacoa_m,Decanoyl-CoA (n-C10:0CoA),C31H50N7O17P3S,917.75169,31,7,1,3
dccoa_m,Decanoyl CoA C31H50N7O17P3S,C31H50N7O17P3S,917.75169,31,7,1,3
3otdcoa_m,3-Oxotetradecanoyl-CoA,C35H56N7O18P3S,987.84153,35,7,1,3
ddcacoa_m,Dodecanoyl-CoA (n-C12:0CoA),C33H54N7O17P3S,945.80485,33,7,1,3
ddcoa_m,Dodecanoyl CoA  n C120CoA  C33H54N7O17P3S,C33H54N7O17P3S,945.80485,33,7,1,3
3ohdcoa_m,3-Oxohexadecanoyl-CoA,C37H60N7O18P3S,1015.89469,37,7,1,3
tdcoa_m,Tetradecanoyl-CoA (n-C14:0CoA),C35H58N7O17P3S,973.85801,35,7,1,3
actn__R_m, R  Acetoin C4H8O2,C4H8O2,88.10512,4,0,0,0
acald_m,Acetaldehyde,C2H4O,44.05256,2,0,0,0
anth_m,Anthranilate,C7H6NO2,136.12804,7,1,0,0
ppa_m,Propionate (n-C3:0),C3H5O2,73.0706,3,0,0,0
ppcoa_m,Propanoyl-CoA,C24H36N7O17P3S,819.56563,24,7,1,3
2kmb_m,2-keto-4-methylthiobutyrate,C5H7O3S,147.17228,5,0,1,0
co_m,Carbon monoxide,CO,28.0101,1,0,0,0
tag6p__D_m,D-Tagatose 6-phosphate,C6H11O9P,258.1199,6,0,0,1
idp_m,IDP,C10H11N4O11P2,425.16206,10,4,0,2
itp_m,ITP,C10H11N4O14P3,504.13403,10,4,0,3
pep_m,Phosphoenolpyruvate,C3H2O6P,165.01814,3,0,0,1
acgam_m,N-Acetyl-D-glucosamine,C8H15NO6,221.2078,8,1,0,0
acmana_m,N-Acetyl-D-mannosamine,C8H15NO6,221.2078,8,1,0,0
acgam6p_m,N-Acetyl-D-glucosamine 6-phosphate,C8H14NO9P,299.17182,8,1,0,1
gam6p_m,D-Glucosamine 6-phosphate,C6H13NO8P,258.14308,6,1,0,1
acgam1p_m,N-Acetyl-D-glucosamine 1-phosphate,C8H14NO9P,299.17182,8,1,0,1
uacgam_m,UDP-N-acetyl-D-glucosamine,C17H25N3O17P2,605.33782,17,3,0,2
udcpp_m,Undecaprenyl phosphate,C55H89O4P,845.26652,55,0,0,1
ump_m,UMP,C9H11N2O9P,322.1654,9,2,0,1
acg5p_m,N-Acetyl-L-glutamyl 5-phosphate,C7H9NO8P,266.12202,7,1,0,1
acglu_m,N-Acetyl-L-glutamate,C7H9NO5,187.15006,7,1,0,0
2ahbut_m,(S)-2-Aceto-2-hydroxybutanoate,C6H9O4,145.13326,6,0,0,0
chol_m,Choline,C5H14NO,104.17076,5,1,0,0
etoh_m,Ethanol,C2H6O,46.06844,2,0,0,0
achms_m,O Acetyl L homoserine C6H11NO4,C6H11NO4,161.15584,6,1,0,0
cit_m,Citrate,C6H5O7,189.0997,6,0,0,0
oaa_m,Oxaloacetate,C4H2O5,130.05568,4,0,0,0
actp_m,Acetyl phosphate,C2H3O5P,138.01598,2,0,0,1
alac__S_m,(S)-2-Acetolactate,C5H7O4,131.10668,5,0,0,0
thmpp_m,Thiamine diphosphate,C12H16N4O7P2S,422.29056,12,4,1,2
acmum6p_m,N-acetylmuramate 6-phosphate,C11H17NO11P,370.22654,11,1,0,1
lac__D_m,D-Lactate,C3H5O3,89.07,3,0,0,0
acmanap_m,N-Acetyl-D-mannosamine 6-phosphate,C8H14NO9P,299.17182,8,1,0,1
acmana_m,N-Acetyl-D-mannosamine,C8H15NO6,221.2078,8,1,0,0
man6p_m,D-Mannose 6-phosphate,C6H11O9P,258.1199,6,0,0,1
ctp_m,CTP,C9H12N3O14P3,479.12457,9,3,0,3
b2coa_m,Crotonoyl-CoA,C25H36N7O17P3S,831.57633,25,7,1,3
hx2coa_m,Trans-Hex-2-enoyl-CoA,C27H40N7O17P3S,859.62949,27,7,1,3
2mbcoa_m,2-Methylbutanoyl-CoA,C26H40N7O17P3S,847.61879,26,7,1,3
dc2coa_m,Trans-Dec-2-enoyl-CoA,C31H48N7O17P3S,915.73581,31,7,1,3
trans_dd2coa_m,Trans Dodec 2 enoyl CoA C33H52N7O17P3S,C33H52N7O17P3S,943.78897,33,7,1,3
td2coa_m,Trans-Tetradec-2-enoyl-CoA,C35H56N7O17P3S,971.84213,35,7,1,3
hdd2coa_m,Trans-Hexadec-2-enoyl-CoA,C37H60N7O17P3S,999.89529,37,7,1,3
od2coa_m,Trans-Octadec-2-enoyl-CoA,C39H64N7O17P3S,1027.94845,39,7,1,3
stcoa_m,Stearoyl-CoA (n-C18:0CoA),C39H66N7O17P3S,1029.96433,39,7,1,3
ibcoa_m,Isobutyryl-CoA,C25H38N7O17P3S,833.59221,25,7,1,3
2mp2coa_m,2-Methylprop-2-enoyl-CoA,C25H36N7O17P3S,831.57633,25,7,1,3
acACP_m,Acetyl-ACP,C386H605O143N96P1S3,9005.66006,386,96,3,1
acorn_m,N2-Acetyl-L-ornithine,C7H14N2O3,174.19766,7,2,0,0
orn_m,Ornithine,C5H13N2O2,133.16892,5,2,0,0
orn__L_m,L Ornithine C5H13N2O2,C5H13N2O2,133.16892,5,2,0,0
acon_C_m,Cis-Aconitate,C6H3O6,171.08442,6,0,0,0
icit_m,Isocitrate,C6H5O7,189.0997,6,0,0,0
acg5sa_m,N-Acetyl-L-glutamate 5-semialdehyde,C7H10NO4,172.1586,7,1,0,0
pi_m,Phosphate,HO4P,95.9793,0,0,0,1
ribflv_m,Riboflavin,C17H20N4O6,376.3639,17,4,0,0
fmn_m,FMN,C17H19N4O9P,454.32792,17,4,0,1
ddcap_m,Dodecanoly-phosphate (n-C12:0),C12H24O5P1,279.28972,12,0,0,1
ttdcap_m,Tetradecanoyl-phosphate (n-C14:0),C14H28O5P,307.34288,14,0,0,1
ttdceap_m,Tetradecanoyl-phosphate (n-C14:1),C14H26O5P,305.327,14,0,0,1
hdcap_m,Hexadecanoyl-phosphate (n-C16:0),C16H32O5P,335.39604,16,0,0,1
hdceap_m,Hexadecanoyl-phosphate (n-C16:1),C16H30O5P,333.38016,16,0,0,1
ocdcap_m,Octadecanoyl-phosphate (n-C18:0),C18H36O5P,363.4492,18,0,0,1
ocdceap_m,Octadecanoyl-phosphate (n-C18:1),C18H34O5P,361.43332,18,0,0,1
pan4p_m,Pantetheine 4'-phosphate,C11H21N2O7PS,356.3324,11,2,1,1
acser_m,O-Acetyl-L-serine,C5H9NO4,147.12926,5,1,0,0
tsul_m,Thiosulfate,O3S2,112.1282,0,0,2,0
scys__L_m,S-Sulfo-L-cysteine,C3H6NO5S2,200.21344,3,1,2,0
diact_m,Diacetyl,C4H6O2,86.08924,4,0,0,0
acetol_m,Acetol,C3H6O2,74.07854,3,0,0,0
actn__R_m, R  Acetoin C4H8O2,C4H8O2,88.10512,4,0,0,0
13dpg_m,3-Phospho-D-glyceroyl phosphate,C3H4O10P2,262.00538,3,0,0,2
ins_m,Inosine,C10H12N4O5,268.22608,10,4,0,0
dcmp_m,DCMP,C9H12N3O7P,305.18124,9,3,0,1
dcyt_m,Deoxycytidine,C9H13N3O4,227.21722,9,3,0,0
nh4_m,Ammonium,NH4,18.03846,0,1,0,0
4adcho_m,4-amino-4-deoxychorismate,C10H10NO5,224.1901,10,1,0,0
chor_m,Chorismate,C10H8O6,224.16692,10,0,0,0
hxan_m,Hypoxanthine,C5H4N4O,136.11146,5,4,0,0
dadp_m,DADP,C10H12N5O9P2,408.1779,10,5,0,2
damp_m,DAMP,C10H12N5O6P,329.20594,10,5,0,1
datp_m,DATP,C10H12N5O12P3,487.14987,10,5,0,3
ametam_m,S-Adenosylmethioninamine,C14H24N6O3S,356.44376,14,6,1,0
dgdp_m,DGDP,C10H12N5O10P2,424.1773,10,5,0,2
dgtp_m,DGTP,C10H12N5O13P3,503.14927,10,5,0,3
rib__D_m,D-Ribose,C5H10O5,150.1299,5,0,0,0
gmp_m,GMP,C10H12N5O8P,361.20474,10,5,0,1
26dap_LL_m,"LL-2,6-Diaminoheptanedioate",C7H14N2O4,190.19706,7,2,0,0
adpglc_m,ADPglucose,C16H23N5O15P2,587.32584,16,5,0,2
g1p_m,D-Glucose 1-phosphate,C6H11O9P,258.1199,6,0,0,1
man1p_m,D-Mannose 1-phosphate,C6H11O9P,258.1199,6,0,0,1
r5p_m,Alpha-D-Ribose 5-phosphate,C5H9O8P,228.09392,5,0,0,1
aicar_m,5-Amino-1-(5-Phospho-D-ribosyl)imidazole-4-carboxamide,C9H13N4O8P,336.19528,9,4,0,1
aps_m,Adenosine 5'-phosphosulfate,C10H12N5O10PS,425.26854,10,5,1,1
dcamp_m,"N6-(1,2-Dicarboxyethyl)-AMP",C14H14N5O11P,459.26162,14,5,0,1
fum_m,Fumarate,C4H2O4,114.05628,4,0,0,0
25aics_m,(S)-2-[5-Amino-1-(5-phospho-D-ribosyl)imidazole-4-carboxamido]succinate,C13H15N4O12P,450.25156,13,4,0,1
imp_m,IMP,C10H11N4O8P,346.1901,10,4,0,1
hdcoa_m,Hexadecenoyl-CoA (n-C16:1CoA),C37H60N7O17P3S,999.89529,37,7,1,3
odecoa_m,Octadecenoyl-CoA (n-C18:1CoA),C39H64N7O17P3S,1027.94845,39,7,1,3
cmp_m,CMP,C9H12N3O8P,321.18064,9,3,0,1
anhgm_m,N-Acetyl-D-glucosamine(anhydrous)N-Acetylmuramic acid,C19H29N2O12,477.43976,19,2,0,0
anhgm3p_m,N-Acetyl-D-glucosamine(anhydrous)N-Acetylmuramyl-tripeptide,C34H52N6O19,848.80548,34,6,0,0
anhgm_m,N-Acetyl-D-glucosamine(anhydrous)N-Acetylmuramic acid,C19H29N2O12,477.43976,19,2,0,0
anhgm3p_m,N-Acetyl-D-glucosamine(anhydrous)N-Acetylmuramyl-tripeptide,C34H52N6O19,848.80548,34,6,0,0
anhm3p_m,"1,6-anhydrous-N-Acetylmuramyl-tripeptide",C26H39N5O14,645.61296,26,5,0,0
anhgm4p_m,N-Acetyl-D-glucosamine(anhydrous)N-Acetylmuramyl-tetrapeptide,C37H57N7O20,919.88338,37,7,0,0
anhgm4p_m,N-Acetyl-D-glucosamine(anhydrous)N-Acetylmuramyl-tetrapeptide,C37H57N7O20,919.88338,37,7,0,0
anhm4p_m,"1,6-anhydrous-N-Acetylmuramyl-tetrapeptide",C29H44N6O15,716.69086,29,6,0,0
agm_m,Agmatine,C5H16N4,132.20734,5,4,0,0
Ncbmpts_m,N-Carbamoylputrescine,C5H13N3O,131.17622,5,3,0,0
anhm_m,"1,6-anhydrous-N-Acetylmuramate",C11H16NO7,274.24724,11,1,0,0
inost_m,Myo-Inositol,C6H12O6,180.15588,6,0,0,0
raffin_m,Raffinose C18H32O16,C18H32O16,504.43708,18,0,0,0
sucr_m,Sucrose,C12H22O11,342.29648,12,0,0,0
ptrc_m,Putrescine,C4H14N2,90.16736,4,2,0,0
agm_m,Agmatine,C5H16N4,132.20734,5,4,0,0
ptrc_m,Putrescine,C4H14N2,90.16736,4,2,0,0
urea_m,Urea,CH4N2O,60.05526,1,2,0,0
agm_m,Agmatine,C5H16N4,132.20734,5,4,0,0
1ddecg3p_m,1-dodecanoyl-sn-glycerol 3-phosphate,C15H29O7P1,352.36032,15,0,0,1
pa120_m,"1,2-didodecanoyl-sn-glycerol 3-phosphate",C27H51O8P1,534.6628,27,0,0,1
1tdecg3p_m,1-tetradecanoyl-sn-glycerol 3-phosphate,C17H33O7P1,380.41348,17,0,0,1
pa140_m,"1,2-ditetradecanoyl-sn-glycerol 3-phosphate",C31H59O8P1,590.76912,31,0,0,1
1tdec7eg3p_m,1-tetradec-7-enoyl-sn-glycerol 3-phosphate,C17H31O7P1,378.3976,17,0,0,1
pa141_m,"1,2-ditetradec-7-enoyl-sn-glycerol 3-phosphate",C31H55O8P1,586.73736,31,0,0,1
1hdecg3p_m,1-hexadecanoyl-sn-glycerol 3-phosphate,C19H37O7P,408.46664,19,0,0,1
pa160_m,"1,2-dihexadecanoyl-sn-glycerol 3-phosphate",C35H67O8P,646.87544,35,0,0,1
1hdec9eg3p_m,1-hexadec-9-enoyl-sn-glycerol 3-phosphate,C19H35O7P1,406.45076,19,0,0,1
pa161_m,"1,2-dihexadec-9-enoyl-sn-glycerol 3-phosphate",C35H63O8P1,642.84368,35,0,0,1
1odecg3p_m,1-octadecanoyl-sn-glycerol 3-phosphate,C21H41O7P1,436.5198,21,0,0,1
pa180_m,"1,2-dioctadecanoyl-sn-glycerol 3-phosphate",C39H75O8P1,702.98176,39,0,0,1
1odec11eg3p_m,1-octadec-11-enoyl-sn-glycerol 3-phosphate,C21H39O7P1,434.50392,21,0,0,1
pa181_m,"1,2-dioctadec-11-enoyl-sn-glycerol 3-phosphate",C39H71O8P1,698.95,39,0,0,1
glx_m,Glyoxylate,C2HO3,73.02754,2,0,0,0
gly_m,Glycine,C2H5NO2,75.0666,2,1,0,0
f6p_m,D-Fructose 6-phosphate,C6H11O9P,258.1199,6,0,0,1
hcys__L_m,L-Homocysteine,C4H9NO2S,135.18476,4,1,1,0
gcald_m,Glycolaldehyde,C2H4O2,60.05196,2,0,0,0
met__L_m,L-Methionine,C5H11NO2S,149.21134,5,1,1,0
ch4s_m,Methanethiol CH4S,CH4S,48.10746,1,0,1,0
h2s_m,Hydrogen sulfide,H2S,34.08088,0,0,1,0
trdox_m,Oxidized thioredoxin,X,0.0,0,0,0,0
trdrd_m,Reduced thioredoxin,XH2,2.01588,0,0,0,0
fprica_m,5-Formamido-1-(5-phospho-D-ribosyl)imidazole-4-carboxamide,C10H13N4O9P,364.20538,10,4,0,1
thf_m,"5,6,7,8-Tetrahydrofolate",C19H21N7O6,443.41334,19,7,0,0
5aizc_m,5-amino-1-(5-phospho-D-ribosyl)imidazole-4-carboxylate,C9H11N3O9P,336.1721,9,3,0,1
dhlam_m,Dihydrolipoamide C8H17NOS2,C8H17NOS2,207.35668,8,1,2,0
mal__L_m,L-Malate,C4H4O5,132.07156,4,0,0,0
akg_m,2-Oxoglutarate,C5H4O5,144.08226,5,0,0,0
mal__L_m,L-Malate,C4H4O5,132.07156,4,0,0,0
dhnpt_m,Dihydroneopterin,C9H13N5O4,255.23062,9,5,0,0
glyc__R_m,(R)-Glycerate,C3H5O4,105.0694,3,0,0,0
alaala_m,D-Alanyl-D-alanine,C6H12N2O3,160.17108,6,2,0,0
alaala_m,D-Alanyl-D-alanine,C6H12N2O3,160.17108,6,2,0,0
asn__L_m,L-Asparagine,C4H8N2O3,132.11792,4,2,0,0
asn__L_m,L-Asparagine,C4H8N2O3,132.11792,4,2,0,0
ala_B_m,Beta-Alanine,C3H7NO2,89.09318,3,1,0,0
ala__D_m,D-Alanine,C3H7NO2,89.09318,3,1,0,0
gln__L_m,L-Glutamine,C5H10N2O3,146.1445,5,2,0,0
gly_m,Glycine,C2H5NO2,75.0666,2,1,0,0
glu__D_m,D-Glutamate,C5H8NO4,146.12132,5,1,0,0
pyam5p_m,Pyridoxamine 5'-phosphate,C8H12N2O5P,247.16504,8,2,0,1
pydx5p_m,Pyridoxal 5'-phosphate,C8H8NO6P,245.12598,8,1,0,1
thr__L_m,L-Threonine,C4H9NO3,119.11916,4,1,0,0
arg__L_m,L-Arginine,C6H15N4O2,175.2089,6,4,0,0
arg__L_m,L-Arginine,C6H15N4O2,175.2089,6,4,0,0
meoh_m,Methanol,CH4O1,32.04186,1,0,0,0
glyald_m,D-Glyceraldehyde,C3H6O3,90.07794,3,0,0,0
glyc_m,Glycerol,C3H8O3,92.09382,3,0,0,0
lald__D_m,D-Lactaldehyde,C3H6O2,74.07854,3,0,0,0
lald__L_m,L-Lactaldehyde,C3H6O2,74.07854,3,0,0,0
pacald_m,Phenylacetaldehyde,C8H8O,120.14852,8,0,0,0
ppoh_m,1-Propanol,C3H8O,60.09502,3,0,0,0
btal_m,Butanal,C4H8O,72.10572,4,0,0,0
btoh_m,Butanol,C4H10O,74.1216,4,0,0,0
pac_m,Phenylacetic acid,C8H7O2,135.13998,8,0,0,0
amacald_m,Aminoacetaldehyde C2H5NO,C2H5NO,59.0672,2,1,0,0
glcr_m,D-Glucarate,C6H8O8,208.12292,6,0,0,0
but_m,Butyrate (n-C4:0),C4H7O2,87.09718,4,0,0,0
mmalsa__S_m, S  Methylmalonate semialdehyde C4H5O3,C4H5O3,101.0807,4,0,0,0
hxa_m,Hexanoate (n-C6:0),C6H11O2,115.15034,6,0,0,0
hxal_m,Hexanal C6H12O,C6H12O,100.15888,6,0,0,0
dha_m,Dihydroxyacetone,C3H6O3,90.07794,3,0,0,0
dhap_m,Dihydroxyacetone phosphate,C3H5O6P,168.04196,3,0,0,1
alltt_m,Allantoate,C4H7N4O4,175.12278,4,4,0,0
urdglyc_m,(-)-Ureidoglycolate,C3H5N2O4,133.0828,3,2,0,0
alltn_m,Allantoin,C4H6N4O3,158.11544,4,4,0,0
pe160_m,"Phosphatidylethanolamine (dihexadecanoyl, n-C16:0)",C37H74NO8P,691.95912,37,1,0,1
pg160_m,"Phosphatidylglycerol (dihexadecanoyl, n-C16:0)",C38H74O10P1,721.96192,38,0,0,1
2ddglcn_m,2-Dehydro-3-deoxy-D-gluconate,C6H9O6,177.13206,6,0,0,0
altrn_m,D-Altronate,C6H11O7,195.14734,6,0,0,0
malt_m,Maltose,C12H22O11,342.29648,12,0,0,0
malttr_m,Maltotriose,C18H32O16,504.43708,18,0,0,0
maltttr_m,Maltotetraose,C24H42O21,666.57768,24,0,0,0
maltpt_m,Maltopentaose,C30H52O26,828.71828,30,0,0,0
malthp_m,Maltoheptaose,C42H72O36,1152.99948,42,0,0,0
man_m,D-Mannose,C6H12O6,180.15588,6,0,0,0
2dmmql8_m,2-Demethylmenaquinol 8,C50H72O2,705.10548,50,0,0,0
mql8_m,Menaquinol 8,C51H74O2,719.13206,51,0,0,0
mqn6_m,Menaquinone 6,C41H56O2,580.88214,41,0,0,0
mql7_m,Menaquinol 7 C46H66O2,C46H66O2,651.01504,46,0,0,0
2dmmq8_m,2-Demethylmenaquinone 8,C50H70O2,703.0896,50,0,0,0
mqn8_m,Menaquinone 8,C51H72O2,717.11618,51,0,0,0
cgly_m,Cys-Gly,C5H10N2O3S,178.2095,5,2,1,0
cgly_m,Cys-Gly,C5H10N2O3S,178.2095,5,2,1,0
pro__L_m,L-Proline,C5H9NO2,115.13046,5,1,0,0
progly_m,L-Prolinylglycine,C7H12N2O3,172.18178,7,2,0,0
malt_m,Maltose,C12H22O11,342.29648,12,0,0,0
malttr_m,Maltotriose,C18H32O16,504.43708,18,0,0,0
starch1200_m,"Starch n=1200 repeat units (300 repeat units amylose, 900 repeat units amylopectin, corresponds to potatoe starch)",C7200H12002O6001,194586.73528,7200,0,0,0
amylose300_m,"Amylose (n=300 repeat units, alpha-1,4-glc)",C1800H3002O1501,48660.19528,1800,0,0,0
nmn_m,NMN,C11H14N2O8P,333.21122,11,2,0,1
pran_m,N-(5-Phospho-D-ribosyl)anthranilate,C12H13NO9P,346.20668,12,1,0,1
hisp_m,L-Histidinol phosphate,C6H11N3O4P,220.143,6,3,0,1
imacp_m,3-(Imidazol-4-yl)-2-oxopropyl phosphate,C6H7N2O5P,218.10394,6,2,0,1
ap4a_m,"P1,P4-Bis(5'-adenosyl) tetraphosphate",C20H24N10O19P4,832.35521,20,10,0,4
thdp_m,"2,3,4,5-Tetrahydrodipicolinate",C7H7NO4,169.13478,7,1,0,0
4ppcys_m,N-((R)-4-Phosphopantothenoyl)-L-cysteine,C12H20N2O9PS,399.33396,12,2,1,1
5aptn_m,5-Aminopentanoate,C5H11NO2,117.14634,5,1,0,0
5apentam_m,5-Aminopentanamide,C5H12N2O,116.16158,5,2,0,0
nh3_m,Ammonia,H3N,17.03052,0,1,0,0
glyc3p_m,Glycerol 3-phosphate,C3H7O6P,170.05784,3,0,0,1
lys__L_m,L-Lysine,C6H15N2O2,147.1955,6,2,0,0
dpcoa_m,Dephospho-CoA,C21H33N7O13P2S,685.53834,21,7,1,2
oxptn_m,5-Oxopentanoate,C5H7O3,115.10728,5,0,0,0
arab__D_m,D Arabinose C5H10O5,C5H10O5,150.1299,5,0,0,0
rbl__D_m,D-Ribulose,C5H10O5,150.1299,5,0,0,0
arab__D_m,D Arabinose C5H10O5,C5H10O5,150.1299,5,0,0,0
rbl__L_m,L-Ribulose,C5H10O5,150.1299,5,0,0,0
arab__L_m,L-Arabinose,C5H10O5,150.1299,5,0,0,0
fe3_m,Fe3+,Fe,55.845,0,0,0,0
fe2_m,Fe2+,Fe,55.845,0,0,0,0
fmnh2_m,Reduced FMN,C17H21N4O9P,456.3438,17,4,0,1
arg__L_m,L-Arginine,C6H15N4O2,175.2089,6,4,0,0
co2_m,CO2,CO2,44.0095,1,0,0,0
citr__L_m,L-Citrulline,C6H13N3O3,175.18572,6,3,0,0
lys__L_m,L-Lysine,C6H15N2O2,147.1955,6,2,0,0
orn_m,Ornithine,C5H13N2O2,133.16892,5,2,0,0
orn_m,Ornithine,C5H13N2O2,133.16892,5,2,0,0
argsuc_m,N(omega)-(L-Arginino)succinate,C10H17N4O6,289.26518,10,4,0,0
phe__L_m,L-Phenylalanine,C9H11NO2,165.18914,9,1,0,0
so4_m,Sulfate,O4S,96.0626,0,0,1,0
4pasp_m,4-Phospho-L-aspartate,C4H6NO7P,211.0667,4,1,0,1
aspsa_m,L-Aspartate 4-semialdehyde,C4H7NO3,117.10328,4,1,0,0
asp__L_m,L-Aspartate,C4H6NO4,132.09474,4,1,0,0
asp__L_m,L-Aspartate,C4H6NO4,132.09474,4,1,0,0
cbasp_m,N-Carbamoyl-L-aspartate,C5H6N2O5,174.11154,5,2,0,0
cbp_m,Carbamoyl phosphate,CH2NO5P,139.00404,1,1,0,1
k_m,Potassium,K,39.0983,0,0,0,0
k_m,Potassium,K,39.0983,0,0,0,0
iasp_m,Iminoaspartate,C4H3NO4,129.07092,4,1,0,0
q8_m,Ubiquinone-8,C49H74O4,727.10946,49,0,0,0
q8h2_m,Ubiquinol-8,C49H76O4,729.12534,49,0,0,0
pro__L_m,L-Proline,C5H9NO2,115.13046,5,1,0,0
gthox_m,Oxidized glutathione,C20H28N6O12S2,608.59932,20,6,2,0
gthrd_m,Reduced glutathione,C10H15N3O6S,305.3076,10,3,1,0
athr__L_m,L-Allo-threonine,C4H9NO3,119.11916,4,1,0,0
prbatp_m,1-(5-Phosphoribosyl)-ATP,C15H19N5O20P4,713.22791,15,5,0,4
btn_m,Biotin,C10H15N2O3S,243.3027,10,2,1,0
mql6_m,Menaquinol 6,C41H58O2,582.89802,41,0,0,0
bz_m,Benzoate,C7H5O2,121.1134,7,0,0,0
ile__L_m,L-Isoleucine,C6H13NO2,131.17292,6,1,0,0
gdpmann_m,GDP-D-mannose,C16H23N5O16P2,603.32524,16,5,0,2
betald_m,Betaine aldehyde,C5H12NO,102.15488,5,1,0,0
glyb_m,Glycine betaine,C5H11NO2,117.14634,5,1,0,0
suc6p_m,Sucrose 6-phosphate,C12H21O14P,420.2605,12,0,0,1
cellb_m,Cellobiose,C12H22O11,342.29648,12,0,0,0
cellb_m,Cellobiose,C12H22O11,342.29648,12,0,0,0
6pgg_m,6pgg c,C12H21O14P,420.2605,12,0,0,1
dmgly_m,"N,N-Dimethylglycine",C4H9NO2,103.11976,4,1,0,0
udpglcur_m,UDP-D-glucuronate,C15H19N2O18P2,577.26148,15,2,0,2
e4p_m,D-Erythrose 4-phosphate,C4H7O7P,198.06794,4,0,0,1
bmoco_m,Bis-molybdenum cofactor,C20H20N10O13P2S4Mo,894.59952,20,10,4,2
cu2_m,Cu2+,Cu,63.546,0,0,0,0
moco_m,Molybdenum cofactor,C10H10N5O8PS2Mo,519.27886,10,5,2,1
mptamp_m,Adenylated molybdopterin,C20H22N10O12P2S2Cu,784.072,20,10,2,2
bmoco1gdp_m,Bis-molybdopterin mono-guanine dinucleotide,C30H32N15O20P3S4Mo,1239.80487,30,15,4,3
bmocogdp_m,Bis-molybdopterin guanine dinucleotide,C40H44N20O27P4S4Mo,1585.01021,40,20,4,4
sbzcoa_m,O-Succinylbenzoyl-CoA,C32H39N7O20P3S,966.67325,32,7,1,3
btd_RR_m, R R  2 3 Butanediol C4H10O2,C4H10O2,90.121,4,0,0,0
dtbt_m,Dethiobiotin,C10H17N2O3,213.25358,10,2,0,0
s_m,Sulfur,S,32.065,0,0,1,0
2fe1s_m,[2Fe-1S] desulfurated iron-sulfur cluster,SFe2,143.755,0,0,1,0
2fe2s_m,[2Fe-2S] iron-sulfur cluster,S2Fe2,175.82,0,0,2,0
buts_m,Butanesulfonate C4H9O3S,C4H9O3S,137.17746,4,0,1,0
buts_m,Butanesulfonate C4H9O3S,C4H9O3S,137.17746,4,0,1,0
but_m,Butyrate (n-C4:0),C4H7O2,87.09718,4,0,0,0
bz12diol_m,"Cis-1,2-Dihydroxycyclohexa-3,5-diene-1-carboxylate",C7H7O4,155.12808,7,0,0,0
bzal_m,Benzaldehyde,C7H6O,106.12194,7,0,0,0
bzal_m,Benzaldehyde,C7H6O,106.12194,7,0,0,0
bzal_m,Benzaldehyde,C7H6O,106.12194,7,0,0,0
catechol_m,Catechol,C6H6O2,110.11064,6,0,0,0
bz_m,Benzoate,C7H5O2,121.1134,7,0,0,0
3hdcoa_m,(S)-3-Hydroxydecanoyl-CoA,C31H50N7O18P3S,933.75109,31,7,1,3
3hddcoa_m,(S)-3-Hydroxydodecanoyl-CoA,C33H54N7O18P3S,961.80425,33,7,1,3
3htdcoa_m,(S)-3-Hydroxytetradecanoyl-CoA,C35H58N7O18P3S,989.85741,35,7,1,3
ivcoa_m,Isovaleryl-CoA,C26H40N7O17P3S,847.61879,26,7,1,3
ca2_m,Calcium,Ca,40.078,0,0,0,0
ca2_m,Calcium,Ca,40.078,0,0,0,0
ca2_m,Calcium,Ca,40.078,0,0,0,0
fdxox_m,Oxidized ferredoxin,Fe8S8X,703.28,0,0,8,0
fdxrd_m,Reduced ferredoxin,Fe8S8XH2,705.29588,0,0,8,0
lys__L_m,L-Lysine,C6H15N2O2,147.1955,6,2,0,0
ccmuac_m,"Cis,cis-Muconate",C6H4O4,140.09356,6,0,0,0
pqh2_m,Plastoquinol,C53H82O2,751.21698,53,0,0,0
pq_m,Plastoquinone,C53H80O2,749.2011,53,0,0,0
ficytc6_m,Ferricytochrome c6,R,0.0,0,0,0,0
focytc6_m,Ferrocytochrome c6,RH2,2.01588,0,0,0,0
pcox_m,Plastocyanin(Cu2+),R,0.0,0,0,0,0
pcrd_m,Plastocyanin(Cu+),RH2,2.01588,0,0,0,0
cbm_m,Carbamate,CH2NO2,60.03208,1,1,0,0
cd2_m,Cadmium,Cd,112.411,0,0,0,0
cd2_m,Cadmium,Cd,112.411,0,0,0,0
cd2_m,Cadmium,Cd,112.411,0,0,0,0
k_m,Potassium,K,39.0983,0,0,0,0
cdpdddecg_m,"CDP-1,2-didodecanoylglycerol",C36H63N3O15P2,839.84404,36,3,0,2
cdpdtdecg_m,"CDP-1,2-ditetradecanoylglycerol",C40H71N3O15P2,895.95036,40,3,0,2
cdpdtdec7eg_m,"CDP-1,2-ditetradec-7-enoylglycerol",C40H67N3O15P2,891.9186,40,3,0,2
cdpdhdecg_m,"CDP-1,2-dihexadecanoylglycerol",C44H79N3O15P2,952.05668,44,3,0,2
cdpdhdec9eg_m,"CDP-1,2-dihexadec-9-enoylglycerol",C44H75N3O15P2,948.02492,44,3,0,2
cdpdodecg_m,"CDP-1,2-dioctadecanoylglycerol",C48H87N3O15P2,1008.163,48,3,0,2
cdpdodec11eg_m,"CDP-1,2-dioctadec-11-enoylglycerol",C48H83N3O15P2,1004.13124,48,3,0,2
flxr_m,Flavodoxin reduced,XH,1.00794,0,0,0,0
flxso_m,Flavodoxin semi oxidized,XH,1.00794,0,0,0,0
cdigmp_m,Cyclic diguanosine monophosphate,C20H22N10O14P2,688.3948,20,10,0,2
5pg35pg_m,5-Phosphoguanylyl(3->5)guanosine,C20H23N10O15P2,705.40214,20,10,0,2
cdp4dh6doglc_m,CDP-4-dehydro-6-deoxy-D-glucose,C15H21N3O15P2,545.28586,15,3,0,2
cdp4dh36ddglc_m,CDP-4-dehydro-3-6-dideoxy-D-glucose,C15H21N3O14P2,529.28646,15,3,0,2
cdpabeq_m,CDP-abequose,C15H23N3O14P2,531.30234,15,3,0,2
cdpglc_m,CDP-glucose,C15H23N3O16P2,563.30114,15,3,0,2
cdp_m,CDP,C9H12N3O11P2,400.1526,9,3,0,2
ptd1ino160_m,Phosphatidyl 1D myo inositol,C41H78O13P,810.02398,41,0,0,1
cgly_m,Cys-Gly,C5H10N2O3S,178.2095,5,2,1,0
chol_m,Choline,C5H14NO,104.17076,5,1,0,0
chols_m,Choline sulfate,C5H13NO4S,183.22602,5,1,1,0
chols_m,Choline sulfate,C5H13NO4S,183.22602,5,1,1,0
chols_m,Choline sulfate,C5H13NO4S,183.22602,5,1,1,0
pphn_m,Prephenate,C10H8O6,224.16692,10,0,0,0
3psme_m,5-O-(1-Carboxyvinyl)-3-phosphoshikimate,C10H9O10P,320.14622,10,0,0,1
cit_m,Citrate,C6H5O7,189.0997,6,0,0,0
mg2_m,Magnesium,Mg,24.305,0,0,0,0
mg2_m,Magnesium,Mg,24.305,0,0,0,0
mn2_m,Mn2+,Mn,54.93805,0,0,0,0
mn2_m,Mn2+,Mn,54.93805,0,0,0,0
ni2_m,Nickel,Ni,58.6934,0,0,0,0
cobalt2_m,Co2+,Co,58.93319,0,0,0,0
cobalt2_m,Co2+,Co,58.93319,0,0,0,0
zn2_m,Zinc,Zn,65.38,0,0,0,0
zn2_m,Zinc,Zn,65.38,0,0,0,0
succ_m,Succinate,C4H4O4,116.07216,4,0,0,0
oxa_m,Oxalate,C2O4,88.019,2,0,0,0
pa120_m,"1,2-didodecanoyl-sn-glycerol 3-phosphate",C27H51O8P1,534.6628,27,0,0,1
pg120_m,"Phosphatidylglycerol (didodecanoyl, n-C12:0)",C30H58O10P1,609.74928,30,0,0,1
pa140_m,"1,2-ditetradecanoyl-sn-glycerol 3-phosphate",C31H59O8P1,590.76912,31,0,0,1
pg140_m,"Phosphatidylglycerol (ditetradecanoyl, n-C14:0)",C34H66O10P1,665.8556,34,0,0,1
pa141_m,"1,2-ditetradec-7-enoyl-sn-glycerol 3-phosphate",C31H55O8P1,586.73736,31,0,0,1
pg141_m,"Phosphatidylglycerol (ditetradec-7-enoyl, n-C14:1)",C34H62O10P1,661.82384,34,0,0,1
pa160_m,"1,2-dihexadecanoyl-sn-glycerol 3-phosphate",C35H67O8P,646.87544,35,0,0,1
pa161_m,"1,2-dihexadec-9-enoyl-sn-glycerol 3-phosphate",C35H63O8P1,642.84368,35,0,0,1
pg161_m,"Phosphatidylglycerol (dihexadec-9-enoyl, n-C16:1)",C38H70O10P1,717.93016,38,0,0,1
pa180_m,"1,2-dioctadecanoyl-sn-glycerol 3-phosphate",C39H75O8P1,702.98176,39,0,0,1
pg180_m,"Phosphatidylglycerol (dioctadecanoyl, n-C18:0)",C42H82O10P1,778.06824,42,0,0,1
pa181_m,"1,2-dioctadec-11-enoyl-sn-glycerol 3-phosphate",C39H71O8P1,698.95,39,0,0,1
pg181_m,"Phosphatidylglycerol (dioctadec-11-enoyl, n-C18:1)",C42H78O10P1,774.03648,42,0,0,1
fe3_m,Fe3+,Fe,55.845,0,0,0,0
csn_m,Cytosine,C4H5N3O,111.102,4,3,0,0
co2_m,CO2,CO2,44.0095,1,0,0,0
cobalt2_m,Co2+,Co,58.93319,0,0,0,0
fdox_m,Ferredoxin (oxidized) 2[4Fe-4S],Fe8S8X,703.28,0,0,8,0
fdred_m,Ferredoxin (reduced) 2[4Fe-4S],Fe8S8X,703.28,0,0,8,0
co_m,Carbon monoxide,CO,28.0101,1,0,0,0
cpmp_m,Cyclic pyranopterin monophosphate,C10H13N5O8P,362.21268,10,5,0,1
cpppg3_m,Coproporphyrinogen III,C36H40N4O8,656.7248,36,4,0,0
pppg9_m,Protoporphyrinogen IX,C34H38N4O4,566.68992,34,4,0,0
4crsol_m,P-Cresol,C7H8O,108.13782,7,0,0,0
4crsol_m,P-Cresol,C7H8O,108.13782,7,0,0,0
crn__D_m,D-Carnitine,C7H15NO3,161.1989,7,1,0,0
crn__D_m,D-Carnitine,C7H15NO3,161.1989,7,1,0,0
cro4_m,Chromate,CrO4,115.9937,0,0,0,0
cro4_m,Chromate,CrO4,115.9937,0,0,0,0
ura_m,Uracil,C4H4N2O2,112.08676,4,2,0,0
spmd_m,Spermidine,C7H22N3,148.26968,7,3,0,0
tdecoa_m,Tetradecenoyl-CoA (n-C14:1CoA),C35H56N7O17P3S,971.84213,35,7,1,3
utp_m,UTP,C9H11N2O15P3,480.10933,9,2,0,3
cu2_m,Cu2+,Cu,63.546,0,0,0,0
cu2_m,Cu2+,Cu,63.546,0,0,0,0
so3_m,Sulfite,SO3,80.0632,0,0,1,0
focytc_m,Ferrocytochrome c C42H53FeN8O6S2,C42H53FeN8O6S2,885.89522,42,8,2,0
ficytc_m,Ferricytochrome c C42H52FeN8O6S2,C42H52FeN8O6S2,884.88728,42,8,2,0
q_m,Ubiquinone,C14H18O4,250.29032,14,0,0,0
qh2_m,Ubiquinol,C14H20O4,252.3062,14,0,0,0
ficytC_m,Ferricytochrome c,C42FeH54N8O6S2,886.90316,42,8,2,0
focytC_m,Ferrocytochrome C,C42FeH54N8O6S2,886.90316,42,8,2,0
mqn7_m,Menaquinone 7 C46H64O2,C46H64O2,648.99916,46,0,0,0
cys__L_m,L-Cysteine,C3H7NO2S,121.15818,3,1,1,0
o2_m,O2,O2,31.9988,0,0,0,0
mercppyr_m,Mercaptopyruvate,C3H3O3S,119.11912,3,0,1,0
cyst__L_m,L-Cystathionine,C7H14N2O4S,222.26206,7,2,1,0
cysth__L_m,L Cystathionine C7H14N2O4S,C7H14N2O4S,222.26206,7,2,1,0
glu__L_m,L-Glutamate,C5H8NO4,146.12132,5,1,0,0
cytd_m,Cytidine,C9H13N3O5,243.21662,9,3,0,0
dcdp_m,DCDP,C9H12N3O10P2,384.1532,9,3,0,2
dctp_m,DCTP,C9H12N3O13P3,463.12517,9,3,0,3
diact_m,Diacetyl,C4H6O2,86.08924,4,0,0,0
dad_2_m,Deoxyadenosine,C10H13N5O3,251.24192,10,5,0,0
din_m,Deoxyinosine,C10H12N4O4,252.22668,10,4,0,0
26dap__M_m,"Meso-2,6-Diaminoheptanedioate",C7H14N2O4,190.19706,7,2,0,0
arab__D_m,D Arabinose C5H10O5,C5H10O5,150.1299,5,0,0,0
ditp_m,DITP,C10H11N4O13P3,488.13463,10,4,0,3
nicrnt_m,Nicotinate D-ribonucleotide,C11H12NO9P,333.18804,11,1,0,1
dca_m,Decanoate (n-C10:0),C10H19O2,171.25666,10,0,0,0
dca_m,Decanoate (n-C10:0),C10H19O2,171.25666,10,0,0,0
dump_m,DUMP,C9H11N2O8P,306.166,9,2,0,1
frdp_m,Farnesyl diphosphate,C15H25O7P2,379.30232,15,0,0,2
ipdp_m,Isopentenyl diphosphate,C5H9O7P2,243.06828,5,0,0,2
dutp_m,DUTP,C9H11N2O14P3,464.10993,9,2,0,3
duri_m,Deoxyuridine,C9H12N2O5,228.20198,9,2,0,0
dcyt_m,Deoxycytidine,C9H13N3O4,227.21722,9,3,0,0
ddca_m,Dodecanoate (n-C12:0),C12H23O2,199.30982,12,0,0,0
2ddg6p_m,2-Dehydro-3-deoxy-D-gluconate 6-phosphate,C6H8O9P,255.09608,6,0,0,1
g3p_m,Glyceraldehyde 3-phosphate,C3H5O6P,168.04196,3,0,0,1
decdp_m,All trans Decaprenyl diphosphate,C50H81O7P2,856.12146,50,0,0,2
fdxo_2_2_m,Oxidized ferredoxin,Fe8S8X,703.28,0,0,8,0
dextrin_m,Dextrin C12H20O10,C12H20O10,324.2812,12,0,0,0
gal_m,D-Galactose,C6H12O6,180.15588,6,0,0,0
dgmp_m,DGMP,C10H12N5O7P,345.20534,10,5,0,1
dgsn_m,Deoxyguanosine,C10H13N5O4,267.24132,10,5,0,0
2o3mpt_m, R  2 Oxo 3 methylpentanoate C6H9O3,C6H9O3,129.13386,6,0,0,0
dhf_m,"7,8-Dihydrofolate",C19H19N7O6,441.39746,19,7,0,0
dhpt_m,Dihydropteroate,C14H13N6O3,313.29142,14,6,0,0
dhna_m,"1,4-Dihydroxy-2-naphthoate",C11H7O4,203.17088,11,0,0,0
octdp_m,All-trans-Octaprenyl diphosphate,C40H65O7P2,719.88742,40,0,0,2
14dhncoa_m,"1,4-dihydroxy-2-napthoyl-CoA",C32H38N7O19P3S,949.66591,32,7,1,3
6hmhpt_m,6-hydroxymethyl dihydropterin,C7H9N5O2,195.17866,7,5,0,0
dhor__S_m,(S)-Dihydroorotate,C5H5N2O4,157.1042,5,2,0,0
orot_m,Orotate,C5H3N2O4,155.08832,5,2,0,0
dhpmp_m,Dihydroneopterin monophosphate,C9H12N5O7P,333.19464,9,5,0,1
56dura_m,"5,6-dihydrouracil",C4H6N2O2,114.10264,4,2,0,0
mlthf_m,"5,10-Methylenetetrahydrofolate",C20H21N7O6,455.42404,20,7,0,0
6hmhptpp_m,6-hydroxymethyl-dihydropterin pyrophosphate,C7H8N5O8P2,352.11464,7,5,0,2
3dhq_m,3-Dehydroquinate,C7H9O6,189.14276,7,0,0,0
3dhsk_m,3-Dehydroshikimate,C7H7O5,171.12748,7,0,0,0
dimp_m,DIMP,C10H11N4O7P,330.1907,10,4,0,1
fdp_m,"D-Fructose 1,6-bisphosphate",C6H10O12P2,336.08392,6,0,0,2
dmpp_m,Dimethylallyl diphosphate,C5H9O7P2,243.06828,5,0,0,2
grdp_m,Geranyl diphosphate,C10H17O7P2,311.1853,10,0,0,2
sarcs_m,Sarcosine,C3H7NO2,89.09318,3,1,0,0
dnad_m,Deamino-NAD+,C21H24N6O15P2,662.39398,21,6,0,2
dudp_m,DUDP,C9H11N2O11P2,385.13796,9,2,0,2
dttp_m,DTTP,C10H13N2O14P3,478.13651,10,2,0,3
5dpmev_m, R  5 Diphosphomevalonate C6H10O10P2,C6H10O10P2,304.08512,6,0,0,2
pant__R_m,(R)-Pantoate,C6H11O4,147.14914,6,0,0,0
2dr5p_m,2-Deoxy-D-ribose 5-phosphate,C5H9O7P,212.09452,5,0,0,1
drib_m,Deoxyribose C5H10O4,C5H10O4,134.1305,5,0,0,0
gthrd_m,Reduced glutathione,C10H15N3O6S,305.3076,10,3,1,0
2amsa_m,2-Aminomalonate semialdehyde,C3H5NO3,103.0767,3,1,0,0
ser__D_m,D-Serine,C3H7NO3,105.09258,3,1,0,0
dtmp_m,DTMP,C10H13N2O8P,320.19258,10,2,0,1
dxyl5p_m,1-deoxy-D-xylulose 5-phosphate,C5H9O7P,212.09452,5,0,0,1
dxyl_m,1-deoxy-D-xylulose,C5H10O4,134.1305,5,0,0,0
dxyl_m,1-deoxy-D-xylulose,C5H10O4,134.1305,5,0,0,0
dxyl_m,1-deoxy-D-xylulose,C5H10O4,134.1305,5,0,0,0
4per_m,4-Phospho-D-erythronate,C4H6O8P,213.0594,4,0,0,1
udcpdp_m,Undecaprenyl diphosphate,C55H89O7P2,924.23848,55,0,0,2
3hbcoa_m,(S)-3-Hydroxybutanoyl-CoA,C25H38N7O18P3S,849.59161,25,7,1,3
3hbycoa_m, S  3 Hydroxybutyryl CoA C25H38N7O18P3S,C25H38N7O18P3S,849.59161,25,7,1,3
3hhcoa_m,(S)-3-Hydroxyhexanoyl-CoA,C27H42N7O18P3S,877.64477,27,7,1,3
3hocoa_m,(S)-3-Hydroxyoctanoyl-CoA,C29H46N7O18P3S,905.69793,29,7,1,3
3hhdcoa_m,(S)-3-Hydroxyhexadecanoyl-CoA,C37H62N7O18P3S,1017.91057,37,7,1,3
3hmbcoa_m,(S)-3-Hydroxy-2-methylbutyryl-CoA,C26H40N7O18P3S,863.61819,26,7,1,3
kdo2lipid4_m,KDO(2)-lipid IV(A),C84H148N2O37P2,1840.01264,84,2,0,2
kdo2lipid4L_m,KDO(2)-lipid IV(A) with laurate,C96H170N2O38P2,2022.31512,96,2,0,2
lipa_m,KDO(2)-lipid (A),C110H196N2O39P2,2232.67076,110,2,0,2
omclo_m,Outer Membrane Cytochrome c type oxidized (low potential),C42H54FeN8O6S2,886.90316,42,8,2,0
omclr_m,Outer Membrane Cytochrome c type reduced 1(low potential),C42H54FeN8O6S2,886.90316,42,8,2,0
enter_m,Enterochelin,C30H27N3O15,669.54648,30,3,0,0
feenter_m,Fe-enterobactin,C30H27FeN3O15,725.39148,30,3,0,0
entermg_m,Enterobactin monoglycosylated,C36H37N3O20,831.68708,36,3,0,0
salchs4_m,Salmochelin-S4,C42H47N3O25,993.82768,42,3,0,0
galur_m,D-Galacturonate,C6H9O7,193.13146,6,0,0,0
trp__L_m,L-Tryptophan,C11H12N2O2,204.22518,11,2,0,0
val__L_m,L-Valine,C5H11NO2,117.14634,5,1,0,0
tyr__L_m,L-Tyrosine,C9H11NO3,181.18854,9,1,0,0
etha_m,Ethanolamine,C2H8NO,62.09102,2,1,0,0
etha_m,Ethanolamine,C2H8NO,62.09102,2,1,0,0
eths_m,Ethanesulfonate C2H5O3S,C2H5O3S,109.1243,2,0,1,0
eths_m,Ethanesulfonate C2H5O3S,C2H5O3S,109.1243,2,0,1,0
fru_m,D-Fructose,C6H12O6,180.15588,6,0,0,0
ttdca_m,Tetradecanoate (n-C14:0),C14H27O2,227.36298,14,0,0,0
ttdcea_m,Tetradecenoate (n-C14:1),C14H25O2,225.3471,14,0,0,0
hdca_m,Hexadecanoate (n-C16:0),C16H31O2,255.41614,16,0,0,0
hdcea_m,Hexadecenoate (n-C16:1),C16H29O2,253.40026,16,0,0,0
ocdca_m,Octadecanoate (n-C18:0),C18H35O2,283.4693,18,0,0,0
ocdcea_m,Octadecenoate (n-C18:1),C18H33O2,281.45342,18,0,0,0
hxa_m,Hexanoate (n-C6:0),C6H11O2,115.15034,6,0,0,0
octa_m,Octanoate (n-C8:0),C8H15O2,143.2035,8,0,0,0
mmcoa__S_m,(S)-Methylmalonyl-CoA,C25H35N7O19P3S,862.56719,25,7,1,3
f1p_m,D-Fructose 1-phosphate,C6H11O9P,258.1199,6,0,0,1
s17bp_m,"Sedoheptulose 1,7-bisphosphate",C7H12O13P2,366.1099,7,0,0,2
pheme_m,Protoheme,C34FeH30N4O4,614.4714,34,4,0,0
ppp9_m,Protoporphyrin,C34H32N4O4,560.64228,34,4,0,0
forcoa_m,Formyl-CoA,C22H32N7O17P3S,791.51247,22,7,1,3
fmnRD_m,Flavin mononucleotide reduced C17H21N4O9P,C17H21N4O9P,456.3438,17,4,0,1
mso3_m,Methanesulfonate,CH3O3S,95.09772,1,0,1,0
hexs_m,Hexanesulfonate C6H13O3S,C6H13O3S,165.23062,6,0,1,0
taur_m,Taurine,C2H6NO3S,124.13894,2,1,1,0
sula_m,Sulfoacetate C2H2O5S,C2H2O5S,138.09928,2,0,1,0
istnt_m,Isethionate C2H5O4S,C2H5O4S,125.1237,2,0,1,0
fe2_m,Fe2+,Fe,55.845,0,0,0,0
fe2_m,Fe2+,Fe,55.845,0,0,0,0
fe3_m,Fe3+,Fe,55.845,0,0,0,0
feenter_m,Fe-enterobactin,C30H27FeN3O15,725.39148,30,3,0,0
feenter_m,Fe-enterobactin,C30H27FeN3O15,725.39148,30,3,0,0
4fe4s_m,[4Fe-4S] iron-sulfur cluster,S4Fe4,351.64,0,0,4,0
n2o_m,Nitrous oxide,N2O,44.0128,0,2,0,0
tre6p_m,"Alpha,alpha'-Trehalose 6-phosphate",C12H21O14P,420.2605,12,0,0,1
forglu_m,N-Formimidoyl-L-glutamate,C6H9N2O4,173.14666,6,2,0,0
frmd_m,Formamide,CH3NO,45.04062,1,1,0,0
fldox_m,Flavodoxin (oxidized) - obsolete,X,0.0,0,0,0,0
fldrd_m,Flavodoxin (reduced) - obsolete,XH2,2.01588,0,0,0,0
methf_m,"5,10-Methenyltetrahydrofolate",C20H20N7O6,454.4161,20,7,0,0
oxalcoa_m,Oxalyl-CoA,C23H31N7O19P3S,834.51403,23,7,1,3
fru_m,D-Fructose,C6H12O6,180.15588,6,0,0,0
fru_m,D-Fructose,C6H12O6,180.15588,6,0,0,0
fruur_m,D-Fructuronate,C6H9O7,193.13146,6,0,0,0
4fumacac_m,4 Fumarylacetoacetate C8H6O6,C8H6O6,198.12964,8,0,0,0
fum_m,Fumarate,C4H2O4,114.05628,4,0,0,0
gam1p_m,D-Glucosamine 1-phosphate,C6H13NO8P,258.14308,6,1,0,1
glc__D_m,D-Glucose,C6H12O6,180.15588,6,0,0,0
dtdpglu_m,DTDPglucose,C16H24N2O16P2,562.31308,16,2,0,2
glu1sa_m,L-Glutamate 1-semialdehyde,C5H9NO3,131.12986,5,1,0,0
glyc2p_m,Glycerol 2-phosphate,C3H7O6P,170.05784,3,0,0,1
glyc2p_m,Glycerol 2-phosphate,C3H7O6P,170.05784,3,0,0,1
g3pc_m,Sn-Glycero-3-phosphocholine,C8H20NO6P,257.22126,8,1,0,1
g3pc_m,Sn-Glycero-3-phosphocholine,C8H20NO6P,257.22126,8,1,0,1
g3pc_m,Sn-Glycero-3-phosphocholine,C8H20NO6P,257.22126,8,1,0,1
g3pe_m,Sn-Glycero-3-phosphoethanolamine,C5H14NO6P,215.14152,5,1,0,1
g3pe_m,Sn-Glycero-3-phosphoethanolamine,C5H14NO6P,215.14152,5,1,0,1
g3pg_m,Glycerophosphoglycerol,C6H14O8P,245.14432,6,0,0,1
g3pg_m,Glycerophosphoglycerol,C6H14O8P,245.14432,6,0,0,1
1pyr5c_m,1-Pyrroline-5-carboxylate,C5H6NO2,112.10664,5,1,0,0
glu5sa_m,L-Glutamate 5-semialdehyde,C5H9NO3,131.12986,5,1,0,0
glu5p_m,L-Glutamate 5-phosphate,C5H8NO7P,225.09328,5,1,0,1
g6p_B_m,Beta D glucose 6 phosphate C6H11O9P,C6H11O9P,258.1199,6,0,0,1
glcn_m,D-Gluconate,C6H11O7,195.14734,6,0,0,0
gal_m,D-Galactose,C6H12O6,180.15588,6,0,0,0
5dh4dglc_m,5-Dehydro-4-deoxy-D-glucarate,C6H6O7,190.10764,6,0,0,0
tagur_m,D-Tagaturonate,C6H9O7,193.13146,6,0,0,0
gal1p_m,Alpha-D-Galactose 1-phosphate,C6H11O9P,258.1199,6,0,0,1
galman4_m,"Galactomannan(n=4 repeat units mannose, alpha-1,4 man)",C24H42O21,666.57768,24,0,0,0
galman4_m,"Galactomannan(n=4 repeat units mannose, alpha-1,4 man)",C24H42O21,666.57768,24,0,0,0
galman6_m,"Galactomannan(n=6 repeat units mannose, alpha-1,4 man)",C36H62O31,990.85888,36,0,0,0
galman6_m,"Galactomannan(n=6 repeat units mannose, alpha-1,4 man)",C36H62O31,990.85888,36,0,0,0
melib_m,Melibiose,C12H22O11,342.29648,12,0,0,0
galt1p_m,Galactitol 1-phosphate,C6H13O9P,260.13578,6,0,0,1
galt_m,Galactitol,C6H14O6,182.17176,6,0,0,0
galur_m,D-Galacturonate,C6H9O7,193.13146,6,0,0,0
galur_m,D-Galacturonate,C6H9O7,193.13146,6,0,0,0
gam_m,D-Glucosamine,C6H14NO5,180.17906,6,1,0,0
fgam_m,N2-Formyl-N1-(5-phospho-D-ribosyl)glycinamide,C8H12N2O9P,311.16264,8,2,0,1
gar_m,N1-(5-Phospho-D-ribosyl)glycinamide,C7H14N2O8P,285.16842,7,2,0,1
glycogen_m,Glycogen,C6H10O5,162.1406,6,0,0,0
glyclt_m,Glycolate,C2H3O3,75.04342,2,0,0,0
alpro_m,S Aminomethyldihydrolipoylprotein CH6NS2X,CH6NS2X,96.19504,1,1,2,0
lpro_m,Lipoylprotein S2X,S2X,64.13,0,0,2,0
dhlpro_m,Dihydrolipolprotein H2S2X,H2S2X,66.14588,0,0,2,0
ppgpp_m,"Guanosine 3',5'-bis(diphosphate)",C10H11N5O17P4,597.11269,10,5,0,4
gdptp_m,Guanosine 3'-diphosphate 5'-triphosphate,C10H11N5O20P5,676.08465,10,5,0,5
gthrd_m,Reduced glutathione,C10H15N3O6S,305.3076,10,3,1,0
ghb_m,Gamma-hydroxybutyrate,C4H7O3,103.09658,4,0,0,0
glcur_m,D-Glucuronate,C6H9O7,193.13146,6,0,0,0
trpglcur_m,Tryptophanyl-beta-D-glucuronide,C17H20N2O8,380.3493,17,2,0,0
glcman4_m,"Glucomannan (n=4 repeat units, glc beta-1,4 man)",C24H42O21,666.57768,24,0,0,0
glcman4_m,"Glucomannan (n=4 repeat units, glc beta-1,4 man)",C24H42O21,666.57768,24,0,0,0
glcman6_m,"Glucomannan (n=6 repeat units, glc beta-1,4 man)",C36H62O31,990.85888,36,0,0,0
glcman6_m,"Glucomannan (n=6 repeat units, glc beta-1,4 man)",C36H62O31,990.85888,36,0,0,0
glutar_m,Glutarate,C5H6O4,130.09874,5,0,0,0
glutcoa_m,Glutaryl-CoA,C26H37N7O19P3S,876.59377,26,7,1,3
2h3oppan_m,2-Hydroxy-3-oxopropanoate,C3H3O4,103.05352,3,0,0,0
glcr_m,D-Glucarate,C6H8O8,208.12292,6,0,0,0
glcur_m,D-Glucuronate,C6H9O7,193.13146,6,0,0,0
uaagmda_m,"Undecaprenyl-diphospho-N-acetylmuramoyl-(N-acetylglucosamine)-L-ala-D-glu-meso-2,6-diaminopimeloyl-D-ala-D-ala",C95H152N8O28P2,1916.2077,95,8,0,2
glu__L_m,L-Glutamate,C5H8NO4,146.12132,5,1,0,0
pram_m,5-Phospho-beta-D-ribosylamine,C5H11NO7P,228.1171,5,1,0,1
glutrna_m,L-Glutamyl-tRNA(Glu),C20H28N6O13PR,591.44248,20,6,0,1
trnaglu_m,TRNA (Glu),C15H21N5O10PR,462.3285,15,5,0,1
glyc3p_m,Glycerol 3-phosphate,C3H7O6P,170.05784,3,0,0,1
gly_m,Glycine,C2H5NO2,75.0666,2,1,0,0
glyald_m,D-Glyceraldehyde,C3H6O3,90.07794,3,0,0,0
glyb_m,Glycine betaine,C5H11NO2,117.14634,5,1,0,0
glyc2p_m,Glycerol 2-phosphate,C3H7O6P,170.05784,3,0,0,1
glyc3p_m,Glycerol 3-phosphate,C3H7O6P,170.05784,3,0,0,1
glycogen1500_m,"Glycogen (n=1500 repeat units) (glc alpha 1,4/6 glc)",C9000H15002O7501,243228.91528,9000,0,0,0
hpyr_m,Hydroxypyruvate,C3H3O4,103.05352,3,0,0,0
glyc_m,Glycerol,C3H8O3,92.09382,3,0,0,0
lgt__S_m,(R)-S-Lactoylglutathione,C13H19N3O8S,377.37026,13,3,1,0
xmp_m,Xanthosine 5'-phosphate,C10H11N4O9P,362.1895,10,4,0,1
gua_m,Guanine,C5H5N5O,151.1261,5,5,0,0
xtp_m,XTP,C10H11N4O15P3,520.13343,10,4,0,3
xan_m,Xanthine,C5H4N4O2,152.11086,5,4,0,0
h2s_m,Hydrogen sulfide,H2S,34.08088,0,0,1,0
h2s_m,Hydrogen sulfide,H2S,34.08088,0,0,1,0
2maacoa_m,2-Methyl-3-acetoacetyl-CoA,C26H38N7O18P3S,861.60231,26,7,1,3
3ophb_m,3-Octaprenyl-4-hydroxybenzoate,C47H69O3,682.04896,47,0,0,0
histd_m,L-Histidinol,C6H12N3O,142.17898,6,3,0,0
hemeO_m,Heme O,C49H56FeN4O5,836.83774,49,4,0,0
hexs_m,Hexanesulfonate C6H13O3S,C6H13O3S,165.23062,6,0,1,0
hg2_m,Hg2+,Hg,200.59,0,0,0,0
hg2_m,Hg2+,Hg,200.59,0,0,0,0
hg2_m,Hg2+,Hg,200.59,0,0,0,0
4mlacac_m,4 Maleylacetoacetate C8H6O6,C8H6O6,198.12964,8,0,0,0
2ohed_m,"2-Oxohept-3-ene-1,7-dioate",C7H6O5,170.11954,7,0,0,0
mmalsa__R_m, 2R  2 Methyl 3 oxopropanoate C4H5O3,C4H5O3,101.0807,4,0,0,0
mmtsa_m,(S)-Methylmalonate semialdehyde,C4H5O3,101.0807,4,0,0,0
his__L_m,L-Histidine,C6H9N3O2,155.15456,6,3,0,0
his__L_m,L-Histidine,C6H9N3O2,155.15456,6,3,0,0
urcan_m,Urocanate,C6H5N2O2,137.1161,6,2,0,0
hmbil_m,Hydroxymethylbilane,C40H38N4O17,846.74632,40,4,0,0
ppbng_m,Porphobilinogen,C10H13N2O4,225.22122,10,2,0,0
hmgcoa_m,Hydroxymethylglutaryl CoA C27H39N7O20P3S,C27H39N7O20P3S,906.61975,27,7,1,3
mev__R_m, R  Mevalonate C6H11O4,C6H11O4,147.14914,6,0,0,0
hom__L_m,L-Homoserine,C4H9NO3,119.11916,4,1,0,0
4hphac_m,4-Hydroxyphenylacetate,C8H7O3,151.13938,8,0,0,0
phom_m,O-Phospho-L-homoserine,C4H8NO6P,197.08318,4,1,0,1
suchms_m,O-Succinyl-L-homoserine,C8H12NO6,218.18398,8,1,0,0
pydam_m,Pyridoxamine,C8H13N2O2,169.20102,8,2,0,0
taur_m,Taurine,C2H6NO3S,124.13894,2,1,1,0
iscs_m,IscS sulfur acceptor protein,HSR,33.07294,0,0,1,0
iscssh_m,IscS with bound sulfur,HS2R,65.13794,0,0,2,0
iscu_m,IscU scaffold protein,H8O2S6R,232.45232,0,0,6,0
iscu_2fe2s_m,IscU with bound [2Fe-2S] cluster,H4O2S8Fe2R,404.24056,0,0,8,0
iscu_2fe2s2_m,IscU with two bound [2Fe-2S] clusters,O2S10Fe4R,576.0288,0,0,10,0
iscu_4fe4s_m,IscU with bound [4Fe-4S] cluster,H4O2S10Fe4R,580.06056,0,0,10,0
mi1p__D_m,1D-myo-Inositol 1-phosphate,C6H11O9P,258.1199,6,0,0,1
eig3p_m,D-erythro-1-(Imidazol-4-yl)glycerol 3-phosphate,C6H9N2O6P,236.11922,6,2,0,1
prlp_m,5-[(5-phospho-1-deoxyribulos-1-ylamino)methylideneamino]-1-(5-phosphoribosyl)imidazole-4-carboxamide,C15H21N5O15P2,573.29926,15,5,0,2
2cpr5p_m,1-(2-Carboxyphenylamino)-1-deoxy-D-ribulose 5-phosphate,C12H13NO9P,346.20668,12,1,0,1
3ig3p_m,C'-(3-Indolyl)-glycerol 3-phosphate,C11H12NO6P,285.18984,11,1,0,1
ile__L_m,L-Isoleucine,C6H13NO2,131.17292,6,1,0,0
ile__L_m,L-Isoleucine,C6H13NO2,131.17292,6,1,0,0
2ippm_m,2-Isopropylmaleate,C7H8O4,156.13602,7,0,0,0
indole_m,Indole,C8H7N,117.14788,8,1,0,0
indpyr_m,Indolepyruvate C11H8NO3,C11H8NO3,202.18612,11,1,0,0
inost_m,Myo-Inositol,C6H12O6,180.15588,6,0,0,0
phpyr_m,Phenylpyruvate,C9H7O3,163.15008,9,0,0,0
istnt_m,Isethionate C2H5O4S,C2H5O4S,125.1237,2,0,1,0
kdo2lipid4_m,KDO(2)-lipid IV(A),C84H148N2O37P2,1840.01264,84,2,0,2
kdo2lipid4_m,KDO(2)-lipid IV(A),C84H148N2O37P2,1840.01264,84,2,0,2
ckdo_m,CMP-3-deoxy-D-manno-octulosonate,C17H24N3O15P,541.35732,17,3,0,1
kdo_m,3-Deoxy-D-manno-2-octulosonate,C8H13O8,237.18402,8,0,0,0
kdo8p_m,3-Deoxy-D-manno-octulosonate 8-phosphate,C8H12O11P,315.14804,8,0,0,1
Larab_m,Alpha L Arabinan C15H24O12,C15H24O12,396.34386,15,0,0,0
lcts_m,Lactose,C12H22O11,342.29648,12,0,0,0
lcts_m,Lactose,C12H22O11,342.29648,12,0,0,0
leu__L_m,L-Leucine,C6H13NO2,131.17292,6,1,0,0
lipa_m,KDO(2)-lipid (A),C110H196N2O39P2,2232.67076,110,2,0,2
lipa_m,KDO(2)-lipid (A),C110H196N2O39P2,2232.67076,110,2,0,2
lipopb_m,Lipoate (protein bound),C8H13OS2,189.31822,8,0,2,0
octapb_m,Octanoate (protein bound),C8H15O,127.2041,8,0,0,0
lipidAds_m,Lipid A Disaccharide,C68H127N2O20P,1323.71114,68,2,0,1
lipidX_m,"2,3-Bis(3-hydroxytetradecanoyl)-beta-D-glucosaminyl 1-phosphate",C34H64NO12P,709.84522,34,1,0,1
u23ga_m,"UDP-2,3-bis(3-hydroxytetradecanoyl)glucosamine",C43H75N3O20P2,1016.01122,43,3,0,2
1tdecg3p_m,1-tetradecanoyl-sn-glycerol 3-phosphate,C17H33O7P1,380.41348,17,0,0,1
1hdecg3p_m,1-hexadecanoyl-sn-glycerol 3-phosphate,C19H37O7P,408.46664,19,0,0,1
1hdec9eg3p_m,1-hexadec-9-enoyl-sn-glycerol 3-phosphate,C19H35O7P1,406.45076,19,0,0,1
1agpe140_m,1-Acyl-sn-glycero-3-phosphoethanolamine (n-C14:0),C19H40NO7P1,425.49716,19,1,0,1
1agpg120_m,1-Acyl-sn-glycero-3-phosphoglycerol (n-C12:0),C18H36O9P1,427.4468,18,0,0,1
1agpg140_m,1-Acyl-sn-glycero-3-phosphoglycerol (n-C14:0),C20H40O9P1,455.49996,20,0,0,1
1agpg141_m,1-Acyl-sn-glycero-3-phosphoglycerol (n-C14:1),C20H38O9P1,453.48408,20,0,0,1
1agpg160_m,1-Acyl-sn-glycero-3-phosphoglycerol (n-C16:0),C22H44O9P1,483.55312,22,0,0,1
1agpg161_m,1-Acyl-sn-glycero-3-phosphoglycerol (n-C16:1),C22H42O9P1,481.53724,22,0,0,1
1agpg180_m,1-Acyl-sn-glycero-3-phosphoglycerol (n-C18:0),C24H48O9P1,511.60628,24,0,0,1
1agpg181_m,1-Acyl-sn-glycero-3-phosphoglycerol (n-C18:1),C24H46O9P1,509.5904,24,0,0,1
malthp_m,Maltoheptaose,C42H72O36,1152.99948,42,0,0,0
malthx_m,Maltohexaose,C36H62O31,990.85888,36,0,0,0
maltpt_m,Maltopentaose,C30H52O26,828.71828,30,0,0,0
maltttr_m,Maltotetraose,C24H42O21,666.57768,24,0,0,0
manb_m,"Mannobiose (beta-1,4)",C12H22O11,342.29648,12,0,0,0
mantr_m,"Mannotriose (beta-1,4)",C18H32O16,504.43708,18,0,0,0
manttr_m,Mannotetraose,C24H42O21,666.57768,24,0,0,0
man_m,D-Mannose,C6H12O6,180.15588,6,0,0,0
mana_m,D-Mannonate,C6H11O7,195.14734,6,0,0,0
manb_m,"Mannobiose (beta-1,4)",C12H22O11,342.29648,12,0,0,0
mantr_m,"Mannotriose (beta-1,4)",C18H32O16,504.43708,18,0,0,0
manttr_m,Mannotetraose,C24H42O21,666.57768,24,0,0,0
micit_m,Methylisocitrate,C7H7O7,203.12628,7,0,0,0
2mcacn_m,Cis-2-Methylaconitate,C7H5O6,185.111,7,0,0,0
murein5p5p_m,"Two linked disacharide pentapeptide murein units (uncrosslinked, middle of chain)",C80H124N16O42,1981.92256,80,16,0,0
murein5px4p_m,"Two disacharide linked murein units, pentapeptide crosslinked tetrapeptide (A2pm->D-ala) (middle of chain)",C77H117N15O40,1892.82938,77,15,0,0
murein5px3p_m,"Two disacharide linked murein units, pentapeptide corsslinked tripeptide (A2pm->A2pm) (middle of chain)",C74H112N14O39,1821.75148,74,14,0,0
murein5p5p5p_m,"Three linked disacharide pentapeptide murein units (uncrosslinked, middle of chain)",C120H186N24O63,2972.88384,120,24,0,0
murein5px4px4p_m,Three disacharide linked murein units (pentapeptide crosslinked tetrapeptide (A2pm->D-ala) tetrapeptide corsslinked tetrapeptide (A2pm->D-ala)) (middle of chain),C114H172N22O59,2794.69748,114,22,0,0
murein4px4p_m,"Two disacharide linked murein units, tetrapeptide corsslinked tetrapeptide (A2pm->D-ala) (middle of chain)",C74H112N14O39,1821.75148,74,14,0,0
murein4px4px4p_m,Three disacharide linked murein units (tetrapeptide crosslinked tetrapeptide (A2pm->D-ala) & tetrapeptide corsslinked tetrapeptide (A2pm->D-ala)) (middle of chain),C111H167N21O58,2723.61958,111,21,0,0
murein4p4p_m,"Two linked disacharide tetrapeptide murein units (uncrosslinked, middle of chain)",C74H114N14O40,1839.76676,74,14,0,0
murein4p3p_m,"Two linked disacharide tetrapeptide and tripeptide murein units (uncrosslinked, middle of chain)",C71H109N13O39,1768.68886,71,13,0,0
murein5p3p_m,"Two linked disacharide pentapeptide and tripeptide murein units (uncrosslinked, middle of chain)",C74H114N14O40,1839.76676,74,14,0,0
murein4px4p4p_m,"Three disacharide linked murein units (tetrapeptide crosslinked tetrapeptide (A2pm->D-ala), one uncrosslinked tetrapaptide) (middle of chain)",C111H169N21O59,2741.63486,111,21,0,0
5mdru1p_m,5-Methylthio-5-deoxy-D-ribulose 1-phosphate,C6H11O7PS,258.1861,6,0,1,1
melib_m,Melibiose,C12H22O11,342.29648,12,0,0,0
melib_m,Melibiose,C12H22O11,342.29648,12,0,0,0
sbt__D_m,D-Sorbitol,C6H14O6,182.17176,6,0,0,0
met__L_m,L-Methionine,C5H11NO2S,149.21134,5,1,1,0
met__L_m,L-Methionine,C5H11NO2S,149.21134,5,1,1,0
metsox_S__L_m,L-Methionine Sulfoxide,C5H11NO3S,165.21074,5,1,1,0
metsox_R__L_m,L-methionine-R-sulfoxide,C5H11NO3S,165.21074,5,1,1,0
metox_m,L Methionine S oxide C5H11NO3S,C5H11NO3S,165.21074,5,1,1,0
metox_m,L Methionine S oxide C5H11NO3S,C5H11NO3S,165.21074,5,1,1,0
5pmev_m, R  5 Phosphomevalonate C6H10O7P,C6H10O7P,225.11316,6,0,0,1
mg2_m,Magnesium,Mg,24.305,0,0,0,0
murein3p3p_m,"Two linked disacharide tripeptide murein units (uncrosslinked, middle of chain)",C68H104N12O38,1697.61096,68,12,0,0
murein3px3p_m,"Two disacharide linked murein units, tripeptide crosslinked tripeptide (A2pm->A2pm) (middle of chain)",C68H102N12O37,1679.59568,68,12,0,0
mmcoa__R_m,(R)-Methylmalonyl-CoA,C25H35N7O19P3S,862.56719,25,7,1,3
mn2_m,Mn2+,Mn,54.93805,0,0,0,0
moadamp_m,MoaD Protein with bound AMP,C11H12N5O8P1X,373.21544,11,5,0,1
moadcosh_m,MoaD Protein with thiocarboxylate,C1H1O1S1X,61.08304,1,0,1,0
kdolipid4_m,KDO-lipid IV(A),C76H137N2O30P2,1620.8439,76,2,0,2
lipidA_m,"2,3,2'3'-Tetrakis(beta-hydroxymyristoyl)-D-glucosaminyl-1,6-beta-D-glucosamine 1,4'-bisphosphate",C68H126N2O23P2,1401.67516,68,2,0,2
mobd_m,Molybdate,MoO4,159.9576,0,0,0,0
mobd_m,Molybdate,MoO4,159.9576,0,0,0,0
g1p_B_m,Beta D Glucose 1 phosphate C6H11O9P,C6H11O9P,258.1199,6,0,0,1
mpt_m,Molybdopterin,C10H10N5O6PS2Cu,454.86606,10,5,2,1
uaagmda_m,"Undecaprenyl-diphospho-N-acetylmuramoyl-(N-acetylglucosamine)-L-ala-D-glu-meso-2,6-diaminopimeloyl-D-ala-D-ala",C95H152N8O28P2,1916.2077,95,8,0,2
moadcoo_m,MoaD Protein with carboxylate,C1O2X,44.0095,1,0,0,0
mso3_m,Methanesulfonate,CH3O3S,95.09772,1,0,1,0
5mdr1p_m,5-Methylthio-5-deoxy-D-ribose 1-phosphate,C6H11O7PS,258.1861,6,0,1,1
mucl_m,Mucolactone,C6H5O4,141.1015,6,0,0,0
CCbuttc_m,"Cis,cis-Butadiene-1,2,4-tricarboxylate",C7H3O6,183.09512,7,0,0,0
n2_m,Nitrogen,N2,28.0134,0,2,0,0
n2o_m,Nitrous oxide,N2O,44.0128,0,2,0,0
n2o_m,Nitrous oxide,N2O,44.0128,0,2,0,0
nac_m,Nicotinate,C6H4NO2,122.10146,6,1,0,0
nac_m,Nicotinate,C6H4NO2,122.10146,6,1,0,0
ncam_m,Nicotinamide,C6H6N2O,122.12464,6,2,0,0
no2_m,Nitrite,NO2,46.0055,0,1,0,0
no2_m,Nitrite,NO2,46.0055,0,1,0,0
no3_m,Nitrate,NO3,62.0049,0,1,0,0
ni2_m,Nickel,Ni,58.6934,0,0,0,0
nicrns_m,Nicotinate D-ribonucleoside,C11H13NO6,255.22402,11,1,0,0
rnam_m,N Ribosylnicotinamide C11H15N2O5,C11H15N2O5,255.2472,11,2,0,0
quln_m,Quinolinate,C7H3NO4,165.10302,7,1,0,0
no2_m,Nitrite,NO2,46.0055,0,1,0,0
no3_m,Nitrate,NO3,62.0049,0,1,0,0
no3_m,Nitrate,NO3,62.0049,0,1,0,0
r1p_m,Alpha-D-Ribose 1-phosphate,C5H9O8P,228.09392,5,0,0,1
xtsn_m,Xanthosine,C10H12N4O6,284.22548,10,4,0,0
thymd_m,Thymidine,C10H14N2O5,242.22856,10,2,0,0
ppco_m,Periplasmic cytochromes c type oxidized,C42H54FeN8O6S2,886.90316,42,8,2,0
ppcr_m,Periplasmic cytochromes c type - reduced,C42H54FeN8O6S2,886.90316,42,8,2,0
dtdprmn_m,DTDP-L-rhamnose,C16H24N2O15P2,546.31368,16,2,0,2
udcpo5_m,Undecaprenyl diphosphate galactose-rhamnose-mannose-abequose-acetyl,C81H134O25P2,1569.86318,81,0,0,2
udcpo4_m,Undecaprenyl diphosphate galactose-rhamnose-mannose-abequose,C79H132O24P2,1527.8265,79,0,0,2
udcpo5_m,Undecaprenyl diphosphate galactose-rhamnose-mannose-abequose-acetyl,C81H134O25P2,1569.86318,81,0,0,2
udcpo5_m,Undecaprenyl diphosphate galactose-rhamnose-mannose-abequose-acetyl,C81H134O25P2,1569.86318,81,0,0,2
octa_m,Octanoate (n-C8:0),C8H15O2,143.2035,8,0,0,0
ohpb_m,2-Oxo-3-hydroxy-4-phosphobutanoate,C4H4O8P,211.04352,4,0,0,1
2ohph_m,2-Octaprenyl-6-hydroxyphenol,C46H70O2,655.0468,46,0,0,0
orot5p_m,Orotidine 5'-phosphate,C10H10N2O11P,365.16696,10,2,0,1
2oph_m,2-Octaprenylphenol,C46H70O,639.0474,46,0,0,0
pnto__R_m,(R)-Pantothenate,C9H15NO5,217.2191,9,1,0,0
uagmda_m,"Undecaprenyl-diphospho-N-acetylmuramoyl-L-alanyl-D-glutamyl-meso-2,6-diaminopimeloyl-D-alanyl-D-alanine",C87H139N7O23P2,1713.01518,87,7,0,2
ugmda_m,"UDP-N-acetylmuramoyl-L-alanyl-D-glutamyl-meso-2,6-diaminopimeloyl-D-alanyl-D-alanine",C41H61N9O28P2,1189.91406,41,9,0,2
adhlam_m,S-Acetyldihydrolipoamide,C10H19NO2S2,249.39336,10,1,2,0
pdx5p_m,Pyridoxine 5'-phosphate,C8H10NO6P,247.14186,8,1,0,1
pydxn_m,Pyridoxine,C8H11NO3,169.17784,8,1,0,0
pe120_m,"Phosphatidylethanolamine (didodecanoyl, n-C12:0)",C29H58N1O8P1,579.74648,29,1,0,1
pe140_m,"Phosphatidylethanolamine (ditetradecanoyl, n-C14:0)",C33H66NO8P,635.8528,33,1,0,1
pe141_m,"Phosphatidylethanolamine (ditetradec-7-enoyl, n-C14:1)",C33H62N1O8P1,631.82104,33,1,0,1
pe161_m,"Phosphatidylethanolamine (dihexadec-9enoyl, n-C16:1)",C37H70NO8P,687.92736,37,1,0,1
pe180_m,"Phosphatidylethanolamine (dioctadecanoyl, n-C18:0)",C41H82N1O8P1,748.06544,41,1,0,1
pe181_m,"Phosphatidylethanolamine (dioctadec-11-enoyl, n-C18:1)",C41H78N1O8P1,744.03368,41,1,0,1
tagdp__D_m,"D-Tagatose 1,6-biphosphate",C6H10O12P2,336.08392,6,0,0,2
s7p_m,Sedoheptulose 7-phosphate,C7H13O10P,288.14588,7,0,0,1
3php_m,3-Phosphohydroxypyruvate,C3H2O7P,181.01754,3,0,0,1
pgp120_m,"Phosphatidylglycerophosphate (didodecanoyl, n-C12:0)",C30H57O13P2,687.7133,30,0,0,2
pgp120_m,"Phosphatidylglycerophosphate (didodecanoyl, n-C12:0)",C30H57O13P2,687.7133,30,0,0,2
pgp140_m,"Phosphatidylglycerophosphate (ditetradecanoyl, n-C14:0)",C34H65O13P2,743.81962,34,0,0,2
pgp140_m,"Phosphatidylglycerophosphate (ditetradecanoyl, n-C14:0)",C34H65O13P2,743.81962,34,0,0,2
pgp141_m,"Phosphatidylglycerophosphate (ditetradec-7-enoyl, n-C14:1)",C34H61O13P2,739.78786,34,0,0,2
pgp141_m,"Phosphatidylglycerophosphate (ditetradec-7-enoyl, n-C14:1)",C34H61O13P2,739.78786,34,0,0,2
pgp160_m,"Phosphatidylglycerophosphate (dihexadecanoyl, n-C16:0)",C38H73O13P2,799.92594,38,0,0,2
pgp160_m,"Phosphatidylglycerophosphate (dihexadecanoyl, n-C16:0)",C38H73O13P2,799.92594,38,0,0,2
pgp161_m,"Phosphatidylglycerophosphate (dihexadec-9-enoyl, n-C16:1)",C38H69O13P2,795.89418,38,0,0,2
pgp161_m,"Phosphatidylglycerophosphate (dihexadec-9-enoyl, n-C16:1)",C38H69O13P2,795.89418,38,0,0,2
pgp180_m,"Phosphatidylglycerophosphate (dioctadecanoyl, n-C18:0)",C42H81O13P2,856.03226,42,0,0,2
pgp180_m,"Phosphatidylglycerophosphate (dioctadecanoyl, n-C18:0)",C42H81O13P2,856.03226,42,0,0,2
pgp181_m,"Phosphatidylglycerophosphate (dioctadec-11-enoyl, n-C18:1)",C42H77O13P2,852.0005,42,0,0,2
pgp181_m,"Phosphatidylglycerophosphate (dioctadec-11-enoyl, n-C18:1)",C42H77O13P2,852.0005,42,0,0,2
4ppan_m,D-4'-Phosphopantothenate,C9H14NO8P,295.18312,9,1,0,1
poaac_m,Peroxyaminoacrylate,C3H5NO3,103.0767,3,1,0,0
fpram_m,2-(Formamido)-N1-(5-phospho-D-ribosyl)acetamidine,C8H14N3O8P,311.18582,8,3,0,1
prbamp_m,1-(5-Phosphoribosyl)-AMP,C15H19N5O14P2,555.28398,15,5,0,2
prfp_m,1-(5-Phosphoribosyl)-5-[(5-phosphoribosylamino)methylideneamino]imidazole-4-carboxamide,C15H21N5O15P2,573.29926,15,5,0,2
pro__L_m,L-Proline,C5H9NO2,115.13046,5,1,0,0
progly_m,L-Prolinylglycine,C7H12N2O3,172.18178,7,2,0,0
progly_m,L-Prolinylglycine,C7H12N2O3,172.18178,7,2,0,0
rb15bp_m,"D-Ribulose 1,5-bisphosphate",C5H8O11P2,306.05794,5,0,0,2
ps140_m,"Phosphatidylserine (ditetradecanoyl, n-C14:0)",C34H65N1O10P1,678.85436,34,1,0,1
ps160_m,"Phosphatidylserine (dihexadecanoyl, n-C16:0)",C38H73N1O10P1,734.96068,38,1,0,1
ps161_m,"Phosphatidylserine (dihexadec-9-enoyl, n-C16:1)",C38H69N1O10P1,730.92892,38,1,0,1
ps180_m,"Phosphatidylserine (dioctadecanoyl, n-C18:0)",C42H81N1O10P1,791.067,42,1,0,1
skm5p_m,Shikimate 5-phosphate,C7H8O8P,251.10738,7,0,0,1
pser__L_m,O-Phospho-L-serine,C3H6NO6P,183.0566,3,1,0,1
thr__L_m,L-Threonine,C4H9NO3,119.11916,4,1,0,0
ptrc_m,Putrescine,C4H14N2,90.16736,4,2,0,0
pydx_m,Pyridoxal,C8H9NO3,167.16196,8,1,0,0
uracp_m,Ureidoacrylate peracid,C4H6N2O4,146.10144,4,2,0,0
so4_m,Sulfate,O4S,96.0626,0,0,1,0
urate_m,Urate,C5H4N4O3,168.11026,5,4,0,0
val__L_m,L-Valine,C5H11NO2,117.14634,5,1,0,0
rib__D_m,D-Ribose,C5H10O5,150.1299,5,0,0,0
raffin_m,Raffinose C18H32O16,C18H32O16,504.43708,18,0,0,0
raffin_m,Raffinose C18H32O16,C18H32O16,504.43708,18,0,0,0
ru5p__L_m,L-Ribulose 5-phosphate,C5H9O8P,228.09392,5,0,0,1
xu5p__D_m,D-Xylulose 5-phosphate,C5H9O8P,228.09392,5,0,0,1
spmd_m,Spermidine,C7H22N3,148.26968,7,3,0,0
urea_m,Urea,CH4N2O,60.05526,1,2,0,0
rib__D_m,D-Ribose,C5H10O5,150.1299,5,0,0,0
rml_m,L-Rhamnulose,C6H12O5,164.15648,6,0,0,0
rmn_m,L-Rhamnose,C6H12O5,164.15648,6,0,0,0
rml1p_m,L-Rhamnulose 1-phosphate,C6H11O8P,242.1205,6,0,0,1
rmn_m,L-Rhamnose,C6H12O5,164.15648,6,0,0,0
sufbcd_m,SufBCD scaffold complex,H8O2S6R,232.45232,0,0,6,0
sufbcd_2fe2s_m,SufBCD with bound [2Fe-2S] cluster,H4O2S8Fe2R,404.24056,0,0,8,0
sufse_m,SufSE sulfur acceptor complex,HSR,33.07294,0,0,1,0
sufsesh_m,SufSE with bound sulfur,HS2R,65.13794,0,0,2,0
sufbcd_2fe2s2_m,SufBCD with two bound [2Fe-2S] clusters,O2S10Fe4R,576.0288,0,0,10,0
sufbcd_4fe4s_m,SufBCD with bound [4Fe-4S] cluster,H4O2S10Fe4R,580.06056,0,0,10,0
salchs4_m,Salmochelin-S4,C42H47N3O25,993.82768,42,3,0,0
salchs4_m,Salmochelin-S4,C42H47N3O25,993.82768,42,3,0,0
sbt6p_m,D-Sorbitol 6-phosphate,C6H13O9P,260.13578,6,0,0,1
sbt__D_m,D-Sorbitol,C6H14O6,182.17176,6,0,0,0
sl26da_m,"N-Succinyl-LL-2,6-diaminoheptanedioate",C11H16N2O7,288.25394,11,2,0,0
sl2a6o_m,N-Succinyl-2-L-amino-6-oxoheptanedioate,C11H12NO8,286.21488,11,1,0,0
shcl_m,Dihydrosirohydrochlorin C42H40N4O16,C42H40N4O16,856.7842,42,4,0,0
srch_m,Sirohydrochlorin C42H38N4O16,C42H38N4O16,854.76832,42,4,0,0
sheme_m,Siroheme,C42H36FeN4O16,908.59744,42,4,0,0
skm_m,Shikimate,C7H9O5,173.14336,7,0,0,0
so3_m,Sulfite,SO3,80.0632,0,0,1,0
spmd_m,Spermidine,C7H22N3,148.26968,7,3,0,0
s_m,Sulfur,S,32.065,0,0,1,0
sula_m,Sulfoacetate C2H2O5S,C2H2O5S,138.09928,2,0,1,0
thmmp_m,Thiamin monophosphate,C12H16N4O4PS,343.3186,12,4,1,1
dtdp4d6dg_m,DTDP-4-dehydro-6-deoxy-D-glucose,C16H22N2O15P2,544.2978,16,2,0,2
dtdp4d6dm_m,DTDP-4-dehydro-6-deoxy-L-mannose,C16H22N2O15P2,544.2978,16,2,0,2
thm_m,Thiamin,C12H17N4OS,265.35458,12,4,1,0
thm_m,Thiamin,C12H17N4OS,265.35458,12,4,1,0
tre_m,Trehalose,C12H22O11,342.29648,12,0,0,0
tsul_m,Thiosulfate,O3S2,112.1282,0,0,2,0
u3hga_m,UDP-3-O-(3-hydroxytetradecanoyl)-D-glucosamine,C29H50N3O18P2,790.66412,29,3,0,2
uamag_m,UDP-N-acetylmuramoyl-L-alanyl-D-glutamate,C28H39N5O23P2,875.57648,28,5,0,2
ugmd_m,"UDP-N-acetylmuramoyl-L-alanyl-D-gamma-glutamyl-meso-2,6-diaminopimelate",C35H51N7O26P2,1047.75826,35,7,0,2
u3aga_m,UDP-3-O-(3-hydroxytetradecanoyl)-N-acetylglucosamine,C31H51N3O19P2,831.69286,31,3,0,2
uaccg_m,UDP-N-acetyl-3-O-(1-carboxyvinyl)-D-glucosamine,C20H26N3O19P2,674.37666,20,3,0,2
uama_m,UDP-N-acetylmuramoyl-L-alanine,C23H33N4O20P2,747.47044,23,4,0,2
uamr_m,UDP-N-acetylmuramate,C20H28N3O19P2,676.39254,20,3,0,2
udcpgrm_m,Undecaprenyl diphosphate galactose-rhamnose-mannose,C73H122O21P2,1397.6847,73,0,0,2
udcpg_m,Undecaprenyl diphosphate galactose,C61H102O12P2,1089.4029,61,0,0,2
udcpgr_m,Undecaprenyl diphosphate galactose-rhamnose,C67H112O16P2,1235.5441,67,0,0,2
uppg3_m,Uroporphyrinogen III,C40H36N4O16,828.73104,40,4,0,0
val__L_m,L-Valine,C5H11NO2,117.14634,5,1,0,0
xyl__D_m,D-Xylose,C5H10O5,150.1299,5,0,0,0
xyl3_m,Xylotriose,C15H26O13,414.35914,15,0,0,0
xyl3_m,Xylotriose,C15H26O13,414.35914,15,0,0,0
xyl__D_m,D-Xylose,C5H10O5,150.1299,5,0,0,0
xylb_m,Xylobiose,C10H18O9,282.24452,10,0,0,0
xylb_m,Xylobiose,C10H18O9,282.24452,10,0,0,0
zn2_m,Zinc,Zn,65.38,0,0,0,0
tet_m,Tetrathionate,O6S4,224.2564,0,0,4,0
tsul_m,Thiosulfate,HO3S2,113.13614,0,0,2,0
12dgr140_m,"1,2-Diacyl-sn-glycerol (ditetradecanoyl, n-C14:0)",C31H60O5,512.8051,31,0,0,0
12dgr160_m,"1,2-Diacyl-sn-glycerol (dihexadecanoyl, n-C16:0)",C35H68O5,568.91142,35,0,0,0
12dgr161_m,"1,2-Diacyl-sn-glycerol (dihexadec-9-enoyl, n-C16:1)",C35H64O5,564.87966,35,0,0,0
12dgr161_m,"1,2-Diacyl-sn-glycerol (dihexadec-9-enoyl, n-C16:1)",C35H64O5,564.87966,35,0,0,0
2ddecg3p_m,2-dodecanoyl-sn-glycerol 3-phosphate,C15H30O7P1,353.36826,15,0,0,1
2ddecg3p_m,2-dodecanoyl-sn-glycerol 3-phosphate,C15H30O7P1,353.36826,15,0,0,1
2tdecg3p_m,2-tetradecanoyl-sn-glycerol 3-phosphate,C17H34O7P1,381.42142,17,0,0,1
2tdecg3p_m,2-tetradecanoyl-sn-glycerol 3-phosphate,C17H34O7P1,381.42142,17,0,0,1
2tdec7eg3p_m,2-tetradec-7-enoyl-sn-glycerol 3-phosphate,C17H32O7P1,379.40554,17,0,0,1
2tdec7eg3p_m,2-tetradec-7-enoyl-sn-glycerol 3-phosphate,C17H32O7P1,379.40554,17,0,0,1
2hdecg3p_m,2-hexadecanoyl-sn-glycerol 3-phosphate,C19H38O7P1,409.47458,19,0,0,1
2hdecg3p_m,2-hexadecanoyl-sn-glycerol 3-phosphate,C19H38O7P1,409.47458,19,0,0,1
2hdec9eg3p_m,2-hexadec-9-enoyl-sn-glycerol 3-phosphate,C19H36O7P1,407.4587,19,0,0,1
2hdec9eg3p_m,2-hexadec-9-enoyl-sn-glycerol 3-phosphate,C19H36O7P1,407.4587,19,0,0,1
2odecg3p_m,2-octadecanoyl-sn-glycerol 3-phosphate,C21H42O7P1,437.52774,21,0,0,1
2odecg3p_m,2-octadecanoyl-sn-glycerol 3-phosphate,C21H42O7P1,437.52774,21,0,0,1
2odec11eg3p_m,2-octadec-11-enoyl-sn-glycerol 3-phosphate,C21H40O7P1,435.51186,21,0,0,1
2odec11eg3p_m,2-octadec-11-enoyl-sn-glycerol 3-phosphate,C21H40O7P1,435.51186,21,0,0,1
2agpe140_m,2-Acyl-sn-glycero-3-phosphoethanolamine (n-C14:0),C19H40NO7P1,425.49716,19,1,0,1
2agpe140_m,2-Acyl-sn-glycero-3-phosphoethanolamine (n-C14:0),C19H40NO7P1,425.49716,19,1,0,1
2agpe160_m,2-Acyl-sn-glycero-3-phosphoethanolamine (n-C16:0),C21H44NO7P1,453.55032,21,1,0,1
2agpe160_m,2-Acyl-sn-glycero-3-phosphoethanolamine (n-C16:0),C21H44NO7P1,453.55032,21,1,0,1
2agpe161_m,2-Acyl-sn-glycero-3-phosphoethanolamine (n-C16:1),C21H42NO7P1,451.53444,21,1,0,1
2agpe161_m,2-Acyl-sn-glycero-3-phosphoethanolamine (n-C16:1),C21H42NO7P1,451.53444,21,1,0,1
2agpg140_m,2-Acyl-sn-glycero-3-phosphoglycerol (n-C14:0),C20H40O9P1,455.49996,20,0,0,1
2agpg140_m,2-Acyl-sn-glycero-3-phosphoglycerol (n-C14:0),C20H40O9P1,455.49996,20,0,0,1
2agpg141_m,2-Acyl-sn-glycero-3-phosphoglycerol (n-C14:1),C20H38O9P1,453.48408,20,0,0,1
2agpg141_m,2-Acyl-sn-glycero-3-phosphoglycerol (n-C14:1),C20H38O9P1,453.48408,20,0,0,1
2agpg160_m,2-Acyl-sn-glycero-3-phosphoglycerol (n-C16:0),C22H44O9P1,483.55312,22,0,0,1
2agpg160_m,2-Acyl-sn-glycero-3-phosphoglycerol (n-C16:0),C22H44O9P1,483.55312,22,0,0,1
2agpg161_m,2-Acyl-sn-glycero-3-phosphoglycerol (n-C16:1),C22H42O9P1,481.53724,22,0,0,1
2agpg161_m,2-Acyl-sn-glycero-3-phosphoglycerol (n-C16:1),C22H42O9P1,481.53724,22,0,0,1
idon__L_m,L-Idonate,C6H11O7,195.14734,6,0,0,0
2mahmp_m,2-Methyl-4-amino-5-hydroxymethylpyrimidine diphosphate,C6H8N3O7P2,296.09114,6,3,0,2
4ampm_m,4-Amino-2-methyl-5-phosphomethylpyrimidine,C6H8N3O4P,217.11918,6,3,0,1
2pglyc_m,2-Phosphoglycolate,C2H2O6P,153.00744,2,0,0,1
34dhbz_m,"3,4-Dihydroxybenzoate",C7H5O4,153.1122,7,0,0,0
34dhbz_m,"3,4-Dihydroxybenzoate",C7H5O4,153.1122,7,0,0,0
2m3osuc_m,2-methyl-3-oxosuccinate,C5H4O5,144.08226,5,0,0,0
r3mmal_m,D-erythro-3-Methylmalate,C5H6O5,146.09814,5,0,0,0
3hodcoa_m,(S)-3-Hydroxyoctadecanoyl-CoA,C39H66N7O18P3S,1045.96373,39,7,1,3
phaccoa_m,Phenylacetyl-CoA,C29H38N7O17P3S,881.63501,29,7,1,3
LalaDgluMdapDala_m,"L-alanine-D-glutamate-meso-2,6-diaminoheptanedioate-D-alanine",C18H30N5O9,460.4589,18,5,0,0
LalaDgluMdapDala_m,"L-alanine-D-glutamate-meso-2,6-diaminoheptanedioate-D-alanine",C18H30N5O9,460.4589,18,5,0,0
LalaDgluMdapDala_m,"L-alanine-D-glutamate-meso-2,6-diaminoheptanedioate-D-alanine",C18H30N5O9,460.4589,18,5,0,0
hphaccoa_m,4 Hydroxyphenylacetyl CoA C29H42N7O18P3S,C29H38N7O18P3S,897.63441,29,7,1,3
5dglcn_m,5-Dehydro-D-gluconate,C6H9O7,193.13146,6,0,0,0
5dglcn_m,5-Dehydro-D-gluconate,C6H9O7,193.13146,6,0,0,0
5mtr_m,5-Methylthio-D-ribose,C6H12O4S,180.22208,6,0,1,0
5mtr_m,5-Methylthio-D-ribose,C6H12O4S,180.22208,6,0,1,0
xylu__L_m,L-Xylulose,C5H10O5,150.1299,5,0,0,0
acgam_m,N-Acetyl-D-glucosamine,C8H15NO6,221.2078,8,1,0,0
acgam_m,N-Acetyl-D-glucosamine,C8H15NO6,221.2078,8,1,0,0
acnam_m,N-Acetylneuraminate,C11H18NO9,308.26192,11,1,0,0
acnam_m,N-Acetylneuraminate,C11H18NO9,308.26192,11,1,0,0
ac_m,Acetate,C2H3O2,59.04402,2,0,0,0
adn_m,Adenosine,C10H13N5O4,267.24132,10,5,0,0
ade_m,Adenine,C5H5N5,135.1267,5,5,0,0
ade_m,Adenine,C5H5N5,135.1267,5,5,0,0
camp_m,CAMP,C10H11N5O6P,328.198,10,5,0,1
adprib_m,ADPribose,C15H21N5O14P2,557.29986,15,5,0,2
adphep_DD_m,ADP-D-glycero-D-manno-heptose,C17H25N5O16P2,617.35182,17,5,0,2
adphep_LD_m,ADP-L-glycero-D-manno-heptose,C17H25N5O16P2,617.35182,17,5,0,2
4ahmmp_m,4-Amino-5-hydroxymethyl-2-methylpyrimidine,C6H9N3O,139.15516,6,3,0,0
5caiz_m,5-phosphoribosyl-5-carboxyaminoimidazole,C9H11N3O9P,336.1721,9,3,0,1
sdhlam_m,S Succinyldihydrolipoamide C12H20NO4S2,C12H20NO4S2,306.4215,12,1,2,0
cys__L_m,L-Cysteine,C3H7NO2S,121.15818,3,1,1,0
id3acald_m,Indole 3 acetaldehyde C10H9NO,C10H9NO,159.18456,10,1,0,0
ind3ac_m,Indole 3 acetate C10H8NO2,C10H8NO2,174.17602,10,1,0,0
anhgm_m,N-Acetyl-D-glucosamine(anhydrous)N-Acetylmuramic acid,C19H29N2O12,477.43976,19,2,0,0
5aprbu_m,5-Amino-6-(5'-phosphoribitylamino)uracil,C9H15N4O9P,354.21056,9,4,0,1
5apru_m,5-Amino-6-(5'-phosphoribosylamino)uracil,C9H13N4O9P,352.19468,9,4,0,1
rbflvrd_m,Reduced riboflavin,C17H22N4O6,378.37978,17,4,0,0
sucarg_m,N2-Succinyl-L-arginine,C10H17N4O5,273.26578,10,4,0,0
cdpdag_EC_m,CDPdiacylglycerol (E coli),C2286H3998N150O750P100,48684.13552,2286,150,0,100
pa_EC_m,Phosphatidate  (E.coli),C1836H3398O400P50,33425.07342,1836,0,0,50
2p4c2me_m,2-phospho-4-(cytidine 5'-diphospho)-2-C-methyl-D-erythritol,C14H22N3O17P3,597.25567,14,3,0,3
4c2me_m,4-(cytidine 5'-diphospho)-2-C-methyl-D-erythritol,C14H23N3O14P2,519.29164,14,3,0,2
chtbs6p_m,Diacetylchitobiose-6-phosphate,C16H27N2O14P,502.36434,16,2,0,1
chtbs_m,"N,N'-diacetylchitobiose",C16H28N2O11,424.40032,16,2,0,0
chtbs_m,"N,N'-diacetylchitobiose",C16H28N2O11,424.40032,16,2,0,0
citac_m,Citraconate,C5H4O4,128.08286,5,0,0,0
citm_m,Citramalate,C5H6O5,146.09814,5,0,0,0
for_m,Formate,CH1O2,45.01744,1,0,0,0
oxa_m,Oxalate,C2O4,88.019,2,0,0,0
clpn140_m,"Cardiolipin (tetratetradecanoyl, n-C14:0)",C65H124O17P2,1239.61738,65,0,0,2
clpn160_m,"Cardiolipin (tetrahexadecanoyl, n-C16:0)",C73H140O17P2,1351.83002,73,0,0,2
clpn161_m,"Cardiolipin (tetrahexadec-9-enoyl, n-C16:1)",C73H132O17P2,1343.7665,73,0,0,2
clpn180_m,"Cardiolipin (tetraoctadecanoyl, n-C18:0)",C81H156O17P2,1464.04266,81,0,0,2
clpn181_m,"Cardiolipin (tetraoctadec-11-enoyl, n-C18:1)",C81H148O17P2,1455.97914,81,0,0,2
clpn120_m,"Cardiolipin (tetradodecanoyl, n-C12:0)",C57H108O17P2,1127.40474,57,0,0,2
clpn141_m,"Cardiolipin (tetratetradec-7-enoyl, n-C14:1)",C65H116O17P2,1231.55386,65,0,0,2
glyc_m,Glycerol,C3H8O3,92.09382,3,0,0,0
cl_m,Chloride,Cl,35.453,0,0,0,0
cm_m,Chloramphenicol,C11H12Cl2N2O5,323.12938,11,2,0,0
cm_m,Chloramphenicol,C11H12Cl2N2O5,323.12938,11,2,0,0
udcpp_m,Undecaprenyl phosphate,C55H89O4P,845.26652,55,0,0,1
4crsol_m,P-Cresol,C7H8O,108.13782,7,0,0,0
ficytb_m,Ferricytochrome b,C42H53FeN8O6S2,885.89522,42,8,2,0
dad_2_m,Deoxyadenosine,C10H13N5O3,251.24192,10,5,0,0
db4p_m,"3,4-dihydroxy-2-butanone 4-phosphate",C4H7O6P,182.06854,4,0,0,1
ddca_m,Dodecanoate (n-C12:0),C12H23O2,199.30982,12,0,0,0
fol_m,Folate,C19H17N7O6,439.38158,19,7,0,0
cdhxfut_m,Cyclic de-hypoxanthine futalosine,C14H13O7,293.24882,14,0,0,0
2ahhmp_m,2 Amino 4 hydroxy 6 hydroxymethyl 7 8 dihydropteridine C7H9N5O2,C7H9N5O2,195.17866,7,5,0,0
25dhpp_m,2 5 Diamino 6 hydroxy 4  5  phosphoribosylamino  pyrimidine C9H14N5O8P,C9H14N5O8P,351.20992,9,5,0,1
25drapp_m,"2,5-Diamino-6-(ribosylamino)-4-(3H)-pyrimidinone 5'-phosphate",C9H14N5O8P,351.20992,9,5,0,1
dhxfut_m,De-hypoxanthine futalosine,C14H15O7,295.2647,14,0,0,0
4r5au_m,4-(1-D-Ribitylamino)-5-aminouracil,C9H16N4O6,276.24654,9,4,0,0
h2mb4p_m,1-hydroxy-2-methyl-2-(E)-butenyl 4-diphosphate,C5H9O8P2,259.06768,5,0,0,2
doxrbcn_m,Doxorubicin,C27H29NO11,543.51926,27,1,0,0
doxrbcn_m,Doxorubicin,C27H29NO11,543.51926,27,1,0,0
dscl_m,Dihydrosirohydrochlorin,C42H40N4O16,856.7842,42,4,0,0
tartr__D_m,D-tartrate,C4H4O6,148.07096,4,0,0,0
duri_m,Deoxyuridine,C9H12N2O5,228.20198,9,2,0,0
2me4p_m,2-C-methyl-D-erythritol 4-phosphate,C5H11O7P,214.1104,5,0,0,1
kdo2lipid4Ln_m,KDO(2)-lipid IV(A) with laurate (glucosediaminyl),C96H172N4O36P2,2020.3456,96,4,0,2
kdo2lipid4n_m,KDO(2)-lipid IV(A) (glucosediaminyl),C84H150N4O35P2,1838.04312,84,4,0,2
lipan_m,KDO(2)-lipid (A) (glucosediaminyl),C110H198N4O37P2,2230.70124,110,4,0,2
enter_m,Enterochelin,C30H27N3O15,669.54648,30,3,0,0
hdca_m,Hexadecanoate (n-C16:0),C16H31O2,255.41614,16,0,0,0
hdcea_m,Hexadecenoate (n-C16:1),C16H29O2,253.40026,16,0,0,0
ocdca_m,Octadecanoate (n-C18:0),C18H35O2,283.4693,18,0,0,0
ocdcea_m,Octadecenoate (n-C18:1),C18H33O2,281.45342,18,0,0,0
ttdca_m,Tetradecanoate (n-C14:0),C14H27O2,227.36298,14,0,0,0
fuc__L_m,L-Fucose,C6H12O5,164.15648,6,0,0,0
for_m,Formate,CH1O2,45.01744,1,0,0,0
fe3dcit_m,Fe(III)dicitrate,C12H10FeO14,434.0444,12,0,0,0
fe3dcit_m,Fe(III)dicitrate,C12H10FeO14,434.0444,12,0,0,0
enter_m,Enterochelin,C30H27N3O15,669.54648,30,3,0,0
2ahhmd_m,2 Amino 4 hydroxy 6 hydroxymethyl 7 8 dihydropteridine diphosphate C7H8N5O8P2,C7H8N5O8P2,352.11464,7,5,0,2
fol_m,Folate,C19H17N7O6,439.38158,19,7,0,0
fuc__L_m,L-Fucose,C6H12O5,164.15648,6,0,0,0
fuc__L_m,L-Fucose,C6H12O5,164.15648,6,0,0,0
fusa_m,Fusidic acid,C31H48O5,500.70982,31,0,0,0
fusa_m,Fusidic acid,C31H48O5,500.70982,31,0,0,0
fut_m,Futalosine,C19H17N4O7,413.36088,19,4,0,0
g1p_m,D-Glucose 1-phosphate,C6H11O9P,258.1199,6,0,0,1
g1p_m,D-Glucose 1-phosphate,C6H11O9P,258.1199,6,0,0,1
gal_m,D-Galactose,C6H12O6,180.15588,6,0,0,0
gal1p_m,Alpha-D-Galactose 1-phosphate,C6H11O9P,258.1199,6,0,0,1
gal1p_m,Alpha-D-Galactose 1-phosphate,C6H11O9P,258.1199,6,0,0,1
bglycogen_m,Branching glycogen,C6H10O5,162.1406,6,0,0,0
glcn_m,D-Gluconate,C6H11O7,195.14734,6,0,0,0
hhlipa_m,Heptosyl-heptosyl-kdo2-lipidA,C124H220N2O51P2,2617.00392,124,2,0,2
ghhlipa_m,Glucosyl-heptosyl-heptosyl-kdo2-lipidA,C130H230N2O56P2,2779.14452,130,2,0,2
ghhlipan_m,Glucosyl-heptosyl-heptosyl-kdo2-lipidA (glucosediamine),C130H232N4O54P2,2777.175,130,4,0,2
hhlipan_m,Heptosyl-heptosyl-kdo2-lipidA (glucosediaminyl),C124H222N4O49P2,2615.0344,124,4,0,2
glucan4_m,"Beta-1,3/1,4-glucan (Barley, n=4, Glc beta1->3,4 Glc)",C24H42O21,666.57768,24,0,0,0
glucan6_m,"Beta-1,3/1,4-glucan (Barley, n=6, Glc beta1->3,4 Glc)",C36H62O31,990.85888,36,0,0,0
glucan6_m,"Beta-1,3/1,4-glucan (Barley, n=6, Glc beta1->3,4 Glc)",C36H62O31,990.85888,36,0,0,0
glucan4_m,"Beta-1,3/1,4-glucan (Barley, n=4, Glc beta1->3,4 Glc)",C24H42O21,666.57768,24,0,0,0
glyclt_m,Glycolate,C2H3O3,75.04342,2,0,0,0
gm1lipa_m,"4-Amino-4-deoxy-L-arabinose modified core oligosaccharide lipid A (G. metallireducens, variant 1)",C142H253N3O65P2,3104.45684,142,3,0,2
hghhlipa_m,Heptosyl-glucosyl-heptosyl-heptosyl-kdo2-lipidA,C137H242N2O62P2,2971.3111,137,2,0,2
hghhlipa_m,Heptosyl-glucosyl-heptosyl-heptosyl-kdo2-lipidA,C137H242N2O62P2,2971.3111,137,2,0,2
gm1lipa_m,"4-Amino-4-deoxy-L-arabinose modified core oligosaccharide lipid A (G. metallireducens, variant 1)",C142H253N3O65P2,3104.45684,142,3,0,2
hghhlipan_m,Heptosyl-glucosyl-heptosyl-heptosyl-kdo2-lipidA (glucosediamine),C137H244N4O60P2,2969.34158,137,4,0,2
hghhlipan_m,Heptosyl-glucosyl-heptosyl-heptosyl-kdo2-lipidA (glucosediamine),C137H244N4O60P2,2969.34158,137,4,0,2
gm2lipa_m,"4-Amino-4-deoxy-L-arabinose modified core oligosaccharide lipid A (G. metallireducens, variant 2)",C142H255N5O63P2,3102.48732,142,5,0,2
gm2lipa_m,"4-Amino-4-deoxy-L-arabinose modified core oligosaccharide lipid A (G. metallireducens, variant 2)",C142H255N5O63P2,3102.48732,142,5,0,2
gmhep1p_m,D-Glycero-D-manno-heptose 1-phosphate,C7H13O10P,288.14588,7,0,0,1
gmhep17bp_m,"D-Glycero-D-manno-heptose 1,7-bisphosphate",C7H12O13P2,366.1099,7,0,0,2
gmhep7p_m,D-Glycero-D-manno-heptose 7-phosphate,C7H13O10P,288.14588,7,0,0,1
ser__L_m,L-Serine,C3H7NO3,105.09258,3,1,0,0
inost_m,Myo-Inositol,C6H12O6,180.15588,6,0,0,0
grxox_m,Glutaredoxin (oxidized),X,0.0,0,0,0,0
grxrd_m,Glutaredoxin (reduced),XH2,2.01588,0,0,0,0
gua_m,Guanine,C5H5N5O,151.1261,5,5,0,0
gua_m,Guanine,C5H5N5O,151.1261,5,5,0,0
dhlplarg_m,Dihydrolipoyl carrier protein LarG,XH2,2.01588,0,0,0,0
lplarg_m,Lipoyl carrier protein LarG,X,0.0,0,0,0,0
pheme_m,Protoheme,C34FeH30N4O4,614.4714,34,4,0,0
hlipa_m,Heptosyl-kdo2-lipidA,C117H208N2O45P2,2424.83734,117,2,0,2
hlipan_m,Heptosyl-kdo2-lipidA (glucosediaminyl),C117H210N4O43P2,2422.86782,117,4,0,2
4mpetz_m,4-Methyl-5-(2-phosphoethyl)-thiazole,C6H8NO4PS,221.17078,6,1,1,1
hxan_m,Hypoxanthine,C5H4N4O,136.11146,5,4,0,0
hxan_m,Hypoxanthine,C5H4N4O,136.11146,5,4,0,0
id3acald_m,Indole 3 acetaldehyde C10H9NO,C10H9NO,159.18456,10,1,0,0
idon__L_m,L-Idonate,C6H11O7,195.14734,6,0,0,0
idon__L_m,L-Idonate,C6H11O7,195.14734,6,0,0,0
indole_m,Indole,C8H7N,117.14788,8,1,0,0
indaccoa_m,S-2-(indol-3-yl)acetyl-CoA,C31H39N8O17P3S,920.67105,31,8,1,3
xu5p__L_m,L-Xylulose 5-phosphate,C5H9O8P,228.09392,5,0,0,1
uLa4n_m,Undecaprenyl phosphate-4-amino-4-deoxy-L-arabinose,C60H100N1O7P1,978.41226,60,1,0,1
lac__L_m,L-Lactate,C3H5O3,89.07,3,0,0,0
lmn2_m,Laminaribiose,C12H22O11,342.29648,12,0,0,0
lmn30_m,"Laminarin (n=30 repeat units, beta -1,3 glc)",C180H302O151,4882.23328,180,0,0,0
lipidAdsn_m,Lipid A Disaccharide (glucosediaminyl),C68H129N4O18P,1321.74162,68,4,0,1
lipidXn_m,"2,3-Bis(3-hydroxytetradecanoyl)-beta-D-glucosediamine 1-phosphate",C34H65N2O11P,708.86046,34,2,0,1
u23gn_m,"UDP-2,3-bis(3-hydroxytetradecanoyl)glucosediamine",C43H76N4O19P2,1015.02646,43,4,0,2
lyx__L_m,L-Lyxose,C5H10O5,150.1299,5,0,0,0
lyx__L_m,L-Lyxose,C5H10O5,150.1299,5,0,0,0
lyx__L_m,L-Lyxose,C5H10O5,150.1299,5,0,0,0
mnl1p_m,D-Mannitol 1-phosphate,C6H13O9P,260.13578,6,0,0,1
malt6p_m,Maltose 6'-phosphate,C12H21O14P,420.2605,12,0,0,1
man1p_m,D-Mannose 1-phosphate,C6H11O9P,258.1199,6,0,0,1
murein5p4p_m,"Two linked disacharide pentapeptide and tetrapeptide murein units (uncrosslinked, middle of chain)",C77H119N15O41,1910.84466,77,15,0,0
2mecdp_m,"2-C-methyl-D-erythritol 2,4-cyclodiphosphate",C5H10O9P2,276.07502,5,0,0,2
metox__R_m,L methionine R oxide C5H11NO3S,C5H11NO3S,165.21074,5,1,1,0
metox__R_m,L methionine R oxide C5H11NO3S,C5H11NO3S,165.21074,5,1,1,0
mincyc_m,Minocycline,C23H27N3O7,457.47638,23,3,0,0
mincyc_m,Minocycline,C23H27N3O7,457.47638,23,3,0,0
mnl_m,D-Mannitol,C6H14O6,182.17176,6,0,0,0
kdolipid4n_m,KDO-lipid IV(A) (glucosediaminyl),C76H139N4O28P2,1618.87438,76,4,0,2
lipidAn_m,"2,3,2'3'-Tetrakis(beta-hydroxymyristoyl)-D-glucosaminyl-1,6-beta-D-glucosediaminyl 1,4'-bisphosphate",C68H128N4O21P2,1399.70564,68,4,0,2
mobd_m,Molybdate,MoO4,159.9576,0,0,0,0
n2_m,Nitrogen,N2,28.0134,0,2,0,0
n2_m,Nitrogen,N2,28.0134,0,2,0,0
nmn_m,NMN,C11H13N2O8P,332.20328,11,2,0,1
rnam_m,N Ribosylnicotinamide C11H15N2O5,C11H14N2O5,254.23926,11,2,0,0
rdxo_m,Rubredoxin oxidized,Fe1S0,55.845,0,0,0,0
rdxr_m,Rubredoxin reduced,Fe1S0,55.845,0,0,0,0
novbcn_m,Novobiocin,C31H36N2O11,612.62434,31,2,0,0
novbcn_m,Novobiocin,C31H36N2O11,612.62434,31,2,0,0
uri_m,Uridine,C9H12N2O6,244.20138,9,2,0,0
oxa_m,Oxalate,C2O4,88.019,2,0,0,0
pac_m,Phenylacetic acid,C8H7O2,135.13998,8,0,0,0
pac_m,Phenylacetic acid,C8H7O2,135.13998,8,0,0,0
pheme_m,Protoheme,C34FeH30N4O4,614.4714,34,4,0,0
ppap_m,Propanoyl phosphate,C3H5O5P,152.04256,3,0,0,1
ps120_m,"Phosphatidylserine (didodecanoyl, n-C12:0)",C30H57N1O10P1,622.74804,30,1,0,1
ps141_m,"Phosphatidylserine (ditetradec-7-enoyl, n-C14:1)",C34H61N1O10P1,674.8226,34,1,0,1
ps181_m,"Phosphatidylserine (dioctadec-11-enoyl, n-C18:1)",C42H77N1O10P1,787.03524,42,1,0,1
pyr_m,Pyruvate,C3H3O3,87.05412,3,0,0,0
dmlz_m,"6,7-Dimethyl-8-(1-D-ribityl)lumazine",C13H18N4O6,326.30522,13,4,0,0
rfamp_m,Rifampin,C43H58N4O12,822.94022,43,4,0,0
rfamp_m,Rifampin,C43H58N4O12,822.94022,43,4,0,0
sucorn_m,N2-Succinyl-L-ornithine,C9H15N2O5,231.2258,9,2,0,0
salchs4fe_m,Salmochelin-S4-Fe-III,C42FeH47N3O25,1049.67268,42,3,0,0
salchs4fe_m,Salmochelin-S4-Fe-III,C42FeH47N3O25,1049.67268,42,3,0,0
salchs4fe_m,Salmochelin-S4-Fe-III,C42FeH47N3O25,1049.67268,42,3,0,0
sucglu_m,N2-Succinyl-L-glutamate,C9H10NO7,244.1782,9,1,0,0
sucgsa_m,N2-Succinyl-L-glutamate 5-semialdehyde,C9H11NO6,229.18674,9,1,0,0
scl2_m,Sirohydrochlorin 2,C42H38N4O16,854.76832,42,4,0,0
so4_m,Sulfate,O4S,96.0626,0,0,1,0
sucr_m,Sucrose,C12H22O11,342.29648,12,0,0,0
tartr__D_m,D-tartrate,C4H4O6,148.07096,4,0,0,0
tartr__L_m,L-tartrate,C4H4O6,148.07096,4,0,0,0
tartr__D_m,D-tartrate,C4H4O6,148.07096,4,0,0,0
tartr__L_m,L-tartrate,C4H4O6,148.07096,4,0,0,0
tet_m,Tetrathionate,O6S4,224.2564,0,0,4,0
thymd_m,Thymidine,C10H14N2O5,242.22856,10,2,0,0
4hba_m,4-Hydroxy-benzyl alcohol,C7H8O2,124.13722,7,0,0,0
dhgly_m,Dehydroglycine,C2H2NO2,72.04278,2,1,0,0
tre_m,Trehalose,C12H22O11,342.29648,12,0,0,0
ttdcea_m,Tetradecenoate (n-C14:1),C14H25O2,225.3471,14,0,0,0
ttrcyc_m,Tetracycline,C22H24N2O8,444.43456,22,2,0,0
ttrcyc_m,Tetracycline,C22H24N2O8,444.43456,22,2,0,0
u3hgn_m,"UDP-3-N-(3-hydroxytetradecanoyl)-glucose-2,3-diamine",C29H51N4O17P2,789.67936,29,4,0,2
uacgamo_m,UDP-2-acetamido-2-deoxy-alpha-D-ribo-hexopyranos-3-ulose,C17H23N3O17P2,603.32194,17,3,0,2
uacgnn_m,"UDP-2-N-acetylglucose-2,3-diamine",C17H27N4O16P2,605.361,17,4,0,2
u3agn_m,UDP-3-N-(3-hydroxytetradecanoyl)-2-N-acetylglucosediamine,C31H52N4O18P2,830.7081,31,4,0,2
udpLa4o_m,UDP-4-keto-pyranose,C14H18N2O16P2,532.24404,14,2,0,2
udpLa4n_m,Uridine 5''-diphospho-{beta}-4-deoxy-4-amino-L-arabinose,C14H22N3O15P2,534.2831,14,3,0,2
uLa4n_m,Undecaprenyl phosphate-4-amino-4-deoxy-L-arabinose,C60H100N1O7P1,978.41226,60,1,0,1
um4p_m,"UDP-N-acetylmuramoyl-L-alanyl-D-gamma-glutamyl-meso-2,6-diaminopimelate-D-alanine",C38H56N8O27P2,1118.83616,38,8,0,2
xylan12_m,"Xylan (12 backbone units, 3 glcur side chain)",C78H119O67,2128.73926,78,0,0,0
xylan4_m,"Xylan (4 backbone units, 1 glcur side chain)",C26H41O23,721.58994,26,0,0,0
xylan8_m,"Xylan (8 backbone units, 2 glcur side chain)",C52H80O45,1425.1646,52,0,0,0
xyl__D_m,D-Xylose,C5H10O5,150.1299,5,0,0,0
s_m,Sulfur,S,32.065,0,0,1,0
3amp_m,3'-AMP,C10H12N5O7P,345.20534,10,5,0,1
3ump_m,3'-UMP,C9H11N2O9P,322.1654,9,2,0,1
3cmp_m,3'-cmp,C9H12N3O8P,321.18064,9,3,0,1
3gmp_m,3'-GMP,C10H12N5O8P,361.20474,10,5,0,1
2dhglcn_m,2-Dehydro-D-gluconate,C6H9O7,193.13146,6,0,0,0
hco3_m,Bicarbonate,HCO3,61.01684,1,0,0,0
2shchc_m,"2-Succinyl-6-hydroxy-2,4-cyclohexadiene-1-carboxylate",C11H10O6,238.1935,11,0,0,0
ichor_m,Isochorismate,C10H8O6,224.16692,10,0,0,0
3amp_m,3'-AMP,C10H12N5O7P,345.20534,10,5,0,1
3cmp_m,3'-cmp,C9H12N3O8P,321.18064,9,3,0,1
3gmp_m,3'-GMP,C10H12N5O8P,361.20474,10,5,0,1
3hoxpac_m,3 Hydroxyphenylacetic acid C8H8O3,C8H8O3,152.14732,8,0,0,0
3hoxpac_m,3 Hydroxyphenylacetic acid C8H8O3,C8H8O3,152.14732,8,0,0,0
3hoxpac_m,3 Hydroxyphenylacetic acid C8H8O3,C8H8O3,152.14732,8,0,0,0
3ohodcoa_m,3-Oxooctadecanoyl-CoA,C39H64N7O18P3S,1043.94785,39,7,1,3
3ump_m,3'-UMP,C9H11N2O9P,322.1654,9,2,0,1
4hbald_m,4-Hydroxybenzaldehyde,C7H6O2,122.12134,7,0,0,0
5oxpro_m,5-Oxoproline,C5H6NO3,128.10604,5,1,0,0
dtdp4aaddg_m,"DTDP-4-acetamido-4,6-dideoxy-D-galactose",C18H27N3O15P2,587.3656,18,3,0,2
unagamu_m,Undecaprenyl-diphospho-N-acetylglucosamine-N-acetylmannosaminuronate,C71H113N2O18P2,1344.60704,71,2,0,2
unagamuf_m,"Undecaprenyl-diphospho N-acetylglucosamine-N-acetylmannosaminuronate-N-acetamido-4,6-dideoxy-D-galactose",C79H126N3O22P2,1531.80016,79,3,0,2
unaga_m,Undecaprenyl diphospho N-acetyl-glucosamine,C63H103NO12P2,1128.43894,63,1,0,2
uacmamu_m,UDP-N-acetyl-D-mannosaminouronate,C17H22N3O18P2,618.3134,17,3,0,2
oc2coa_m,Trans-Oct-2-enoyl-CoA,C29H44N7O17P3S,887.68265,29,7,1,3
dd2coa_m,Trans-Dodec-2-enoyl-CoA,C33H52N7O17P3S,943.78897,33,7,1,3
airs_m,Aminoimidazole-riboside,C8H13N3O4,215.20652,8,3,0,0
airs_m,Aminoimidazole-riboside,C8H13N3O4,215.20652,8,3,0,0
airs_m,Aminoimidazole-riboside,C8H13N3O4,215.20652,8,3,0,0
alaala_m,D-Alanyl-D-alanine,C6H12N2O3,160.17108,6,2,0,0
LalaDglu_m,L-alanine-D-glutamate,C8H13N2O5,217.19922,8,2,0,0
LalaLglu_m,L-alanine-L-glutamate,C8H13N2O5,217.19922,8,2,0,0
chol_m,Choline,C5H14NO,104.17076,5,1,0,0
chor_m,Chorismate,C10H8O6,224.16692,10,0,0,0
cellb_m,Cellobiose,C12H22O11,342.29648,12,0,0,0
colipa_m,Core oligosaccharide lipid A,C176H303N2O100P4,4171.13747,176,2,0,4
colipa_m,Core oligosaccharide lipid A,C176H303N2O100P4,4171.13747,176,2,0,4
udcpdp_m,Undecaprenyl diphosphate,C55H89O7P2,924.23848,55,0,0,2
cu_m,Cu+,Cu,63.546,0,0,0,0
cu_m,Cu+,Cu,63.546,0,0,0,0
5mcsn_m,5-Methylcytosine,C5H7N3O,125.12858,5,3,0,0
2ddglcn_m,2-Dehydro-3-deoxy-D-gluconate,C6H9O6,177.13206,6,0,0,0
23dhacoa_m,"2,3-dehydroadipyl-CoA",C27H37N7O19P3S,888.60447,27,7,1,3
3hadpcoa_m,(3S)-3-Hydroxyadipyl-CoA,C27H39N7O20P3S,906.61975,27,7,1,3
2dhphaccoa_m,"1,2-Dihydroxy-1,2-dihydrophenylacetyl-CoA",C29H40N7O19P3S,915.64969,29,7,1,3
didp_m,DIDP,C10H11N4O10P2,409.16266,10,4,0,2
thym_m,Thymine,C5H6N2O2,126.11334,5,2,0,0
eca4colipa_m,(enterobacterial common antigen)x4 core oligosaccharide lipid A,C272H447N14O160P4,6597.35243,272,14,0,4
eca4colipa_m,(enterobacterial common antigen)x4 core oligosaccharide lipid A,C272H447N14O160P4,6597.35243,272,14,0,4
eca4und_m,(enterobacterial common antigen)x4 undecaprenyl-diphosphate,C151H234N12O67P2,3351.46138,151,12,0,2
eca2und_m,(enterobacterial common antigen)x2 undecaprenyl-diphosphate,C103H162N6O37P2,2138.3539,103,6,0,2
unagamuf_m,"Undecaprenyl-diphospho N-acetylglucosamine-N-acetylmannosaminuronate-N-acetamido-4,6-dideoxy-D-galactose",C79H126N3O22P2,1531.80016,79,3,0,2
eca3und_m,(enterobacterial common antigen)x3 undecaprenyl-diphosphate,C127H198N9O52P2,2744.90764,127,9,0,2
enlipa_m,Phosphoethanolamine KDO(2)-lipid (A),C112H202N3O42P3,2355.71847,112,3,0,3
enlipa_m,Phosphoethanolamine KDO(2)-lipid (A),C112H202N3O42P3,2355.71847,112,3,0,3
Sfglutth_m,S-Formylglutathione,C11H16N3O7S,334.32564,11,3,1,0
hmgth_m,Hydroxymethylglutathione,C11H18N3O7S,336.34152,11,3,1,0
no_m,Nitric oxide,NO,30.0061,0,1,0,0
Nforglu_m,N-Formyl-L-glutamate,C6H9NO5,175.13936,6,1,0,0
5forthf_m,5forthf c,C20H22N8O6,470.43868,20,8,0,0
g3pe_m,Sn-Glycero-3-phosphoethanolamine,C5H14NO6P,215.14152,5,1,0,1
g3pi_m,Sn-Glycero-3-phospho-1-inositol,C9H18O11P,333.20638,9,0,0,1
g3pi_m,Sn-Glycero-3-phospho-1-inositol,C9H18O11P,333.20638,9,0,0,1
g3pi_m,Sn-Glycero-3-phospho-1-inositol,C9H18O11P,333.20638,9,0,0,1
g3ps_m,Glycerophosphoserine,C6H13NO8P,258.14308,6,1,0,1
g3ps_m,Glycerophosphoserine,C6H13NO8P,258.14308,6,1,0,1
g3ps_m,Glycerophosphoserine,C6H13NO8P,258.14308,6,1,0,1
gagicolipa_m,Galactosyl-glucosyl-inner core oligosaccharide lipid A,C157H271N2O84P4,3654.68969,157,2,0,4
gicolipa_m,Glucosyl-inner core oligosaccharide lipid A,C151H261N2O79P4,3492.54909,151,2,0,4
gluala_m,5 L Glutamyl L alanine C8H13N2O5,C8H13N2O5,217.19922,8,2,0,0
icolipa_m,Inner core oligosaccharide lipid A (E coli),C145H251N2O74P4,3330.40849,145,2,0,4
ggagicolipa_m,Glucosyl-galactosyl-glucosyl-inner core oligosaccharide lipid A,C163H281N2O89P4,3816.83029,163,2,0,4
gggagicolipa_m,Glucosyl-glucosyl-galactosyl-glucosyl-inner core oligosaccharide lipid A,C169H291N2O94P4,3978.97089,169,2,0,4
xyl4_m,Xylotetraose,C20H34O17,546.47376,20,0,0,0
xylan4_m,"Xylan (4 backbone units, 1 glcur side chain)",C26H41O23,721.58994,26,0,0,0
glcur_m,D-Glucuronate,C6H9O7,193.13146,6,0,0,0
h2co3_m,Carbonic acid,H2CO3,62.02478,1,0,0,0
phhlipa_m,Phospho-heptosyl-heptosyl-kdo2-lipidA,C124H219N2O54P3,2694.96795,124,2,0,3
hphhlipa_m,Heptosyl-phospho-heptosyl-heptosyl-kdo2-lipidA,C131H231N2O60P3,2887.13453,131,2,0,3
phphhlipa_m,Phospho-heptosyl-phospho-heptosyl-heptosyl-kdo2-lipidA,C131H230N2O63P4,2965.09855,131,2,0,4
hxa_m,Hexanoate (n-C6:0),C6H11O2,115.15034,6,0,0,0
lmn2_m,Laminaribiose,C12H22O11,342.29648,12,0,0,0
mal__D_m,D-Malate,C4H4O5,132.07156,4,0,0,0
mal__D_m,D-Malate,C4H4O5,132.07156,4,0,0,0
kphphhlipa_m,Kdo-phospho-heptosyl-phospho-heptosyl-heptosyl-kdo2-lipidA,C139H241N2O70P4,3184.26729,139,2,0,4
mococdp_m,Molybdopterin cytosine dinucleotide,C19H22N8O15P2S2Mo,824.4601,19,8,2,2
no_m,Nitric oxide,NO,30.0061,0,1,0,0
2oxpaccoa_m,2-oxepin-2(3H)-ylideneacetyl-CoA,C29H38N7O18P3S,897.63441,29,7,1,3
3oxdhscoa_m,"3-oxo-5,6-dehydrosuberyl-CoA",C29H39N7O20P3S,930.64115,29,7,1,3
rephaccoa_m,"Ring 1,2-epoxyphenylacetyl-CoA",C29H38N7O18P3S,897.63441,29,7,1,3
pser__L_m,O-Phospho-L-serine,C3H6NO6P,183.0566,3,1,0,1
urate_m,Urate,C5H4N4O3,168.11026,5,4,0,0
sucbz_m,O-Succinylbenzoate,C11H8O5,220.17822,11,0,0,0
sucr_m,Sucrose,C12H22O11,342.29648,12,0,0,0
dtdp4addg_m,"DTDP-4-amino-4,6-dideoxy-D-galactose",C16H26N3O14P2,546.33686,16,3,0,2
uacmam_m,UDP-N-acetyl-D-mannosamine,C17H25N3O17P2,605.33782,17,3,0,2
thm_m,Thiamin,C12H17N4OS,265.35458,12,4,1,0
urea_m,Urea,CH4N2O,60.05526,1,2,0,0
xylu__L_m,L-Xylulose,C5H10O5,150.1299,5,0,0,0
xylu__L_m,L-Xylulose,C5H10O5,150.1299,5,0,0,0
12ppd__S_m,"(S)-Propane-1,2-diol",C3H8O2,76.09442,3,0,0,0
3mb_m,3-Methylbutanoic acid,C5H9O2,101.12376,5,0,0,0
3mb_m,3-Methylbutanoic acid,C5H9O2,101.12376,5,0,0,0
4hba_m,4-Hydroxy-benzyl alcohol,C7H8O2,124.13722,7,0,0,0
4hbz_m,4-Hydroxybenzoate,C7H5O3,137.1128,7,0,0,0
4hbz_m,4-Hydroxybenzoate,C7H5O3,137.1128,7,0,0,0
ac_m,Acetate,C2H3O2,59.04402,2,0,0,0
n6all26d_m,"N6-Acetyl-LL-2,6-diaminoheptanedioate",C9H15N2O5,231.2258,9,2,0,0
nal2a6o_m,N-Acetyl-L-2-amino-6-oxopimelate,C9H11NO6,229.18674,9,1,0,0
ser__L_m,L-Serine,C3H7NO3,105.09258,3,1,0,0
meoh_m,Methanol,CH4O1,32.04186,1,0,0,0
but_m,Butyrate (n-C4:0),C4H7O2,87.09718,4,0,0,0
pyr_m,Pyruvate,C3H3O3,87.05412,3,0,0,0
ni2_m,Nickel,Ni,58.6934,0,0,0,0
cro4_m,Chromate,CrO4,115.9937,0,0,0,0
2dh3dgal_m,2-Dehydro-3-deoxy-D-galactonate,C6H9O6,177.13206,6,0,0,0
2dh3dgal6p_m,2-Dehydro-3-deoxy-D-galactonate 6-phosphate,C6H8O9P,255.09608,6,0,0,1
lac__D_m,D-Lactate,C3H5O3,89.07,3,0,0,0
lac__D_m,D-Lactate,C3H5O3,89.07,3,0,0,0
etoh_m,Ethanol,C2H6O,46.06844,2,0,0,0
etoh_m,Ethanol,C2H6O,46.06844,2,0,0,0
h2_m,H2,H2,2.01588,0,0,0,0
frmd_m,Formamide,CH3NO,45.04062,1,1,0,0
frmd_m,Formamide,CH3NO,45.04062,1,1,0,0
galctn__D_m,D-Galactonate,C6H11O7,195.14734,6,0,0,0
galctn__D_m,D-Galactonate,C6H11O7,195.14734,6,0,0,0
glyald_m,D-Glyceraldehyde,C3H6O3,90.07794,3,0,0,0
glyclt_m,Glycolate,C2H3O3,75.04342,2,0,0,0
h2_m,H2,H2,2.01588,0,0,0,0
lcts_m,Lactose,C12H22O11,342.29648,12,0,0,0
LalaLglu_m,L-alanine-L-glutamate,C8H13N2O5,217.19922,8,2,0,0
LalaLglu_m,L-alanine-L-glutamate,C8H13N2O5,217.19922,8,2,0,0
lac__L_m,L-Lactate,C3H5O3,89.07,3,0,0,0
1ddecg3p_m,1-dodecanoyl-sn-glycerol 3-phosphate,C15H29O7P1,352.36032,15,0,0,1
1tdec7eg3p_m,1-tetradec-7-enoyl-sn-glycerol 3-phosphate,C17H31O7P1,378.3976,17,0,0,1
1odecg3p_m,1-octadecanoyl-sn-glycerol 3-phosphate,C21H41O7P1,436.5198,21,0,0,1
1odec11eg3p_m,1-octadec-11-enoyl-sn-glycerol 3-phosphate,C21H39O7P1,434.50392,21,0,0,1
1agpe180_m,1-Acyl-sn-glycero-3-phosphoethanolamine (n-C18:0),C23H48NO7P1,481.60348,23,1,0,1
meoh_m,Methanol,CH4O1,32.04186,1,0,0,0
udcpdp_m,Undecaprenyl diphosphate,C55H89O7P2,924.23848,55,0,0,2
mso3_m,Methanesulfonate,CH3O3S,95.09772,1,0,1,0
peamn_m,Phenethylamine,C8H12N,122.18758,8,1,0,0
ppa_m,Propionate (n-C3:0),C3H5O2,73.0706,3,0,0,0
ppa_m,Propionate (n-C3:0),C3H5O2,73.0706,3,0,0,0
scl_m,Sirohydrochlorin,C42H39N4O16,855.77626,42,4,0,0
tol_m,Toluene,C7H8,92.13842,7,0,0,0
tol_m,Toluene,C7H8,92.13842,7,0,0,0
udcpp_m,Undecaprenyl phosphate,C55H89O4P,845.26652,55,0,0,1
xan_m,Xanthine,C5H4N4O2,152.11086,5,4,0,0
Lpipecol_m,L-Pipecolate,C6H11NO2,129.15704,6,1,0,0
1pipdn2c_m,Delta1-Piperideine-2-carboxylate,C6H9NO2,127.14116,6,1,0,0
L2aadp_m,L 2 Aminoadipate C6H10NO4,C6H10NO4,160.1479,6,1,0,0
2hxmp_m,2  Hydroxymethyl phenol C7H8O2,C7H8O2,124.13722,7,0,0,0
2hxmp_m,2  Hydroxymethyl phenol C7H8O2,C7H8O2,124.13722,7,0,0,0
2oxoadp_m,2 Oxoadipate C6H6O5,C6H6O5,158.10884,6,0,0,0
2pg_m,D-Glycerate 2-phosphate,C3H4O7P,183.03342,3,0,0,1
2pg_m,D-Glycerate 2-phosphate,C3H4O7P,183.03342,3,0,0,1
3mb_m,3-Methylbutanoic acid,C5H9O2,101.12376,5,0,0,0
3pg_m,3-Phospho-D-glycerate,C3H4O7P,183.03342,3,0,0,1
3pg_m,3-Phospho-D-glycerate,C3H4O7P,183.03342,3,0,0,1
4hthr_m,4-Hydroxy-L-threonine,C4H9NO4,135.11856,4,1,0,0
4hthr_m,4-Hydroxy-L-threonine,C4H9NO4,135.11856,4,1,0,0
salcn6p_m,Salicin 6-phosphate,C13H17O10P,364.24184,13,0,0,1
L2aadp6sa_m,L 2 Aminoadipate 6 semialdehyde C6H11NO3,C6H11NO3,145.15644,6,1,0,0
thp2c_m,"2,3,4,5-Tetrahydropyridine-2-carboxylate",C6H8NO2,126.13322,6,1,0,0
4abut_m,4-Aminobutanoate,C4H9NO2,103.11976,4,1,0,0
acolipa_m,4-Amino-4-deoxy-L-arabinose modified core oligosaccharide lipid A,C181H314N3O103P4,4304.28321,181,3,0,4
acolipa_m,4-Amino-4-deoxy-L-arabinose modified core oligosaccharide lipid A,C181H314N3O103P4,4304.28321,181,3,0,4
acon_C_m,Cis-Aconitate,C6H3O6,171.08442,6,0,0,0
acon_C_m,Cis-Aconitate,C6H3O6,171.08442,6,0,0,0
alltn_m,Allantoin,C4H6N4O3,158.11544,4,4,0,0
6a2ohxnt_m,6-Amino-2-oxohexanoate,C6H11NO3,145.15644,6,1,0,0
15dap_m,"1,5-Diaminopentane",C5H16N2,104.19394,5,2,0,0
o2s_m,Superoxide anion,O2,31.9988,0,0,0,0
ficytcc553_m,Ferricytochrome c-553,C42H54FeN8O6S2,886.90316,42,8,2,0
focytcc553_m,Ferrocytochrome c-553,C42H54FeN8O6S2,886.90316,42,8,2,0
hco3_m,Bicarbonate,HCO3,61.01684,1,0,0,0
15dap_m,"1,5-Diaminopentane",C5H16N2,104.19394,5,2,0,0
lipa_cold_m,Cold adapted KDO(2)-lipid (A),C114H202N2O39P2,2286.7612,114,2,0,2
lipa_cold_m,Cold adapted KDO(2)-lipid (A),C114H202N2O39P2,2286.7612,114,2,0,2
colipa_m,Core oligosaccharide lipid A,C176H303N2O100P4,4171.13747,176,2,0,4
dha_m,Dihydroxyacetone,C3H6O3,90.07794,3,0,0,0
lys__D_m,D-Lysine,C6H15N2O2,147.1955,6,2,0,0
dms_m,Dimethyl sulfide,C2H6S,62.13404,2,0,1,0
dmso_m,Dimethyl sulfoxide,C2H6OS,78.13344,2,0,1,0
ser__D_m,D-Serine,C3H7NO3,105.09258,3,1,0,0
kdo2lipid4p_m,KDO(2)-lipid IV(A) with palmitoleoyl,C100H176N2O38P2,2076.40556,100,2,0,2
lipa_cold_m,Cold adapted KDO(2)-lipid (A),C114H202N2O39P2,2286.7612,114,2,0,2
S_gtrdhdlp_m,S-Glutaryldihydrolipoamide,C13H22NO4S2,320.44808,13,1,2,0
glucys_m,Gamma-L-Glutamyl-L-cysteine,C8H13N2O5S,249.26422,8,2,1,0
gthox_m,Oxidized glutathione,C20H28N6O12S2,608.59932,20,6,2,0
h2o2_m,Hydrogen peroxide,H2O2,34.01468,0,0,0,0
4mhetz_m,4-Methyl-5-(2-hydroxyethyl)-thiazole,C6H9NOS,143.20676,6,1,1,0
icit_m,Isocitrate,C6H5O7,189.0997,6,0,0,0
icit_m,Isocitrate,C6H5O7,189.0997,6,0,0,0
malttre_m,Maltosyltrehalose,C24H42O21,666.57768,24,0,0,0
nh4oh_m,Ammonium hydroxide,H5NO,35.0458,0,1,0,0
no_m,Nitric oxide,NO,30.0061,0,1,0,0
oaa_m,Oxaloacetate,C4H2O5,130.05568,4,0,0,0
oaa_m,Oxaloacetate,C4H2O5,130.05568,4,0,0,0
rbt_m,Ribitol,C5H12O5,152.14578,5,0,0,0
rbt_m,Ribitol,C5H12O5,152.14578,5,0,0,0
salcn_m,Salicin,C13H18O7,286.27782,13,0,0,0
salcn_m,Salicin,C13H18O7,286.27782,13,0,0,0
udpLa4fn_m,Uridine 5''-diphospho-{beta}-4-deoxy-4-formamido-L-arabinose,C15H21N3O16P2,561.28526,15,3,0,2
uLa4fn_m,Undecaprenyl phosphate-4-amino-4-formyl-L-arabinose,C61H99N1O8P1,1005.41442,61,1,0,1
xtsn_m,Xanthosine,C10H12N4O6,284.22548,10,4,0,0
aps_m,Adenosine 5'-phosphosulfate,C10H12N5O10PS,425.26854,10,5,1,1
R_3hhcoa_m,(R)-Hydroxyhexanoyl-CoA,C27H42N7O18P3S,877.64477,27,7,1,3
3hpimcoa_m,3-Hydroxypimelyl-CoA,C28H46N7O20P3S,925.68603,28,7,1,3
3opimcoa_m,3-Oxopimeloyl-CoA,C28H44N7O20P3S,923.67015,28,7,1,3
LalaDgluMdap_m,"L-alanine-D-glutamate-meso-2,6-diaminoheptanedioate",C15H25N4O8,389.381,15,4,0,0
dgal6p_m,D-Galactose 6-phosphate,C6H11O9P,258.1199,6,0,0,1
lac6p_m,Lactose-6-phosphate,C12H21O14P,420.2605,12,0,0,1
arach_m,Arachidic acid,C20H39O2,311.52246,20,0,0,0
arachACP_m,Eicosanoyl-ACP (n-C20:0),C404H641N96O143PS3,9258.1385,404,96,3,1
asn__L_m,L-Asparagine,C4H8N2O3,132.11792,4,2,0,0
aso3_m,Arsenite,AsO3,122.9198,0,0,0,0
aso3_m,Arsenite,AsO3,122.9198,0,0,0,0
aso3_m,Arsenite,AsO3,122.9198,0,0,0,0
aso4_m,Arsenate,AsO4,138.9192,0,0,0,0
aso4_m,Arsenate,AsO4,138.9192,0,0,0,0
aso4_m,Arsenate,AsO4,138.9192,0,0,0,0
ch15deccoa_m,"Cyclohexa-1,5-dienecarbonyl-CoA",C28H42N7O17P3S,873.65607,28,7,1,3
bzalc_m,Benzyl alcohol,C7H8O,108.13782,7,0,0,0
bzsuccoa_m,Benzylsuccinyl-CoA,C32H41N7O19P3S,952.68973,32,7,1,3
phitcoa_m,E-Phenylitaconyl-CoA,C32H39N7O19P3S,950.67385,32,7,1,3
bzsucc_m,Benzylsuccinate,C11H10O4,206.1947,11,0,0,0
tol_m,Toluene,C7H8,92.13842,7,0,0,0
cell6_m,Cellulose (n=6 repeating units),C36H62O31,990.85888,36,0,0,0
cell6_m,Cellulose (n=6 repeating units),C36H62O31,990.85888,36,0,0,0
6hch1eccoa_m,6-Hydroxycyclohex-1-ene-1-carboxyl-CoA,C28H44N7O18P3S,891.67135,28,7,1,3
citr__L_m,L-Citrulline,C6H13N3O3,175.18572,6,3,0,0
prephth_m,Phthiocerol precursor,C32H61O5,525.82374,32,0,0,0
mbhn_m,Methyl behenic acid,C23H45O2,353.6022,23,0,0,0
dmlgnc_m,Dimethyl lignoceric acid,C26H51O2,395.68194,26,0,0,0
tmhexc_m,Tri-methyl hexacosanoate,C29H57O2,437.76168,29,0,0,0
tamocta_m,Tetra-methyl octacosanoate,C32H63O2,479.84142,32,0,0,0
gln__L_m,L-Glutamine,C5H10N2O3,146.1445,5,2,0,0
hmpscoa_m,(Hydroxymethylphenyl)succinyl-CoA,C32H41N7O20P3S,968.68913,32,7,1,3
6occhcoa_m,6-oxocyclohex-1-ene-1-carboxyl-CoA,C28H38N7O18P3S,885.62371,28,7,1,3
1agpe120_m,1-Acyl-sn-glycero-3-phosphoethanolamine (n-C12:0),C17H36NO7P1,397.444,17,1,0,1
nac_m,Nicotinate,C6H4NO2,122.10146,6,1,0,0
ssaltpp_m,Succinate semialdehyde-thiamin diphosphate anion,C16H21N4O10P2S,523.37126,16,4,1,2
phthiocerol_m,Phthiocerol A,C32H66O3,498.86464,32,0,0,0
pdima_m,Phthiocerol dimycocerosate A (Mtb),C96H190O5,1424.5328,96,0,0,0
pdima_m,Phthiocerol dimycocerosate A (Mtb),C96H190O5,1424.5328,96,0,0,0
phthdl_m,Phthiodolone,C31H62O3,482.82218,31,0,0,0
prephthACP_m,Phthiocerol precursor bound ACP,C416H663N96O146PS3,9472.43978,416,96,3,1
pydxn_m,Pyridoxine,C8H11NO3,169.17784,8,1,0,0
tyr__L_m,L-Tyrosine,C9H11NO3,181.18854,9,1,0,0
2sephchc_m,2-succinyl-5-enolpyruvyl-6-hydroxy-3-cyclohexene-1-carboxylate,C14H13O9,325.24762,14,0,0,0
vanlt_m,Vanillate,C8H7O4,167.13878,8,0,0,0
vanlt_m,Vanillate,C8H7O4,167.13878,8,0,0,0
vanlt_m,Vanillate,C8H7O4,167.13878,8,0,0,0
4abz_m,4-Aminobenzoate,C7H6NO2,136.12804,7,1,0,0
acmum_m,N-Acetylmuramate,C11H18NO8,292.26252,11,1,0,0
acmum_m,N-Acetylmuramate,C11H18NO8,292.26252,11,1,0,0
amp_m,AMP,C10H12N5O7P,345.20534,10,5,0,1
cell4_m,Cellulose (n=4 repeating units),C24H42O21,666.57768,24,0,0,0
cell500_m,"Celluose (n=500 repeating units, beta-1,4 glc)",C3000H5002O2501,81088.31528,3000,0,0,0
elao_m,Anode (oxidized),X,0.0,0,0,0,0
elar_m,Anode  (reduced),X,0.0,0,0,0,0
omcho_m,Outer Membrane Cytochrome c type oxidized (high potential),C42H54FeN8O6S2,886.90316,42,8,2,0
omchr_m,Outer Membrane Cytochrome c reduced (high potential),C42H54FeN8O6S2,886.90316,42,8,2,0
isetac_m,Isethionic acid,C2H5O4S,125.1237,2,0,1,0
glcman600_m,"Glucomannan (n=600 repeat units, glc beta-1,4 man)",C3600H6002O3001,97302.37528,3600,0,0,0
2h3opp_m,2 Hydroxy 3 oxopropanoate C3H3O4,C3H3O4,103.05352,3,0,0,0
glucan1500_m,"Beta-1,3/1,4-glucan (Barley, n=1500, Glc beta1->3,4 Glc)",C9000H15002O7501,243228.91528,9000,0,0,0
glycogen_m,Glycogen,C6H10O5,162.1406,6,0,0,0
ham_m,Hydroxylamine,NH3O,33.02992,0,1,0,0
isetac_m,Isethionic acid,C2H5O4S,125.1237,2,0,1,0
isetac_m,Isethionic acid,C2H5O4S,125.1237,2,0,1,0
LalaDglu_m,L-alanine-D-glutamate,C8H13N2O5,217.19922,8,2,0,0
LalaDglu_m,L-alanine-D-glutamate,C8H13N2O5,217.19922,8,2,0,0
pydam_m,Pyridoxamine,C8H13N2O2,169.20102,8,2,0,0
pydam_m,Pyridoxamine,C8H13N2O2,169.20102,8,2,0,0
taur_m,Taurine,C2H6NO3S,124.13894,2,1,1,0
thym_m,Thymine,C5H6N2O2,126.11334,5,2,0,0
14glucan_m,"1,4-alpha-D-glucan",C36H62O31,990.85888,36,0,0,0
14glucan_m,"1,4-alpha-D-glucan",C36H62O31,990.85888,36,0,0,0
Lcyst_m,L-Cysteate,C3H6NO5S,168.14844,3,1,1,0
35cgmp_m,"3',5'-Cyclic GMP",C10H11N5O7P,344.1974,10,5,0,1
3hcinnm_m,3-hydroxycinnamic acid,C9H7O3,163.15008,9,0,0,0
3hpppn_m,3-(3-hydroxy-phenyl)propionate,C9H9O3,165.16596,9,0,0,0
3oxoadp_m,3-Oxoadipate,C6H6O5,158.10884,6,0,0,0
3oxoadp_m,3-Oxoadipate,C6H6O5,158.10884,6,0,0,0
4mbzald_m,P-methylbenzaldehyde,C8H8O,120.14852,8,0,0,0
4mbzalc_m,4-methylbenzyl alcohol,C8H10O,122.1644,8,0,0,0
p_tol_m,P-toluate,C8H7O2,135.13998,8,0,0,0
hmccms_m,"2-Hydroxy-5-methyl-cis,cis-muconic semialdehyde",C7H7O4,155.12808,7,0,0,0
4mcat_m,4-Methylcatechol,C7H8O2,124.13722,7,0,0,0
op4en_m,2-Oxopent-4-enoate,C5H5O3,113.0914,5,0,0,0
oxalc_m,4-oxalocrotonate,C6H4O5,156.09296,6,0,0,0
2hchd_m,"2-Hydroxy-cis-hex-2,4-dienoate",C6H7O3,127.11798,6,0,0,0
2omcm_m,2-oxo-5-methyl-cis-muconate,C7H6O5,170.11954,7,0,0,0
2hmc_m,2-Hydroxymuconate,C6H4O5,156.09296,6,0,0,0
hmccm_m,"2-Hydroxy-5-methyl-cis,cis-muconate",C7H6O5,170.11954,7,0,0,0
crn_m,L-Carnitine,C7H15NO3,161.1989,7,1,0,0
akg_m,2-Oxoglutarate,C5H4O5,144.08226,5,0,0,0
ala__L_m,L-Alanine,C3H7NO2,89.09318,3,1,0,0
btoh_m,Butanol,C4H10O,74.1216,4,0,0,0
btoh_m,Butanol,C4H10O,74.1216,4,0,0,0
butso3_m,Butanesulfonate,C4H9O3S,137.17746,4,0,1,0
butso3_m,Butanesulfonate,C4H9O3S,137.17746,4,0,1,0
butso3_m,Butanesulfonate,C4H9O3S,137.17746,4,0,1,0
2hmcnsad_m,2-Hydroxymuconate semialdehyde,C6H6O4,142.10944,6,0,0,0
catechol_m,Catechol,C6H6O2,110.11064,6,0,0,0
catechol_m,Catechol,C6H6O2,110.11064,6,0,0,0
cit_m,Citrate,C6H5O7,189.0997,6,0,0,0
crn_m,L-Carnitine,C7H15NO3,161.1989,7,1,0,0
crn_m,L-Carnitine,C7H15NO3,161.1989,7,1,0,0
gbbtn_m,Gamma-butyrobetaine,C7H15NO2,145.1995,7,1,0,0
gbbtn_m,Gamma-butyrobetaine,C7H15NO2,145.1995,7,1,0,0
csn_m,Cytosine,C4H5N3O,111.102,4,3,0,0
dh4mchc_m,"Cis-1,2-Dihydroxy-4-methylcyclohexa-3,5-diene-1-carboxylate",C8H9O4,169.15466,8,0,0,0
dhbpt_m,"6,7-Dihydrobiopterin",C9H13N5O3,239.23122,9,5,0,0
thbpt_m,Tetrahydrobiopterin,C9H15N5O3,241.2471,9,5,0,0
3fe4s_m,[3Fe-4S] damaged iron-sulfur cluster,S4Fe3,295.795,0,0,4,0
glcn__D_m,D Gluconate C6H11O7,C6H11O7,195.14734,6,0,0,0
glcn__D_m,D Gluconate C6H11O7,C6H11O7,195.14734,6,0,0,0
glyb_m,Glycine betaine,C5H11NO2,117.14634,5,1,0,0
gtspmd_m,Glutathionylspermidine,C17H36N6O5S,436.56994,17,6,1,0
3hcinnm_m,3-hydroxycinnamic acid,C9H7O3,163.15008,9,0,0,0
3hcinnm_m,3-hydroxycinnamic acid,C9H7O3,163.15008,9,0,0,0
4h2opntn_m,4-Hydroxy-2-oxopentanoate,C5H7O4,131.10668,5,0,0,0
4hoxoh_m,4-Hydroxy-2-oxohexanoic acid,C6H9O4,145.13326,6,0,0,0
3hpppn_m,3-(3-hydroxy-phenyl)propionate,C9H9O3,165.16596,9,0,0,0
3hpppn_m,3-(3-hydroxy-phenyl)propionate,C9H9O3,165.16596,9,0,0,0
Lcyst_m,L-Cysteate,C3H6NO5S,168.14844,3,1,1,0
agpe_EC_m,Acyl-glycerophosphoethanolamine  (E.coli),C1093H2224O350N50P50,23218.16676,1093,50,0,50
1agpe141_m,1-Acyl-sn-glycero-3-phosphoethanolamine (n-C14:1),C19H38NO7P1,423.48128,19,1,0,1
murein3px4p_m,"Two disacharide linked murein units, tripeptide crosslinked tetrapeptide (A2pm->D-ala) (middle of chain)",C71H107N13O38,1750.67358,71,13,0,0
nmn_m,NMN,C11H14N2O8P,333.21122,11,2,0,1
udcdpgalrmnman_m,Undecaprenyl-diphosphate-galactose-rhamnose-mannose,C73H120O21P2,1395.66882,73,0,0,2
udcdpgal_m,Undecaprenyl-diphosphate-galactose,C61H100O12P2,1087.38702,61,0,0,2
udcdpgalrmn_m,Undecaprenyl-diphosphate-galactose-rhamnose,C67H110O16P2,1233.52822,67,0,0,2
pe_EC_m,Phosphatidylethanolamine (ecoli),C1936H3748N50O400P50,35679.25742,1936,50,0,50
ps_EC_m,Phosphatidylserine (Ecoli),C1986H3698N50O500P50,37829.33542,1986,50,0,50
p_xyl_m,P-methyltoluene,C8H10,106.165,8,0,0,0
p_xyl_m,P-methyltoluene,C8H10,106.165,8,0,0,0
p_xyl_m,P-methyltoluene,C8H10,106.165,8,0,0,0
uri_m,Uridine,C9H12N2O6,244.20138,9,2,0,0
cytd_m,Cytidine,C9H13N3O5,243.21662,9,3,0,0
adn_m,Adenosine,C10H13N5O4,267.24132,10,5,0,0
gsn_m,Guanosine,C10H13N5O5,283.24072,10,5,0,0
4hbzACP_m,4-hydroxybenzoyl ACP,C391H607O144N96PS3,9083.72884,391,96,3,1
acac_m,Acetoacetate,C4H5O3,101.0807,4,0,0,0
rhcys_m,S-Ribosyl-L-homocysteine,C9H17NO6S,267.29938,9,1,1,0
aacald_m,Aminoacetaldehyde,C2H6NO,60.07514,2,1,0,0
amp_m,AMP,C10H12N5O7P,345.20534,10,5,0,1
arachcoa_m,Arachidyl coenzyme A,C41H70N7O17P3S,1058.01749,41,7,1,3
pg_EC_m,Phosphatidylglycerol (Ecoli),C1986H3748O500P50,37179.39742,1986,0,0,50
cmp_m,CMP,C9H12N3O8P,321.18064,9,3,0,1
cmp_m,CMP,C9H12N3O8P,321.18064,9,3,0,1
ctbt_m,Crotonobetaine,C7H13NO2,143.18362,7,1,0,0
ctbt_m,Crotonobetaine,C7H13NO2,143.18362,7,1,0,0
cyanphy_m,Cyanophycin (multi-Larginyl-poli [L--aspartic acid]) polimer (n+2),C10H17N5O4R,271.27308,10,5,0,0
precyanphy_m,Cyanophycin (multi-Larginyl-poli [L--aspartic acid]) polimer (n),R,0.0,0,0,0,0
dad_2_m,Deoxyadenosine,C10H13N5O3,251.24192,10,5,0,0
damp_m,DAMP,C10H12N5O6P,329.20594,10,5,0,1
damp_m,DAMP,C10H12N5O6P,329.20594,10,5,0,1
dcmp_m,DCMP,C9H12N3O7P,305.18124,9,3,0,1
dcmp_m,DCMP,C9H12N3O7P,305.18124,9,3,0,1
dcyt_m,Deoxycytidine,C9H13N3O4,227.21722,9,3,0,0
dgmp_m,DGMP,C10H12N5O7P,345.20534,10,5,0,1
dgmp_m,DGMP,C10H12N5O7P,345.20534,10,5,0,1
dgsn_m,Deoxyguanosine,C10H13N5O4,267.24132,10,5,0,0
23dhb_m,"2,3-Dihydroxybenzoate",C7H5O4,153.1122,7,0,0,0
23dhba_m,"(2,3-Dihydroxybenzoyl)adenylate",C17H17N5O10P,482.31814,17,5,0,1
23dhbzs_m,"2,3-dihydroxybenzoylserine",C10H10NO6,240.1895,10,1,0,0
dtmp_m,DTMP,C10H13N2O8P,320.19258,10,2,0,1
dtmp_m,DTMP,C10H13N2O8P,320.19258,10,2,0,1
seramp_m,L-seryl-AMP,C13H19N6O9P,434.29852,13,6,0,1
ethso3_m,Ethanesulfonate,C2H5O3S,109.1243,2,0,1,0
ethso3_m,Ethanesulfonate,C2H5O3S,109.1243,2,0,1,0
ethso3_m,Ethanesulfonate,C2H5O3S,109.1243,2,0,1,0
prephthcoa_m,Phthiocerol precursor bound coenzyme A,C53H92N7O20P3S,1272.31877,53,7,1,3
phdcaACP_m,Phenol palmitic acid ACP,C407H639N96O144PS3,9308.15412,407,96,3,1
sulfac_m,Sulfoacetate,C2H2O5S,138.09928,2,0,1,0
galman600_m,"Galactomannan (n=600 repeat units mannose, alpha-1,4 man)",C3600H6002O3001,97302.37528,3600,0,0,0
gmp_m,GMP,C10H12N5O8P,361.20474,10,5,0,1
gmp_m,GMP,C10H12N5O8P,361.20474,10,5,0,1
imp_m,IMP,C10H11N4O8P,346.1901,10,4,0,1
imp_m,IMP,C10H11N4O8P,346.1901,10,4,0,1
ins_m,Inosine,C10H12N4O5,268.22608,10,4,0,0
Lcyst_m,L-Cysteate,C3H6NO5S,168.14844,3,1,1,0
agpg_EC_m,Acyl-glycerophosphoglycerol  (E.coli),C1143H2224O450P50,24718.30676,1143,0,0,50
malttrtre_m,Maltotriosyltrehalose,C30H52O26,828.71828,30,0,0,0
maltttrtre_m,Maltotetraosyltrehalose,C36H62O31,990.85888,36,0,0,0
maltpttre_m,Maltopentaosyltrehalose,C42H72O36,1152.99948,42,0,0,0
ump_m,UMP,C9H11N2O9P,322.1654,9,2,0,1
xmp_m,Xanthosine 5'-phosphate,C10H11N4O9P,362.1895,10,4,0,1
xtsn_m,Xanthosine,C10H12N4O6,284.22548,10,4,0,0
ump_m,UMP,C9H11N2O9P,322.1654,9,2,0,1
thymd_m,Thymidine,C10H14N2O5,242.22856,10,2,0,0
pgp_EC_m,Phosphatidylglycerophosphate (Ecoli),C1986H3698O650P100,41077.59852,1986,0,0,100
prepphth_m,Phenolic phthiocerol precursor,C35H59O6,575.83936,35,0,0,0
pphthdl_m,Phenolic phthiodiolone,C34H60O4,532.8378,34,0,0,0
pphthiocerol_m,Phenolphtiocerol,C35H64O4,548.88026,35,0,0,0
ppdima_m,Phenol phthiocerol dimycocerosate (Mtb),C99H188O6,1474.54842,99,0,0,0
ppdima_m,Phenol phthiocerol dimycocerosate (Mtb),C99H188O6,1474.54842,99,0,0,0
prepphthACP_m,Phenolic phthiocerol precursor bound ACP,C419H661N96O147PS3,9522.4554,419,96,3,1
skm_m,Shikimate,C7H9O5,173.14336,7,0,0,0
skm_m,Shikimate,C7H9O5,173.14336,7,0,0,0
sulfac_m,Sulfoacetate,C2H2O5S,138.09928,2,0,1,0
sulfac_m,Sulfoacetate,C2H2O5S,138.09928,2,0,1,0
tma_m,Trimethylamine,C3H10N,60.1182,3,1,0,0
tmao_m,Trimethylamine N-oxide,C3H9NO,75.10966,3,1,0,0
xmp_m,Xanthosine 5'-phosphate,C10H11N4O9P,362.1895,10,4,0,1
34dhcinm_m,"3,4-Dihydroxy-trans-cinnamate",C9H7O4,179.14948,9,0,0,0
34dhcinm_m,"3,4-Dihydroxy-trans-cinnamate",C9H7O4,179.14948,9,0,0,0
34dhcinm_m,"3,4-Dihydroxy-trans-cinnamate",C9H7O4,179.14948,9,0,0,0
R_3hdcoa_m,(R)-Hydroxydecanoyl-CoA,C31H50N7O18P3S,933.75109,31,7,1,3
R_3hddcoa_m,(R)-3-Hydroxydodecanoyl-CoA,C33H54N7O18P3S,961.80425,33,7,1,3
R_3hcddec5ecoa_m,(R)-Hydroxydodecanoyl-5-en-CoA,C33H52N7O18P3S,959.78837,33,7,1,3
R_3hmrscoa_m,(R)-3-hydroxytetradecanoyl-coa,C35H58N7O18P3S,989.85741,35,7,1,3
R_3hcmrs7ecoa_m,(R)-3-hydroxy-cis-myristol-7-eoyl-CoA,C35H56N7O18P3S,987.84153,35,7,1,3
R_3hocoa_m,(R)-Hydroxyoctanoyl-CoA,C29H46N7O18P3S,905.69793,29,7,1,3
dhcinnm_m,"2,3-dihydroxicinnamic acid",C9H7O4,179.14948,9,0,0,0
dhpppn_m,"3-(2,3-Dihydroxyphenyl)propanoate",C9H9O4,181.16536,9,0,0,0
T4hcinnm_m,Trans 4 Hydroxycinnamate C9H7O3,C9H7O3,163.15008,9,0,0,0
coucoa_m,P coumaroyl CoA C30H38N7O18P3S1,C30H38N7O18P3S,909.64511,30,7,1,3
4gudbutn_m,4 Guanidinobutanoate C5H11N3O2,C5H11N3O2,145.15974,5,3,0,0
5g2oxpt_m,2-Oxoarginine,C6H11N3O3,173.16984,6,3,0,0
cala_m,N-Carbamoyl-beta-alanine,C4H7N2O3,131.10998,4,2,0,0
34dhbald_m,"3,4-dihydroxybenzaldehyde",C7H6O3,138.12074,7,0,0,0
caffcoa_m,Caffeoyl-CoA,C30H38N7O19P3S,925.64451,30,7,1,3
confrl_m,Coniferol,C10H12O3,180.20048,10,0,0,0
conialdh_m,Coniferyl aldehyde,C10H10O3,178.1846,10,0,0,0
fer_m,Ferulate,C10H9O4,193.17606,10,0,0,0
coa_m,Coenzyme A,C21H32N7O16P3S,763.50237,21,7,1,3
confrl_m,Coniferol,C10H12O3,180.20048,10,0,0,0
confrl_m,Coniferol,C10H12O3,180.20048,10,0,0,0
cynt_m,Cyanate,CNO,42.0168,1,1,0,0
cynt_m,Cyanate,CNO,42.0168,1,1,0,0
5d4dglcr_m,5 Dehydro 4 deoxy D glucarate C6H6O7,C6H6O7,190.10764,6,0,0,0
hkntd_m,2-hydroxy-6-ketononatrienedioate,C9H6O6,210.14034,9,0,0,0
C100mclPHA_m,C10:0-Medium-chain length Polyhydroxyalkanoate.,C10H18O2R,170.24872,10,0,0,0
mclPHAg_m,Medium-chain length Polyhydroxyalkanoate growing.,R,0.0,0,0,0,0
C120mclPHA_m,C12:0-Medium-chain length Polyhydroxyalkanoate.,C12H22O2R,198.30188,12,0,0,0
C121mclPHA_m,C12:1-Medium-chain length Polyhydroxyalkanoate.,C12H20O2R,196.286,12,0,0,0
C140mclPHA_m,C14:0-Medium-chain length Polyhydroxyalkanoate.,C14H26O2R,226.35504,14,0,0,0
C141mclPHA_m,C14:1-Medium-chain length Polyhydroxyalkanoate.,C14H24O2R,224.33916,14,0,0,0
C60mclPHA_m,C6:0-Medium-chain length Polyhydroxyalkanoate,C6H10O2R,114.1424,6,0,0,0
C80mclPHA_m,C8:0-Medium-chain length Polyhydroxyalkanoate.,C8H14O2R,142.19556,8,0,0,0
drib_m,Deoxyribose C5H10O4,C5H10O4,134.1305,5,0,0,0
ferulcoa_m,Feruloyl-CoA,C31H40N7O19P3S,939.67109,31,7,1,3
vanln_m,Vanillin,C8H8O3,152.14732,8,0,0,0
galctr__D_m,D Galactarate C6H8O8,C6H8O8,208.12292,6,0,0,0
galctr__D_m,D Galactarate C6H8O8,C6H8O8,208.12292,6,0,0,0
gdbtal_m,4-Guanidinobutanal,C5H12N3O,130.16828,5,3,0,0
gg4abut_m,Gamma-glutamyl-gamma aminobutyric acid,C9H15O5N2,231.2258,9,2,0,0
ggbutal_m,Gamma-glutamyl-gamma-butyraldehyde,C9H16O4N2,216.23434,9,2,0,0
ggptrc_m,Gamma-glutamyl-putrescine,C9H20O3N3,218.2734,9,3,0,0
hkndd_m,"2-Hydroxy-6-oxonona-2,4-diene-1,9-dioate",C9H8O6,212.15622,9,0,0,0
malt_m,Maltose,C12H22O11,342.29648,12,0,0,0
pnto__R_m,(R)-Pantothenate,C9H15NO5,217.2191,9,1,0,0
T4hcinnm_m,Trans 4 Hydroxycinnamate C9H7O3,C9H7O3,163.15008,9,0,0,0
T4hcinnm_m,Trans 4 Hydroxycinnamate C9H7O3,C9H7O3,163.15008,9,0,0,0
ura_m,Uracil,C4H4N2O2,112.08676,4,2,0,0
ura_m,Uracil,C4H4N2O2,112.08676,4,2,0,0
14glucan_m,"1,4-alpha-D-glucan",C36H62O31,990.85888,36,0,0,0
butpi_m,Butanoyl phosphate,C4H7O5P,166.06914,4,0,0,1
bz_m,Benzoate,C7H5O2,121.1134,7,0,0,0
gal_bD_m,Beta D-Galactose,C6H12O6,180.15588,6,0,0,0
gal_bD_m,Beta D-Galactose,C6H12O6,180.15588,6,0,0,0
galct__D_m,D-Galactarate,C6H8O8,208.12292,6,0,0,0
galctn__L_m,L-Galactonate,C6H11O7,195.14734,6,0,0,0
galctn__L_m,L-Galactonate,C6H11O7,195.14734,6,0,0,0
galctn__L_m,L-Galactonate,C6H11O7,195.14734,6,0,0,0
galct__D_m,D-Galactarate,C6H8O8,208.12292,6,0,0,0
pppn_m,Phenylpropanoate,C9H9O2,149.16656,9,0,0,0
pppn_m,Phenylpropanoate,C9H9O2,149.16656,9,0,0,0
pppn_m,Phenylpropanoate,C9H9O2,149.16656,9,0,0,0
3hpp_m,3-Hydroxypropanoate,C3H5O3,89.07,3,0,0,0
3hpp_m,3-Hydroxypropanoate,C3H5O3,89.07,3,0,0,0
3hpp_m,3-Hydroxypropanoate,C3H5O3,89.07,3,0,0,0
arbt6p_m,Arbutin 6-phosphate,C12H15O10P,350.21526,12,0,0,1
hqn_m,Hydroquinone,C6H6O2,110.11064,6,0,0,0
ins_m,Inosine,C10H12N4O5,268.22608,10,4,0,0
arbt_m,Arbutin,C12H16O7,272.25124,12,0,0,0
gbbtn_m,Gamma-butyrobetaine,C7H15NO2,145.1995,7,1,0,0
12dgr_EC_m,"1,2-Diacylglycerol  (E.coli)",C1836H3448O250,29526.87232,1836,0,0,0
dgsn_m,Deoxyguanosine,C10H13N5O4,267.24132,10,5,0,0
gsn_m,Guanosine,C10H12N5O5,282.23278,10,5,0,0
hqn_m,Hydroquinone,C6H6O2,110.11064,6,0,0,0
salchs1_m,Salmochelin-S1,C26H30N2O16,626.5202,26,2,0,0
salchsx_m,Salmochelin-SX,C16H21NO11,403.33804,16,1,0,0
salchs2fe_m,Salmochelin-S2-Fe-III,C42FeH49N3O26,1067.68796,42,3,0,0
salchs2fe_m,Salmochelin-S2-Fe-III,C42FeH49N3O26,1067.68796,42,3,0,0
salchs2fe_m,Salmochelin-S2-Fe-III,C42FeH49N3O26,1067.68796,42,3,0,0
salchs2_m,Salmochelin-S2,C42H49N3O26,1011.84296,42,3,0,0
salchsx_m,Salmochelin-SX,C16H21NO11,403.33804,16,1,0,0
salchsx_m,Salmochelin-SX,C16H21NO11,403.33804,16,1,0,0
campp_m,"3',5'-cyclic adenosine monophosphate-2'-phosphate",C10H11N5O9P2,407.16996,10,5,0,2
2obut_m,2-Oxobutanoate,C4H5O3,101.0807,4,0,0,0
2obut_m,2-Oxobutanoate,C4H5O3,101.0807,4,0,0,0
ala_B_m,Beta-Alanine,C3H7NO2,89.09318,3,1,0,0
mnl_m,D-Mannitol,C6H14O6,182.17176,6,0,0,0
pacald_m,Phenylacetaldehyde,C8H8O,120.14852,8,0,0,0
pacald_m,Phenylacetaldehyde,C8H8O,120.14852,8,0,0,0
rnam_m,N Ribosylnicotinamide C11H15N2O5,C11H14N2O5,254.23926,11,2,0,0
tton_m,Trithionate,H2O6S3,194.20728,0,0,3,0
tton_m,Trithionate,H2O6S3,194.20728,0,0,3,0
crncoa_m,L-Carnitinyl-CoA,C28H46N8O18P3S,907.69393,28,8,1,3
ctbtcoa_m,Crotonobetainyl-CoA,C28H44N8O17P3S,889.67865,28,8,1,3
ctbt_m,Crotonobetaine,C7H13NO2,143.18362,7,1,0,0
decdp_tb_m,"(E,E,E,E,E,E,E,Z,Z) Decaprenyl diphosphate",C50H81O7P2,856.12146,50,0,0,2
23ddhb_m,"2,3-Dihydro-2,3-dihydroxybenzoate",C7H7O4,155.12808,7,0,0,0
mcbtt_m,Mycobactin T,C43H71N5O10,818.05134,43,5,0,0
fmcbtt_m,Iron(II) mycobactin T,C43H71N5O10Fe,873.89634,43,5,0,0
guln__L_m,L-gulonate,C6H11O7,195.14734,6,0,0,0
guln__L_m,L-gulonate,C6H11O7,195.14734,6,0,0,0
guln__L_m,L-gulonate,C6H11O7,195.14734,6,0,0,0
murein5p5p_m,"Two linked disacharide pentapeptide murein units (uncrosslinked, middle of chain)",C80H124N16O42,1981.92256,80,16,0,0
murein5px4p_m,"Two disacharide linked murein units, pentapeptide crosslinked tetrapeptide (A2pm->D-ala) (middle of chain)",C77H117N15O40,1892.82938,77,15,0,0
murein5px4px4p_m,Three disacharide linked murein units (pentapeptide crosslinked tetrapeptide (A2pm->D-ala) tetrapeptide corsslinked tetrapeptide (A2pm->D-ala)) (middle of chain),C114H172N22O59,2794.69748,114,22,0,0
murein4px4p_m,"Two disacharide linked murein units, tetrapeptide corsslinked tetrapeptide (A2pm->D-ala) (middle of chain)",C74H112N14O39,1821.75148,74,14,0,0
murein4px4px4p_m,Three disacharide linked murein units (tetrapeptide crosslinked tetrapeptide (A2pm->D-ala) & tetrapeptide corsslinked tetrapeptide (A2pm->D-ala)) (middle of chain),C111H167N21O58,2723.61958,111,21,0,0
murein5p4p_m,"Two linked disacharide pentapeptide and tetrapeptide murein units (uncrosslinked, middle of chain)",C77H119N15O41,1910.84466,77,15,0,0
murein4p4p_m,"Two linked disacharide tetrapeptide murein units (uncrosslinked, middle of chain)",C74H114N14O40,1839.76676,74,14,0,0
murein4p3p_m,"Two linked disacharide tetrapeptide and tripeptide murein units (uncrosslinked, middle of chain)",C71H109N13O39,1768.68886,71,13,0,0
murein5p3p_m,"Two linked disacharide pentapeptide and tripeptide murein units (uncrosslinked, middle of chain)",C74H114N14O40,1839.76676,74,14,0,0
r15bp_m,"D-Ribose 1,5-bisphosphate",C5H8O11P2,306.05794,5,0,0,2
vanln_m,Vanillin,C8H8O3,152.14732,8,0,0,0
3dhgulnp_m,3-keto-L-gulonate-6-phosphate,C6H8O10P,271.09548,6,0,0,1
starch_m,Starch C12H20O10,C12H20O10,324.2812,12,0,0,0
adocbi_m,Adenosyl cobinamide,C58H84CoN16O11,1240.32136,58,16,0,0
adocbl_m,Adenosylcobalamin,C72CoH100N18O17P,1579.58176,72,18,0,1
ascb6p_m,L-ascorbate-6-phosphate,C6H7O9P,254.08814,6,0,0,1
ascb__L_m,L-Ascorbate,C6H7O6,175.11618,6,0,0,0
ascb__L_m,L-Ascorbate,C6H7O6,175.11618,6,0,0,0
madg_m,Alpha Methyl D glucoside C7H14O6,C7H14O6,194.18246,7,0,0,0
mbdg_m,Beta Methylglucoside C7H14O6,C7H14O6,194.18246,7,0,0,0
cbi_m,Cobinamide,C48H72CoN11O8,990.08737,48,11,0,0
cbl1_m,Cob(I)alamin,C62H88CoN13O14P,1329.34778,62,13,0,1
23dhbzs2_m,2-3-dihydroxybenzoylserine dimer,C20H20N2O11,464.3796,20,2,0,0
23dhbzs3_m,2-3-dihydroxybenzoylserine trimer,C30H28N3O16,686.55382,30,3,0,0
phdca_m,Phenol palmitic acid,C23H37O3,361.53808,23,0,0,0
phdcacoa_m,Phenol palmitic coenzyme A,C44H68N7O18P3S,1108.03311,44,7,1,3
man6pglyc_m,2(alpha-D-Mannosyl-6-phosphate)-D-glycerate,C9H14O12P,345.17402,9,0,0,1
manglyc_m,2(alpha-D-Mannosyl)-D-glycerate,C9H15O9,267.21,9,0,0,0
manglyc_m,2(alpha-D-Mannosyl)-D-glycerate,C9H15O9,267.21,9,0,0,0
phdca_m,Phenol palmitic acid,C23H37O3,361.53808,23,0,0,0
26dapime_m,N6 Acetyl LL 2 6 diaminopimelate C9H15N2O5,C9H15N2O5,231.2258,9,2,0,0
acamoxm_m,N Acetyl L 2 amino 6 oxopimelate C9H11NO6,C9H11NO6,229.18674,9,1,0,0
cfesp_m,Corrinoid Iron sulfur protein,C19CoN4R21,343.1633,19,4,0,0
mecfsp_m,Methylcorrinoid iron sulfur protein,C20H3CoN4R21,358.19781,20,4,0,0
ibt_m,Isobutyrate,C4H7O2,87.09718,4,0,0,0
fald_m,Formaldehyde,CH2O,30.02598,1,0,0,0
fald_m,Formaldehyde,CH2O,30.02598,1,0,0,0
glcur1p_m,D-Glucuronate 1-phosphate,C6H8O10P,271.09548,6,0,0,1
glcur1p_m,D-Glucuronate 1-phosphate,C6H8O10P,271.09548,6,0,0,1
ibt_m,Isobutyrate,C4H7O2,87.09718,4,0,0,0
4hbutcoa_m,4-Hydroxybutanoyl-CoA,C25H38N7O18P3S,849.59161,25,7,1,3
vaccoa_m,Vinylacetyl-CoA,C25H36N7O17P3S,831.57633,25,7,1,3
phe__L_m,L-Phenylalanine,C9H11NO2,165.18914,9,1,0,0
pnto__R_m,(R)-Pantothenate,C9H15NO5,217.2191,9,1,0,0
26dap__M_m,"Meso-2,6-Diaminoheptanedioate",C7H14N2O4,190.19706,7,2,0,0
h2o_m,H2O,H2O,18.01528,0,0,0,0
h_m,H+,H,1.00794,0,0,0,0
o2_m,O2,O2,31.9988,0,0,0,0
pqh2_m,Plastoquinol,C53H82O2,751.21698,53,0,0,0
pq_m,Plastoquinone,C53H80O2,749.2011,53,0,0,0
pcox_m,Plastocyanin(Cu2+),R,0.0,0,0,0,0
pcrd_m,Plastocyanin(Cu+),RH2,2.01588,0,0,0,0
ficytc6_m,Ferricytochrome c6,R,0.0,0,0,0,0
focytc6_m,Ferrocytochrome c6,RH2,2.01588,0,0,0,0
g3pg_m,Glycerophosphoglycerol,C6H14O8P,245.14432,6,0,0,1
mocogdp_m,Molybdopterin guanine dinucleotide,C20H22N10O15P2S2Mo,864.4842,20,10,2,2
photon_m,Photon,,0.0,0,0,0,0
photon_m,Photon,,0.0,0,0,0,0
photon_m,Photon,,0.0,0,0,0,0
indole_m,Indole,C8H7N,117.14788,8,1,0,0
pa_Hp_m,Phosphatidic acid Hp specific,C36H67O8P,658.88614,36,0,0,1
cdpdag_HP_m,CDP-Diacylglycerol Hp specific,C45H79N3O15P2,964.06738,45,3,0,2
1agpe181_m,1-Acyl-sn-glycero-3-phosphoethanolamine (n-C18:1),C23H46NO7P,479.5876,23,1,0,1
trp__L_m,L-Tryptophan,C11H12N2O2,204.22518,11,2,0,0
bzalc_m,Benzyl alcohol,C7H8O,108.13782,7,0,0,0
bzalc_m,Benzyl alcohol,C7H8O,108.13782,7,0,0,0
cspmd_m,Carboxyspermidine,C8H21N3O2,191.27124,8,3,0,0
ragund_m,Rhamanosyl-N-acetylglucosamyl-undecaprenyl diphosphate,C69H113N1O16P2,1274.58014,69,1,0,2
udpgalfur_m,"UDP-D-galacto-1,4-furanose",C15H22N2O17P2,564.2859,15,2,0,2
o16a4colipa_m,(O16 antigen)x4 core oligosaccharide lipid A,C312H523N6O200P4,7682.30627,312,6,0,4
o16a4colipa_m,(O16 antigen)x4 core oligosaccharide lipid A,C312H523N6O200P4,7682.30627,312,6,0,4
o16a4und_m,(O16 antigen)x4 undecaprenyl diphosphate,C191H310N4O107P2,4436.41522,191,4,0,2
o16a2und_m,(O16 antigen)x2 undecaprenyl diphosphate,C123H200N2O57P2,2680.83082,123,2,0,2
o16aund_m,O16 antigen undecaprenyl diphosphate,C89H145N1O32P2,1803.03862,89,1,0,2
o16a3und_m,(O16 antigen)x3 undecaprenyl diphosphate,C157H255N3O82P2,3558.62302,157,3,0,2
aragund_m,O-acetyl-rhamanosyl-N-acetylglucosamyl-undecaprenyl diphosphate,C71H115N1O17P2,1316.61682,71,1,0,2
o16aund_m,O16 antigen undecaprenyl diphosphate,C89H145N1O32P2,1803.03862,89,1,0,2
garagund_m,Glucosyl-O-acetyl-rhamanosyl-N-acetylglucosamyl-undecaprenyl diphosphate,C77H125N1O22P2,1478.75742,77,1,0,2
gfgaragund_m,Galactofuranosyl-glucosyl-O-acetyl-rhamanosyl-N-acetylglucosamyl-undecaprenyl diphosphate,C83H135N1O27P2,1640.89802,83,1,0,2
pullulan1200_m,"Pullulan (n=1200 repeat units, alpha-1,4 and alph-1,6 bounds)",C7200H12002O6001,194586.73528,7200,0,0,0
succ_m,Succinate,C4H4O4,116.07216,4,0,0,0
fum_m,Fumarate,C4H2O4,114.05628,4,0,0,0
glu__D_m,D-Glutamate,C5H8NO4,146.12132,5,1,0,0
mal__L_m,L-Malate,C4H4O5,132.07156,4,0,0,0
ad_m,Acetamide,C2H5NO,59.0672,2,1,0,0
ad_m,Acetamide,C2H5NO,59.0672,2,1,0,0
acgam1p_m,N-Acetyl-D-glucosamine 1-phosphate,C8H14NO9P,299.17182,8,1,0,1
uacgam_m,UDP-N-acetyl-D-glucosamine,C17H25N3O17P2,605.33782,17,3,0,2
uacgam_m,UDP-N-acetyl-D-glucosamine,C17H25N3O17P2,605.33782,17,3,0,2
ser__D_m,D-Serine,C3H7NO3,105.09258,3,1,0,0
malttr_m,Maltotriose,C18H32O16,504.43708,18,0,0,0
quin_m,Quinate,C7H12O6,192.16658,7,0,0,0
orn__L_m,L Ornithine C5H13N2O2,C5H13N2O2,133.16892,5,2,0,0
phe__L_m,L-Phenylalanine,C9H11NO2,165.18914,9,1,0,0
trp__L_m,L-Tryptophan,C11H12N2O2,204.22518,11,2,0,0
tyr__L_m,L-Tyrosine,C9H11NO3,181.18854,9,1,0,0
acser_m,O-Acetyl-L-serine,C5H9NO4,147.12926,5,1,0,0
acser_m,O-Acetyl-L-serine,C5H9NO4,147.12926,5,1,0,0
msh_m,Mycothiol (reduced),C17H30N2O12S,486.4913,17,2,1,0
etha_m,Ethanolamine,C2H8NO,62.09102,2,1,0,0
fcl__L_m,L-fuculose,C6H12O5,164.15648,6,0,0,0
fc1p_m,L-Fuculose 1-phosphate,C6H11O8P,242.1205,6,0,0,1
mssg_m,Mycothiol (oxidized - dimer),C34H58N4O24S2,970.96672,34,4,2,0
1agpe160_m,1-Acyl-sn-glycero-3-phosphoethanolamine (n-C16:0),C21H44NO7P,453.55032,21,1,0,1
arbt_m,Arbutin,C12H16O7,272.25124,12,0,0,0
fecrm_m,Ferrichrome,C27H42FeN9O12,740.52048,27,9,0,0
fecrm_m,Ferrichrome,C27H42FeN9O12,740.52048,27,9,0,0
fecrm_m,Ferrichrome,C27H42FeN9O12,740.52048,27,9,0,0
fecrm_un_m,Ferrichrome minus Fe(III),C27H42N9O12,684.67548,27,9,0,0
fecrm_un_m,Ferrichrome minus Fe(III),C27H42N9O12,684.67548,27,9,0,0
fecrm_un_m,Ferrichrome minus Fe(III),C27H42N9O12,684.67548,27,9,0,0
mnl_m,D-Mannitol,C6H14O6,182.17176,6,0,0,0
csn_m,Cytosine,C4H5N3O,111.102,4,3,0,0
3httdca_m,3-hydroxy tetradecanoate (n-C14:0),C14H27O3,243.36238,14,0,0,0
gm1lipb_m,"4-Amino-4-deoxy-L-arabinose modified core oligosaccharide lipid B (G. metallireducens, variant 1)",C128H227N3O63P2,2878.1018,128,3,0,2
kdo2lipid4b_m,KDO(2)-lipid IV(B),C70H122N2O35P2,1613.6576,70,2,0,2
lipb_m,KDO(2)-lipid (B),C96H170N2O37P2,2006.31572,96,2,0,2
xan_m,Xanthine,C5H4N4O2,152.11086,5,4,0,0
23camp_m,"2',3'-Cyclic AMP",C10H11N5O6P,328.198,10,5,0,1
23camp_m,"2',3'-Cyclic AMP",C10H11N5O6P,328.198,10,5,0,1
23ccmp_m,"2',3'-Cyclic CMP",C9H11N3O7P,304.1733,9,3,0,1
23ccmp_m,"2',3'-Cyclic CMP",C9H11N3O7P,304.1733,9,3,0,1
23cgmp_m,"2',3'-Cyclic GMP",C10H11N5O7P,344.1974,10,5,0,1
23cgmp_m,"2',3'-Cyclic GMP",C10H11N5O7P,344.1974,10,5,0,1
23cump_m,"2',3'-Cyclic UMP",C9H10N2O8P,305.15806,9,2,0,1
23cump_m,"2',3'-Cyclic UMP",C9H10N2O8P,305.15806,9,2,0,1
3ump_m,3'-UMP,C9H11N2O9P,322.1654,9,2,0,1
3cmp_m,3'-cmp,C9H12N3O8P,321.18064,9,3,0,1
3amp_m,3'-AMP,C10H12N5O7P,345.20534,10,5,0,1
3gmp_m,3'-GMP,C10H12N5O8P,361.20474,10,5,0,1
din_m,Deoxyinosine,C10H12N4O4,252.22668,10,4,0,0
dimp_m,DIMP,C10H12N4O7P,331.19864,10,4,0,1
dimp_m,DIMP,C10H12N4O7P,331.19864,10,4,0,1
din_m,Deoxyinosine,C10H12N4O4,252.22668,10,4,0,0
dump_m,DUMP,C9H11N2O8P,306.166,9,2,0,1
dump_m,DUMP,C9H11N2O8P,306.166,9,2,0,1
duri_m,Deoxyuridine,C9H12N2O5,228.20198,9,2,0,0
glcr_m,D-Glucarate,C6H8O8,208.12292,6,0,0,0
man6p_m,D-Mannose 6-phosphate,C6H11O9P,258.1199,6,0,0,1
udpgal_m,UDPgalactose,C15H22N2O17P2,564.2859,15,2,0,2
udpgal_m,UDPgalactose,C15H22N2O17P2,564.2859,15,2,0,2
frulysp_m,Fructoselysine Phosphate,C12H24N2O10P,387.30012,12,2,0,1
frulys_m,Fructoselysine,C12H25N2O7,309.3361,12,2,0,0
frulys_m,Fructoselysine,C12H25N2O7,309.3361,12,2,0,0
frulys_m,Fructoselysine,C12H25N2O7,309.3361,12,2,0,0
quin_m,Quinate,C7H11O6,191.15864,7,0,0,0
quin_m,Quinate,C7H11O6,191.15864,7,0,0,0
vanln_m,Vanillin,C8H8O3,152.14732,8,0,0,0
murein5p5p5p_m,"Three linked disacharide pentapeptide murein units (uncrosslinked, middle of chain)",C120H186N24O63,2972.88384,120,24,0,0
6pgc_m,6-Phospho-D-gluconate,C6H10O10P,273.11136,6,0,0,1
dms_m,Dimethyl sulfide,C2H6S,62.13404,2,0,1,0
dmso_m,Dimethyl sulfoxide,C2H6OS,78.13344,2,0,1,0
tma_m,Trimethylamine,C3H10N,60.1182,3,1,0,0
tmao_m,Trimethylamine N-oxide,C3H9NO,75.10966,3,1,0,0
tyrp_m,Phosphotyrosine,C9H10NO6P,259.15256,9,1,0,1
tyrp_m,Phosphotyrosine,C9H10NO6P,259.15256,9,1,0,1
cechddd_m,"Cis-3-(3-carboxyethyl)-3,5-cyclohexadiene-1,2-diol",C9H11O4,183.18124,9,0,0,0
dhptd_m,"4,5-dihydroxy-2,3-pentanedione",C5H8O4,132.11462,5,0,0,0
hmfurn_m,4-hydroxy-5-methyl-3(2H)-furanone,C5H6O3,114.09934,5,0,0,0
mdhdhf_m,"(2R,4S)-2-methyl-2,4-dihydroxydihydrofuran-3-one",C5H8O4,132.11462,5,0,0,0
maltpt_m,Maltopentaose,C30H52O26,828.71828,30,0,0,0
maltttr_m,Maltotetraose,C24H42O21,666.57768,24,0,0,0
mththf_m,"(2R,4S)-2-methyl-2,3,3,4-tetrahydroxytetrahydrofuran",C5H10O5,150.1299,5,0,0,0
btd_RR_m, R R  2 3 Butanediol C4H10O2,C4H10O2,90.121,4,0,0,0
fruur_m,D-Fructuronate,C6H9O7,193.13146,6,0,0,0
fruur_m,D-Fructuronate,C6H9O7,193.13146,6,0,0,0
agdpgpi_m,N-Acetyl-D-glucosaminyl archaetidylinositol,C57H111N1O16P1,1097.4621,57,1,0,1
dpgpi_m,"2,3-O-phytanyl-sn-glycero-1-phospho-myo-inositol",C49H98O11P1,894.26958,49,0,0,1
gdpgpi_m,Glucosaminyl archaetidyl-myo-inositol,C55H110N1O15P1,1056.43336,55,1,0,1
dpgps_m,"2,3-O-phytanyl-sn-glycero-1-phosphoserine",C46H93N1O8P1,819.20628,46,1,0,1
dpgpe_m,"2,3-O-phytanyl-sn-glycero-1-phosphoethanolamine",C45H94O6N1P1,776.20472,45,1,0,1
dggpg_m,"2,3-di-O-geranyl-sn-glycerol-1-phospho-3'-sn-glycerol",C46H78O8P1,790.08048,46,0,0,1
dpgpg_m,"2,3-di-O-phytanyl-sn-glycerol-1-phospho-3'-sn-glycerol",C46H94O8P1,806.20752,46,0,0,1
dggpi_m,"2,3-di-O-geranyl-sn-glycero-1-phospho-myo-inositol",C49H82O11P1,878.14254,49,0,0,1
dgggps_m,"2,3-di-O-geranylgeranyl-sn-glyceroserine",C46H77N1O8P1,803.07924,46,1,0,1
glyc1p_m,Glycerol 1-phosphate,C3H7O6P,170.05784,3,0,0,1
cdgggp_m,"CDP-2,3-digeranylgeranyl-sn-glycerol",C52H83N3O13P2,1020.17524,52,3,0,2
dggpgp_m,"2,3-di-O-geranyl-sn-glycerol-1-phospho-3'-sn-glycerol phosphate",C46H77O11P2,868.0445,46,0,0,2
3hcdgggp_m,CDP-2-O-(3'-hydroxy)geranyl-3-O-geranyl-sn-glycerol,C52H85N3O14P2,1038.19052,52,3,0,2
3hdggpgp_m,2-O-(3'-hydroxy)geranyl-3-O-geranyl-sn-glycerol-1-phospho-3'-sn-glycerol phosphate,C46H79O12P2,886.05978,46,0,0,2
dgggp_m,Digeranylgeranylglyceryl phosphate,C43H71O6P1,714.994,43,0,0,1
3hdgggp_m,2-O-(3'-hydroxy)geranyl-3-O-geranyl-sn-glycerol,C43H73O7P1,733.00928,43,0,0,1
3hdgggps_m,2-O-(3'-hydroxy)geranyl-3-O-geranyl-sn-glyceroserine,C46H79N1O9P1,821.09452,46,1,0,1
3hdggpi_m,2-O-(3'hydroxy)geranyl-3-O-geranyl-sn-glycero-1-phospho-myo-inositol,C49H84O12P1,896.15782,49,0,0,1
f420_2_m,Coenzyme ferredoxin 420-2 (oxidized),C29H32O18N5P1,769.56084,29,5,0,1
ggdp_m,Geranylgeranyl diphosphate C20H33O7P2,C20H33O7P2,447.41934,20,0,0,2
gggp_m,(S)-3-O-geranylgeranylglyceryl phosphate,C23H39O6P1,442.52592,23,0,0,1
3hggdp_m,3-hydroxy-geranylgeranyl diphosphate,C20H35O8P2,465.43462,20,0,0,2
3hdggpg_m,2-O-(3'-hydroxy)geranyl-3-O-geranyl-sn-glycerol-1-phospho-3'-sn-glycerol,C46H80O9P1,808.09576,46,0,0,1
f420_2h2_m,Coenzyme ferredoxin 420-2 (reduced),C29H34O18N5P1,771.57672,29,5,0,1
3hgrdp_m,3-hydroxy-geranyl diphsophate,C10H19O8P2,329.20058,10,0,0,2
m3hdp_m,Methyl-3-hydroxyl diphosphate,C5H11O8P2,261.08356,5,0,0,2
f6p_m,D-Fructose 6-phosphate,C6H11O9P,258.1199,6,0,0,1
3hfrdp_m,3-hydroxy-farnesyl diphosphate,C15H27O8P2,397.3176,15,0,0,2
gam6p_m,D-Glucosamine 6-phosphate,C6H13NO8P,258.14308,6,1,0,1
3hdpgps_m,2-O-(3'-hydroxy)phytanyl-3-O-phytanyl-sn-glycero-l-phosphoserine,C46H93N1O9P1,835.20568,46,1,0,1
3hdpgpe_m,2-O-(3'-hydroxy)phytanyl-3-O-phytanyl-sn-glycero-l-phosphoethanolamine,C45H94O7N1P1,792.20412,45,1,0,1
3hdpgpg_m,2-O-(3'-hydroxy)phytanyl-3-O-phytanyl-sn-glycerol-1-phospho-3'-sn-glycerol,C46H94O9P1,822.20692,46,0,0,1
3hdpgpi_m,2-O-(3'-hydroxyl)phytanyl-3-O-phytanyl-sn-glycero-1-phospho-myo-inositol,C49H98O12P1,910.26898,49,0,0,1
orot_m,Orotate,C5H3N2O4,155.08832,5,2,0,0
phenol_m,Phenol,C6H6O,94.11124,6,0,0,0
cyst__L_m,L-Cystathionine,C7H14N2O4S,222.26206,7,2,1,0
phenol_m,Phenol,C6H6O,94.11124,6,0,0,0
phenol_m,Phenol,C6H6O,94.11124,6,0,0,0
pphos_m,Phenylphosphate,C6H5O4P,172.07526,6,0,0,1
apoACP_m,Apoprotein [acyl carrier protein],C373H583N94O136S2,8624.29832,373,94,2,0
murein5px3p_m,"Two disacharide linked murein units, pentapeptide corsslinked tripeptide (A2pm->A2pm) (middle of chain)",C74H112N14O39,1821.75148,74,14,0,0
fer_m,Ferulate,C10H9O4,193.17606,10,0,0,0
fer_m,Ferulate,C10H9O4,193.17606,10,0,0,0
1agpe161_m,1-Acyl-sn-glycero-3-phosphoethanolamine (n-C16:1),C21H42NO7P,451.53444,21,1,0,1
tag1p__D_m,D-Tagatose-1-phosphate,C6H11O9P,258.1199,6,0,0,1
ppoh_m,1-Propanol,C3H8O,60.09502,3,0,0,0
ppoh_m,1-Propanol,C3H8O,60.09502,3,0,0,0
tag__D_m,D-Tagatose,C6H12O6,180.15588,6,0,0,0
tag__D_m,D-Tagatose,C6H12O6,180.15588,6,0,0,0
23dpg_m,2 3 Disphospho D glycerate C3H3O10P2,C3H3O10P2,260.99744,3,0,0,2
f390a_m,Coenzyme F390 (adenosine),C39H43N10O24P2,1097.75884,39,10,0,2
f390g_m,Coenzyme F390 (guanosine),C39H43N10O25P2,1113.75824,39,10,0,2
gcald_m,Glycolaldehyde,C2H4O2,60.05196,2,0,0,0
3spyr_m,3spyr c,C3H2O6S,166.10938,3,0,1,0
sl__L_m,Sl  L c,C3H4O6S,168.12526,3,0,1,0
slp__L_m,L-sulfolactyl phosphate,C3H3O9PS,246.08928,3,0,1,1
4abut_m,4-Aminobutanoate,C4H9NO2,103.11976,4,1,0,0
cell4_m,Cellulose (n=4 repeating units),C24H42O21,666.57768,24,0,0,0
udpg_m,UDPglucose,C15H22N2O17P2,564.2859,15,2,0,2
udpg_m,UDPglucose,C15H22N2O17P2,564.2859,15,2,0,2
feroxEfe_m,Ferrioxamine-E-fe,C27H45FeN6O9,653.526,27,6,0,0
feroxEfe_m,Ferrioxamine-E-fe,C27H45FeN6O9,653.526,27,6,0,0
feroxE_m,Ferrioxamine-E,C27H45N6O9,597.681,27,6,0,0
feroxEfe_m,Ferrioxamine-E-fe,C27H45FeN6O9,653.526,27,6,0,0
feroxE_m,Ferrioxamine-E,C27H45N6O9,597.681,27,6,0,0
feroxE_m,Ferrioxamine-E,C27H45N6O9,597.681,27,6,0,0
acald_m,Acetaldehyde,C2H4O,44.05256,2,0,0,0
galctn__D_m,D-Galactonate,C6H11O7,195.14734,6,0,0,0
ppal_m,Propanal,C3H6O,58.07914,3,0,0,0
ppal_m,Propanal,C3H6O,58.07914,3,0,0,0
mma_m,Mma c,C1H6N,32.06504,1,1,0,0
ch4_m,Methane,CH4,16.04246,1,0,0,0
ch4_m,Methane,CH4,16.04246,1,0,0,0
dma_m,Dimethylamine,C2H8N,46.09162,2,1,0,0
cob_m,Coenzyme b,C11H19N1O7P1S1,340.30982,11,1,1,1
com_m,Coenzyme m,C2H5O3S2,141.1893,2,0,2,0
mcom_m,Methylcoenzyme m,C3O3S2H7,155.21588,3,0,2,0
mphen_m,Methanophenazine (oxidized),C37N2O1H50,538.8057,37,2,0,0
mphenh2_m,Methanophenazine (reduced),C37N2O1H52,540.82158,37,2,0,0
hsfd_m,Heterodisulfide,C13H22N1O10P1S3,479.48324,13,1,3,1
ind3ac_m,Indole 3 acetate C10H8NO2,C10H8NO2,174.17602,10,1,0,0
tma_m,Trimethylamine,C3H10N,60.1182,3,1,0,0
6hnac_m,6-Hydroxynicotinate,C6H4NO3,138.10086,6,1,0,0
dhpyr_m,"2,5-Dihydroxypyridine",C5H5NO2,111.0987,5,1,0,0
male_m,Maleate,C4H2O4,114.05628,4,0,0,0
malm_m,Maleamate,C4H4NO3,114.07946,4,1,0,0
nfmalm_m,N-Formyl maleamic acid,C5H4NO4,142.08956,5,1,0,0
g6p_m,D-Glucose 6-phosphate,C6H11O9P,258.1199,6,0,0,1
3mbzald_m,3-Methylbenzaldehyde,C8H8O,120.14852,8,0,0,0
3mbzalc_m,3-methylbenzyl alcohol,C8H10O,122.1644,8,0,0,0
m_tol_m,M-toluate,C8H7O2,135.13998,8,0,0,0
cchoxod_m,"2-Hydroxy-6-keto-2,4-heptadienoate",C7H7O4,155.12808,7,0,0,0
3mcat_m,3-Methylcatechol,C7H8O2,124.13722,7,0,0,0
dh3mchc_m,"1,2-Dihydroxy-3-methylcyclohexa-3,5-dienecarboxylate",C8H9O4,169.15466,8,0,0,0
m_xyl_m,M-Xylene,C8H10,106.165,8,0,0,0
m_xyl_m,M-Xylene,C8H10,106.165,8,0,0,0
m_xyl_m,M-Xylene,C8H10,106.165,8,0,0,0
mal__D_m,D-Malate,C4H4O5,132.07156,4,0,0,0
srb__L_m,L Sorbose C6H12O6,C6H12O6,180.15588,6,0,0,0
srb__L_m,L Sorbose C6H12O6,C6H12O6,180.15588,6,0,0,0
psclys_m,Psicoselysine,C12H25N2O7,309.3361,12,2,0,0
galct__D_m,D-Galactarate,C6H8O8,208.12292,6,0,0,0
glyc__R_m,(R)-Glycerate,C3H5O4,105.0694,3,0,0,0
psclys_m,Psicoselysine,C12H25N2O7,309.3361,12,2,0,0
psclys_m,Psicoselysine,C12H25N2O7,309.3361,12,2,0,0
orot_m,Orotate,C5H3N2O4,155.08832,5,2,0,0
h2co3_m,Carbonic acid,H2CO3,62.02478,1,0,0,0
tartr__L_m,L-tartrate,C4H4O6,148.07096,4,0,0,0
motre_m,Maltooligosyltrehalose,C42H72O36,1152.99948,42,0,0,0
rmn_m,L-Rhamnose,C6H12O5,164.15648,6,0,0,0
ncam_m,Nicotinamide,C6H6N2O,122.12464,6,2,0,0
thrp_m,L-Threonine O-3-phosphate,C4H8NO6P,197.08318,4,1,0,1
r5p_m,Alpha-D-Ribose 5-phosphate,C5H9O8P,228.09392,5,0,0,1
r5p_m,Alpha-D-Ribose 5-phosphate,C5H9O8P,228.09392,5,0,0,1
thrp_m,L-Threonine O-3-phosphate,C4H8NO6P,197.08318,4,1,0,1
34dhpac_m,"3,4-Dihydroxyphenylacetaldehyde",C8H8O3,152.14732,8,0,0,0
34dhpac_m,"3,4-Dihydroxyphenylacetaldehyde",C8H8O3,152.14732,8,0,0,0
h2o2_m,Hydrogen peroxide,H2O2,34.01468,0,0,0,0
dopa_m,Dopamine,C8H12NO2,154.18638,8,1,0,0
4hoxpacd_m,4-Hydroxyphenylacetaldehyde,C8H8O2,136.14792,8,0,0,0
4hoxpacd_m,4-Hydroxyphenylacetaldehyde,C8H8O2,136.14792,8,0,0,0
dopa_m,Dopamine,C8H12NO2,154.18638,8,1,0,0
peamn_m,Phenethylamine,C8H12N,122.18758,8,1,0,0
peamn_m,Phenethylamine,C8H12N,122.18758,8,1,0,0
tym_m,Tyramine,C8H12NO,138.18698,8,1,0,0
tym_m,Tyramine,C8H12NO,138.18698,8,1,0,0
arbtn_fe3_m,Aerobactin,C22H33FeN4O13,617.36142,22,4,0,0
arbtn_fe3_m,Aerobactin,C22H33FeN4O13,617.36142,22,4,0,0
arbtn_m,Aerobactin minus Fe3,C22H33N4O13,561.51642,22,4,0,0
arbtn_fe3_m,Aerobactin,C22H33FeN4O13,617.36142,22,4,0,0
arbtn_m,Aerobactin minus Fe3,C22H33N4O13,561.51642,22,4,0,0
arbtn_m,Aerobactin minus Fe3,C22H33N4O13,561.51642,22,4,0,0
lipoamp_m,Lipoyl-AMP,C18H25N5O8PS2,534.52356,18,5,2,1
lipoate_m,Lipoate,C8H13O2S2,205.31762,8,0,2,0
lipoate_m,Lipoate,C8H13O2S2,205.31762,8,0,2,0
lipoate_m,Lipoate,C8H13O2S2,205.31762,8,0,2,0
cpgn_m,Coprogen,C35H52N6O13Fe,820.66478,35,6,0,0
cpgn_m,Coprogen,C35H52N6O13Fe,820.66478,35,6,0,0
cpgn_m,Coprogen,C35H52N6O13Fe,820.66478,35,6,0,0
cpgn_un_m,Coprogen unloaded (no Fe(III)),C35H52N6O13,764.81978,35,6,0,0
cpgn_un_m,Coprogen unloaded (no Fe(III)),C35H52N6O13,764.81978,35,6,0,0
cpgn_un_m,Coprogen unloaded (no Fe(III)),C35H52N6O13,764.81978,35,6,0,0
sbt__D_m,D-Sorbitol,C6H14O6,182.17176,6,0,0,0
feroxBfe_m,Ferrioxamine-B-fe,C25H45FeN6O8,613.5052,25,6,0,0
feroxBfe_m,Ferrioxamine-B-fe,C25H45FeN6O8,613.5052,25,6,0,0
feroxB_m,Ferrioxamine-B,C25H45N6O8,557.6602,25,6,0,0
feroxBfe_m,Ferrioxamine-B-fe,C25H45FeN6O8,613.5052,25,6,0,0
feroxB_m,Ferrioxamine-B,C25H45N6O8,557.6602,25,6,0,0
feroxB_m,Ferrioxamine-B,C25H45N6O8,557.6602,25,6,0,0
ppt_m,Phosphonate,HO3P,79.9799,0,0,0,1
ppt_m,Phosphonate,HO3P,79.9799,0,0,0,1
12d3k5m_m,1 2 dihydroxy 3 keto 5 methylthiopentene C6H8O3S,C6H8O3S,160.19092,6,0,1,0
2h3k5m_m,2 hydroxy 3 keto 5 methylthiopentenyl 1 phosphate C6H8O6PS,C6H8O6PS,239.16288,6,0,1,1
