gene_id,expression,sample_id,mag_id
MAG140_MAG140_MAG140_100_1,0.0,EX01,MAG140
MAG140_MAG140_MAG140_100_2,4.083973812,EX01,MAG140
MAG140_MAG140_MAG140_100_3,2.70354847,EX01,MAG140
MAG140_MAG140_MAG140_100_4,17.1239766,EX01,MAG140
MAG140_MAG140_MAG140_100_5,158.359968,EX01,MAG140
MAG140_MAG140_MAG140_100_6,0.0,EX01,MAG140
MAG140_MAG140_MAG140_100_7,0.0,EX01,MAG140
MAG140_MAG140_MAG140_100_8,22.54066291,EX01,MAG140
MAG140_MAG140_MAG140_101_1,0.0,EX01,MAG140
MAG140_MAG140_MAG140_101_10,5.609499912,EX01,MAG140
MAG140_MAG140_MAG140_101_11,4.58946799,EX01,MAG140
MAG140_MAG140_MAG140_101_12,0.0,EX01,MAG140
MAG140_MAG140_MAG140_101_2,0.0,EX01,MAG140
MAG140_MAG140_MAG140_101_3,0.0,EX01,MAG140
MAG140_MAG140_MAG140_101_4,0.0,EX01,MAG140
MAG140_MAG140_MAG140_101_5,0.0,EX01,MAG140
MAG140_MAG140_MAG140_101_6,12.0458781,EX01,MAG140
MAG140_MAG140_MAG140_101_7,0.0,EX01,MAG140
MAG140_MAG140_MAG140_101_8,14.13672785,EX01,MAG140
MAG140_MAG140_MAG140_101_9,0.0,EX01,MAG140
MAG140_MAG140_MAG140_102_1,5.747473169,EX01,MAG140
MAG140_MAG140_MAG140_102_10,0.0,EX01,MAG140
MAG140_MAG140_MAG140_102_2,0.0,EX01,MAG140
MAG140_MAG140_MAG140_102_3,0.0,EX01,MAG140
MAG140_MAG140_MAG140_102_4,0.0,EX01,MAG140
MAG140_MAG140_MAG140_102_5,0.0,EX01,MAG140
MAG140_MAG140_MAG140_102_6,0.0,EX01,MAG140
MAG140_MAG140_MAG140_102_7,1.148605342,EX01,MAG140
MAG140_MAG140_MAG140_102_8,0.0,EX01,MAG140
MAG140_MAG140_MAG140_102_9,0.0,EX01,MAG140
MAG140_MAG140_MAG140_103_1,5.915835841,EX01,MAG140
MAG140_MAG140_MAG140_103_10,2.804971605,EX01,MAG140
MAG140_MAG140_MAG140_103_11,2.264613842,EX01,MAG140
MAG140_MAG140_MAG140_103_12,14.53644233,EX01,MAG140
MAG140_MAG140_MAG140_103_13,9.837999555,EX01,MAG140
MAG140_MAG140_MAG140_103_2,4.457968468,EX01,MAG140
MAG140_MAG140_MAG140_103_3,0.0,EX01,MAG140
MAG140_MAG140_MAG140_103_4,0.0,EX01,MAG140
MAG140_MAG140_MAG140_103_5,5.436741018,EX01,MAG140
MAG140_MAG140_MAG140_103_6,0.0,EX01,MAG140
MAG140_MAG140_MAG140_103_7,1.26111213,EX01,MAG140
MAG140_MAG140_MAG140_103_8,0.0,EX01,MAG140
MAG140_MAG140_MAG140_103_9,4.995851266,EX01,MAG140
MAG140_MAG140_MAG140_104_1,0.0,EX01,MAG140
MAG140_MAG140_MAG140_104_10,6.495182904,EX01,MAG140
MAG140_MAG140_MAG140_104_11,10.13780577,EX01,MAG140
MAG140_MAG140_MAG140_104_12,0.0,EX01,MAG140
MAG140_MAG140_MAG140_104_13,5.993007042,EX01,MAG140
MAG140_MAG140_MAG140_104_14,0.788395356,EX01,MAG140
MAG140_MAG140_MAG140_104_15,17.78316424,EX01,MAG140
MAG140_MAG140_MAG140_104_16,0.0,EX01,MAG140
MAG140_MAG140_MAG140_104_17,274.1080349,EX01,MAG140
MAG140_MAG140_MAG140_104_18,66.32958586,EX01,MAG140
MAG140_MAG140_MAG140_104_19,37.91848366,EX01,MAG140
MAG140_MAG140_MAG140_104_2,1.463971608,EX01,MAG140
MAG140_MAG140_MAG140_104_20,19.36381865,EX01,MAG140
MAG140_MAG140_MAG140_104_21,38.52893512,EX01,MAG140
MAG140_MAG140_MAG140_104_22,54.21798907,EX01,MAG140
MAG140_MAG140_MAG140_104_23,63.9450303,EX01,MAG140
MAG140_MAG140_MAG140_104_24,0.0,EX01,MAG140
MAG140_MAG140_MAG140_104_25,0.0,EX01,MAG140
MAG140_MAG140_MAG140_104_26,20.76273675,EX01,MAG140
MAG140_MAG140_MAG140_104_27,0.0,EX01,MAG140
MAG140_MAG140_MAG140_104_28,120.9854045,EX01,MAG140
MAG140_MAG140_MAG140_104_29,0.0,EX01,MAG140
MAG140_MAG140_MAG140_104_3,0.0,EX01,MAG140
MAG140_MAG140_MAG140_104_30,0.0,EX01,MAG140
MAG140_MAG140_MAG140_104_31,7.608991256,EX01,MAG140
MAG140_MAG140_MAG140_104_32,6.461494608,EX01,MAG140
MAG140_MAG140_MAG140_104_33,0.0,EX01,MAG140
MAG140_MAG140_MAG140_104_34,9.177015728,EX01,MAG140
MAG140_MAG140_MAG140_104_4,2.719090795,EX01,MAG140
MAG140_MAG140_MAG140_104_5,5.161876967,EX01,MAG140
MAG140_MAG140_MAG140_104_6,1.318617847,EX01,MAG140
MAG140_MAG140_MAG140_104_7,0.0,EX01,MAG140
MAG140_MAG140_MAG140_104_8,2.447554278,EX01,MAG140
MAG140_MAG140_MAG140_104_9,3.261597385,EX01,MAG140
MAG140_MAG140_MAG140_105_1,0.0,EX01,MAG140
MAG140_MAG140_MAG140_105_2,0.0,EX01,MAG140
MAG140_MAG140_MAG140_105_3,8.033237482,EX01,MAG140
MAG140_MAG140_MAG140_105_4,6.543949986,EX01,MAG140
MAG140_MAG140_MAG140_105_5,1.08763297,EX01,MAG140
MAG140_MAG140_MAG140_105_6,2.019506908,EX01,MAG140
MAG140_MAG140_MAG140_105_7,3.686103682,EX01,MAG140
MAG140_MAG140_MAG140_106_1,0.0,EX01,MAG140
MAG140_MAG140_MAG140_106_10,0.0,EX01,MAG140
MAG140_MAG140_MAG140_106_11,0.0,EX01,MAG140
MAG140_MAG140_MAG140_106_12,1.302640126,EX01,MAG140
MAG140_MAG140_MAG140_106_13,0.0,EX01,MAG140
MAG140_MAG140_MAG140_106_14,17.71724463,EX01,MAG140
MAG140_MAG140_MAG140_106_15,108.7611153,EX01,MAG140
MAG140_MAG140_MAG140_106_16,10.25682603,EX01,MAG140
MAG140_MAG140_MAG140_106_17,25.29376325,EX01,MAG140
MAG140_MAG140_MAG140_106_18,0.0,EX01,MAG140
MAG140_MAG140_MAG140_106_19,0.0,EX01,MAG140
MAG140_MAG140_MAG140_106_2,1.378558159,EX01,MAG140
MAG140_MAG140_MAG140_106_3,7.805069121,EX01,MAG140
MAG140_MAG140_MAG140_106_4,7.491219764,EX01,MAG140
MAG140_MAG140_MAG140_106_5,2.35886643,EX01,MAG140
MAG140_MAG140_MAG140_106_6,86.31959357,EX01,MAG140
MAG140_MAG140_MAG140_106_7,0.0,EX01,MAG140
MAG140_MAG140_MAG140_106_8,0.0,EX01,MAG140
MAG140_MAG140_MAG140_106_9,0.0,EX01,MAG140
MAG140_MAG140_MAG140_107_1,3.178203785,EX01,MAG140
MAG140_MAG140_MAG140_108_1,2.923710451,EX01,MAG140
MAG140_MAG140_MAG140_108_10,0.0,EX01,MAG140
MAG140_MAG140_MAG140_108_11,2.989662642,EX01,MAG140
MAG140_MAG140_MAG140_108_12,0.0,EX01,MAG140
MAG140_MAG140_MAG140_108_2,10.1112478,EX01,MAG140
MAG140_MAG140_MAG140_108_3,0.0,EX01,MAG140
MAG140_MAG140_MAG140_108_4,8.961350262,EX01,MAG140
MAG140_MAG140_MAG140_108_5,9.273442693,EX01,MAG140
MAG140_MAG140_MAG140_108_6,0.0,EX01,MAG140
MAG140_MAG140_MAG140_108_7,0.0,EX01,MAG140
MAG140_MAG140_MAG140_108_8,2.358127376,EX01,MAG140
MAG140_MAG140_MAG140_108_9,0.899600631,EX01,MAG140
MAG140_MAG140_MAG140_109_1,0.0,EX01,MAG140
MAG140_MAG140_MAG140_109_10,12.02693779,EX01,MAG140
MAG140_MAG140_MAG140_109_11,0.0,EX01,MAG140
MAG140_MAG140_MAG140_109_12,5.077106005,EX01,MAG140
MAG140_MAG140_MAG140_109_13,5.628355111,EX01,MAG140
MAG140_MAG140_MAG140_109_14,13.43549122,EX01,MAG140
MAG140_MAG140_MAG140_109_15,0.0,EX01,MAG140
MAG140_MAG140_MAG140_109_16,0.0,EX01,MAG140
MAG140_MAG140_MAG140_109_17,0.0,EX01,MAG140
MAG140_MAG140_MAG140_109_18,0.0,EX01,MAG140
MAG140_MAG140_MAG140_109_19,16.2931769,EX01,MAG140
MAG140_MAG140_MAG140_109_2,0.0,EX01,MAG140
MAG140_MAG140_MAG140_109_20,0.0,EX01,MAG140
MAG140_MAG140_MAG140_109_21,0.0,EX01,MAG140
MAG140_MAG140_MAG140_109_22,0.0,EX01,MAG140
MAG140_MAG140_MAG140_109_23,0.0,EX01,MAG140
MAG140_MAG140_MAG140_109_24,9.984048938,EX01,MAG140
MAG140_MAG140_MAG140_109_25,4.567090789,EX01,MAG140
MAG140_MAG140_MAG140_109_26,7.318119617,EX01,MAG140
MAG140_MAG140_MAG140_109_27,7.580241965,EX01,MAG140
MAG140_MAG140_MAG140_109_28,10.83755654,EX01,MAG140
MAG140_MAG140_MAG140_109_29,29.15956706,EX01,MAG140
MAG140_MAG140_MAG140_109_3,4.265814433,EX01,MAG140
MAG140_MAG140_MAG140_109_30,11.88306334,EX01,MAG140
MAG140_MAG140_MAG140_109_31,267.7670265,EX01,MAG140
MAG140_MAG140_MAG140_109_32,0.0,EX01,MAG140
MAG140_MAG140_MAG140_109_33,0.0,EX01,MAG140
MAG140_MAG140_MAG140_109_34,0.0,EX01,MAG140
MAG140_MAG140_MAG140_109_35,10.74103723,EX01,MAG140
MAG140_MAG140_MAG140_109_36,10.52452067,EX01,MAG140
MAG140_MAG140_MAG140_109_37,25.26039816,EX01,MAG140
MAG140_MAG140_MAG140_109_38,6.403135208,EX01,MAG140
MAG140_MAG140_MAG140_109_39,1.941922965,EX01,MAG140
MAG140_MAG140_MAG140_109_4,1.366902549,EX01,MAG140
MAG140_MAG140_MAG140_109_40,54.33854509,EX01,MAG140
MAG140_MAG140_MAG140_109_41,38.92698322,EX01,MAG140
MAG140_MAG140_MAG140_109_42,11.41077305,EX01,MAG140
MAG140_MAG140_MAG140_109_43,4.834342639,EX01,MAG140
MAG140_MAG140_MAG140_109_44,2.386714003,EX01,MAG140
MAG140_MAG140_MAG140_109_45,0.0,EX01,MAG140
MAG140_MAG140_MAG140_109_46,11.28224012,EX01,MAG140
MAG140_MAG140_MAG140_109_47,1.401354376,EX01,MAG140
MAG140_MAG140_MAG140_109_48,0.374580587,EX01,MAG140
MAG140_MAG140_MAG140_109_49,0.363229661,EX01,MAG140
MAG140_MAG140_MAG140_109_5,5.537884674,EX01,MAG140
MAG140_MAG140_MAG140_109_50,0.0,EX01,MAG140
MAG140_MAG140_MAG140_109_51,4.838860362,EX01,MAG140
MAG140_MAG140_MAG140_109_52,0.0,EX01,MAG140
MAG140_MAG140_MAG140_109_53,0.0,EX01,MAG140
MAG140_MAG140_MAG140_109_54,0.0,EX01,MAG140
MAG140_MAG140_MAG140_109_55,4.191806162,EX01,MAG140
MAG140_MAG140_MAG140_109_56,0.0,EX01,MAG140
MAG140_MAG140_MAG140_109_57,0.0,EX01,MAG140
MAG140_MAG140_MAG140_109_58,2.497113943,EX01,MAG140
MAG140_MAG140_MAG140_109_59,0.388359366,EX01,MAG140
MAG140_MAG140_MAG140_109_6,4.282904987,EX01,MAG140
MAG140_MAG140_MAG140_109_60,0.321713396,EX01,MAG140
MAG140_MAG140_MAG140_109_61,2.118654774,EX01,MAG140
MAG140_MAG140_MAG140_109_62,1.396777853,EX01,MAG140
MAG140_MAG140_MAG140_109_63,0.987775137,EX01,MAG140
MAG140_MAG140_MAG140_109_64,9.228129192,EX01,MAG140
MAG140_MAG140_MAG140_109_65,14.09642633,EX01,MAG140
MAG140_MAG140_MAG140_109_66,1.196230807,EX01,MAG140
MAG140_MAG140_MAG140_109_67,0.0,EX01,MAG140
MAG140_MAG140_MAG140_109_68,15.38353572,EX01,MAG140
MAG140_MAG140_MAG140_109_69,0.0,EX01,MAG140
MAG140_MAG140_MAG140_109_7,9.400675778,EX01,MAG140
MAG140_MAG140_MAG140_109_70,0.0,EX01,MAG140
MAG140_MAG140_MAG140_109_71,45.72619795,EX01,MAG140
MAG140_MAG140_MAG140_109_72,5.648944635,EX01,MAG140
MAG140_MAG140_MAG140_109_73,0.0,EX01,MAG140
MAG140_MAG140_MAG140_109_74,39.0211389,EX01,MAG140
MAG140_MAG140_MAG140_109_75,90.78078116,EX01,MAG140
MAG140_MAG140_MAG140_109_8,0.0,EX01,MAG140
MAG140_MAG140_MAG140_109_9,0.0,EX01,MAG140
MAG140_MAG140_MAG140_10_1,0.0,EX01,MAG140
MAG140_MAG140_MAG140_10_10,0.0,EX01,MAG140
MAG140_MAG140_MAG140_10_11,5.702943096,EX01,MAG140
MAG140_MAG140_MAG140_10_12,7.913809482,EX01,MAG140
MAG140_MAG140_MAG140_10_13,0.0,EX01,MAG140
MAG140_MAG140_MAG140_10_14,0.0,EX01,MAG140
MAG140_MAG140_MAG140_10_15,90.49046163,EX01,MAG140
MAG140_MAG140_MAG140_10_16,11.31804305,EX01,MAG140
MAG140_MAG140_MAG140_10_17,0.0,EX01,MAG140
MAG140_MAG140_MAG140_10_18,3.557241249,EX01,MAG140
MAG140_MAG140_MAG140_10_19,0.0,EX01,MAG140
MAG140_MAG140_MAG140_10_2,0.0,EX01,MAG140
MAG140_MAG140_MAG140_10_20,0.0,EX01,MAG140
MAG140_MAG140_MAG140_10_21,0.0,EX01,MAG140
MAG140_MAG140_MAG140_10_22,0.0,EX01,MAG140
MAG140_MAG140_MAG140_10_23,0.0,EX01,MAG140
MAG140_MAG140_MAG140_10_24,1.826404478,EX01,MAG140
MAG140_MAG140_MAG140_10_25,5.448777888,EX01,MAG140
MAG140_MAG140_MAG140_10_26,4.446749665,EX01,MAG140
MAG140_MAG140_MAG140_10_27,2.011664215,EX01,MAG140
MAG140_MAG140_MAG140_10_28,0.811258337,EX01,MAG140
MAG140_MAG140_MAG140_10_29,1.434029845,EX01,MAG140
MAG140_MAG140_MAG140_10_3,4.142154237,EX01,MAG140
MAG140_MAG140_MAG140_10_30,1.0055352,EX01,MAG140
MAG140_MAG140_MAG140_10_31,0.0,EX01,MAG140
MAG140_MAG140_MAG140_10_32,16.8769026,EX01,MAG140
MAG140_MAG140_MAG140_10_33,4.588608996,EX01,MAG140
MAG140_MAG140_MAG140_10_34,11.59081404,EX01,MAG140
MAG140_MAG140_MAG140_10_35,0.0,EX01,MAG140
MAG140_MAG140_MAG140_10_36,6.319917839,EX01,MAG140
MAG140_MAG140_MAG140_10_37,4.03863968,EX01,MAG140
MAG140_MAG140_MAG140_10_38,0.0,EX01,MAG140
MAG140_MAG140_MAG140_10_39,4.439168477,EX01,MAG140
MAG140_MAG140_MAG140_10_4,1.180373019,EX01,MAG140
MAG140_MAG140_MAG140_10_40,0.0,EX01,MAG140
MAG140_MAG140_MAG140_10_41,4.819632342,EX01,MAG140
MAG140_MAG140_MAG140_10_42,0.0,EX01,MAG140
MAG140_MAG140_MAG140_10_43,0.0,EX01,MAG140
MAG140_MAG140_MAG140_10_44,7.749372075,EX01,MAG140
MAG140_MAG140_MAG140_10_45,3.77080148,EX01,MAG140
MAG140_MAG140_MAG140_10_46,8.71820708,EX01,MAG140
MAG140_MAG140_MAG140_10_47,5.86513169,EX01,MAG140
MAG140_MAG140_MAG140_10_48,0.0,EX01,MAG140
MAG140_MAG140_MAG140_10_49,13.42880248,EX01,MAG140
MAG140_MAG140_MAG140_10_5,0.0,EX01,MAG140
MAG140_MAG140_MAG140_10_50,0.0,EX01,MAG140
MAG140_MAG140_MAG140_10_51,2.29848896,EX01,MAG140
MAG140_MAG140_MAG140_10_6,0.0,EX01,MAG140
MAG140_MAG140_MAG140_10_7,14.93592983,EX01,MAG140
MAG140_MAG140_MAG140_10_8,22.63604863,EX01,MAG140
MAG140_MAG140_MAG140_10_9,17.70113567,EX01,MAG140
MAG140_MAG140_MAG140_110_1,3.887300437,EX01,MAG140
MAG140_MAG140_MAG140_110_2,5.917553006,EX01,MAG140
MAG140_MAG140_MAG140_110_3,9.477796688,EX01,MAG140
MAG140_MAG140_MAG140_110_4,7.891035765,EX01,MAG140
MAG140_MAG140_MAG140_110_5,0.0,EX01,MAG140
MAG140_MAG140_MAG140_110_6,10.66602532,EX01,MAG140
MAG140_MAG140_MAG140_110_7,0.0,EX01,MAG140
MAG140_MAG140_MAG140_110_8,0.0,EX01,MAG140
MAG140_MAG140_MAG140_111_1,6.483388559,EX01,MAG140
MAG140_MAG140_MAG140_111_10,0.0,EX01,MAG140
MAG140_MAG140_MAG140_111_100,6.36283009,EX01,MAG140
MAG140_MAG140_MAG140_111_11,1.340202994,EX01,MAG140
MAG140_MAG140_MAG140_111_12,0.0,EX01,MAG140
MAG140_MAG140_MAG140_111_13,1.385766637,EX01,MAG140
MAG140_MAG140_MAG140_111_14,1.054226473,EX01,MAG140
MAG140_MAG140_MAG140_111_15,0.175867276,EX01,MAG140
MAG140_MAG140_MAG140_111_16,0.959826395,EX01,MAG140
MAG140_MAG140_MAG140_111_17,0.0,EX01,MAG140
MAG140_MAG140_MAG140_111_18,0.0,EX01,MAG140
MAG140_MAG140_MAG140_111_19,12.48132648,EX01,MAG140
MAG140_MAG140_MAG140_111_2,31.80216488,EX01,MAG140
MAG140_MAG140_MAG140_111_20,0.0,EX01,MAG140
MAG140_MAG140_MAG140_111_21,23.58209869,EX01,MAG140
MAG140_MAG140_MAG140_111_22,0.0,EX01,MAG140
MAG140_MAG140_MAG140_111_23,0.30869137,EX01,MAG140
MAG140_MAG140_MAG140_111_24,1.456534377,EX01,MAG140
MAG140_MAG140_MAG140_111_25,1.262421875,EX01,MAG140
MAG140_MAG140_MAG140_111_26,16.50068404,EX01,MAG140
MAG140_MAG140_MAG140_111_27,0.0,EX01,MAG140
MAG140_MAG140_MAG140_111_28,0.0,EX01,MAG140
MAG140_MAG140_MAG140_111_29,0.0,EX01,MAG140
MAG140_MAG140_MAG140_111_3,0.0,EX01,MAG140
MAG140_MAG140_MAG140_111_30,0.0,EX01,MAG140
MAG140_MAG140_MAG140_111_31,5.455448021,EX01,MAG140
MAG140_MAG140_MAG140_111_32,3.98958652,EX01,MAG140
MAG140_MAG140_MAG140_111_33,2.500059619,EX01,MAG140
MAG140_MAG140_MAG140_111_34,12.33167274,EX01,MAG140
MAG140_MAG140_MAG140_111_35,13.36664526,EX01,MAG140
MAG140_MAG140_MAG140_111_36,0.880612324,EX01,MAG140
MAG140_MAG140_MAG140_111_37,0.0,EX01,MAG140
MAG140_MAG140_MAG140_111_38,0.0,EX01,MAG140
MAG140_MAG140_MAG140_111_39,6.197092207,EX01,MAG140
MAG140_MAG140_MAG140_111_4,2.195436618,EX01,MAG140
MAG140_MAG140_MAG140_111_40,2.310633153,EX01,MAG140
MAG140_MAG140_MAG140_111_41,3.578215885,EX01,MAG140
MAG140_MAG140_MAG140_111_42,2.806904546,EX01,MAG140
MAG140_MAG140_MAG140_111_43,1.58804709,EX01,MAG140
MAG140_MAG140_MAG140_111_44,2.863620066,EX01,MAG140
MAG140_MAG140_MAG140_111_45,4.786186517,EX01,MAG140
MAG140_MAG140_MAG140_111_46,2.806914848,EX01,MAG140
MAG140_MAG140_MAG140_111_47,43.81523218,EX01,MAG140
MAG140_MAG140_MAG140_111_48,27.33796506,EX01,MAG140
MAG140_MAG140_MAG140_111_49,29.0080684,EX01,MAG140
MAG140_MAG140_MAG140_111_5,0.0,EX01,MAG140
MAG140_MAG140_MAG140_111_50,0.0,EX01,MAG140
MAG140_MAG140_MAG140_111_51,8.080056108,EX01,MAG140
MAG140_MAG140_MAG140_111_52,20.81428767,EX01,MAG140
MAG140_MAG140_MAG140_111_53,6.667195275,EX01,MAG140
MAG140_MAG140_MAG140_111_54,0.0,EX01,MAG140
MAG140_MAG140_MAG140_111_55,1.819853853,EX01,MAG140
MAG140_MAG140_MAG140_111_56,3.133030508,EX01,MAG140
MAG140_MAG140_MAG140_111_57,4.060078414,EX01,MAG140
MAG140_MAG140_MAG140_111_58,0.0,EX01,MAG140
MAG140_MAG140_MAG140_111_59,4.878224186,EX01,MAG140
MAG140_MAG140_MAG140_111_6,1.190214659,EX01,MAG140
MAG140_MAG140_MAG140_111_60,0.0,EX01,MAG140
MAG140_MAG140_MAG140_111_61,39.71386783,EX01,MAG140
MAG140_MAG140_MAG140_111_62,2.495972772,EX01,MAG140
MAG140_MAG140_MAG140_111_63,0.0,EX01,MAG140
MAG140_MAG140_MAG140_111_64,0.0,EX01,MAG140
MAG140_MAG140_MAG140_111_65,4.266559901,EX01,MAG140
MAG140_MAG140_MAG140_111_66,17.32230172,EX01,MAG140
MAG140_MAG140_MAG140_111_67,8.934999821,EX01,MAG140
MAG140_MAG140_MAG140_111_68,0.0,EX01,MAG140
MAG140_MAG140_MAG140_111_69,10.89441462,EX01,MAG140
MAG140_MAG140_MAG140_111_7,0.630719963,EX01,MAG140
MAG140_MAG140_MAG140_111_70,0.732205785,EX01,MAG140
MAG140_MAG140_MAG140_111_71,0.0,EX01,MAG140
MAG140_MAG140_MAG140_111_72,11.4789845,EX01,MAG140
MAG140_MAG140_MAG140_111_73,10.53397114,EX01,MAG140
MAG140_MAG140_MAG140_111_74,0.0,EX01,MAG140
MAG140_MAG140_MAG140_111_75,7.554093527,EX01,MAG140
MAG140_MAG140_MAG140_111_76,0.0,EX01,MAG140
MAG140_MAG140_MAG140_111_77,18.82055126,EX01,MAG140
MAG140_MAG140_MAG140_111_78,0.0,EX01,MAG140
MAG140_MAG140_MAG140_111_79,18.92469608,EX01,MAG140
MAG140_MAG140_MAG140_111_8,0.469361356,EX01,MAG140
MAG140_MAG140_MAG140_111_80,2.067743361,EX01,MAG140
MAG140_MAG140_MAG140_111_81,1.999320647,EX01,MAG140
MAG140_MAG140_MAG140_111_82,12.8463323,EX01,MAG140
MAG140_MAG140_MAG140_111_83,15.07217346,EX01,MAG140
MAG140_MAG140_MAG140_111_84,2.965978161,EX01,MAG140
MAG140_MAG140_MAG140_111_85,0.0,EX01,MAG140
MAG140_MAG140_MAG140_111_86,5.84852061,EX01,MAG140
MAG140_MAG140_MAG140_111_87,0.0,EX01,MAG140
MAG140_MAG140_MAG140_111_88,3.428091658,EX01,MAG140
MAG140_MAG140_MAG140_111_89,2.388972705,EX01,MAG140
MAG140_MAG140_MAG140_111_9,1.202175994,EX01,MAG140
MAG140_MAG140_MAG140_111_90,37.38452658,EX01,MAG140
MAG140_MAG140_MAG140_111_91,1.435340042,EX01,MAG140
MAG140_MAG140_MAG140_111_92,9.95191031,EX01,MAG140
MAG140_MAG140_MAG140_111_93,0.0,EX01,MAG140
MAG140_MAG140_MAG140_111_94,0.0,EX01,MAG140
MAG140_MAG140_MAG140_111_95,18.50680154,EX01,MAG140
MAG140_MAG140_MAG140_111_96,2.712986632,EX01,MAG140
MAG140_MAG140_MAG140_111_97,0.0,EX01,MAG140
MAG140_MAG140_MAG140_111_98,4.381582384,EX01,MAG140
MAG140_MAG140_MAG140_111_99,0.0,EX01,MAG140
MAG140_MAG140_MAG140_112_1,0.0,EX01,MAG140
MAG140_MAG140_MAG140_112_10,1.097258681,EX01,MAG140
MAG140_MAG140_MAG140_112_11,0.835036864,EX01,MAG140
MAG140_MAG140_MAG140_112_12,0.0,EX01,MAG140
MAG140_MAG140_MAG140_112_13,0.376411912,EX01,MAG140
MAG140_MAG140_MAG140_112_14,4.555959311,EX01,MAG140
MAG140_MAG140_MAG140_112_15,0.0,EX01,MAG140
MAG140_MAG140_MAG140_112_16,1.904711374,EX01,MAG140
MAG140_MAG140_MAG140_112_17,0.511444125,EX01,MAG140
MAG140_MAG140_MAG140_112_18,0.0,EX01,MAG140
MAG140_MAG140_MAG140_112_19,1.772504707,EX01,MAG140
MAG140_MAG140_MAG140_112_2,0.0,EX01,MAG140
MAG140_MAG140_MAG140_112_20,69.47861683,EX01,MAG140
MAG140_MAG140_MAG140_112_21,3.288659056,EX01,MAG140
MAG140_MAG140_MAG140_112_22,9.499081623,EX01,MAG140
MAG140_MAG140_MAG140_112_23,0.0,EX01,MAG140
MAG140_MAG140_MAG140_112_24,0.0,EX01,MAG140
MAG140_MAG140_MAG140_112_3,0.0,EX01,MAG140
MAG140_MAG140_MAG140_112_4,1.233267211,EX01,MAG140
MAG140_MAG140_MAG140_112_5,0.0,EX01,MAG140
MAG140_MAG140_MAG140_112_6,0.0,EX01,MAG140
MAG140_MAG140_MAG140_112_7,0.638684931,EX01,MAG140
MAG140_MAG140_MAG140_112_8,0.396790196,EX01,MAG140
MAG140_MAG140_MAG140_112_9,0.779446181,EX01,MAG140
MAG140_MAG140_MAG140_113_1,0.0,EX01,MAG140
MAG140_MAG140_MAG140_113_10,0.0,EX01,MAG140
MAG140_MAG140_MAG140_113_11,0.449792012,EX01,MAG140
MAG140_MAG140_MAG140_113_12,1.350171586,EX01,MAG140
MAG140_MAG140_MAG140_113_13,2.245091254,EX01,MAG140
MAG140_MAG140_MAG140_113_14,0.0,EX01,MAG140
MAG140_MAG140_MAG140_113_15,0.0,EX01,MAG140
MAG140_MAG140_MAG140_113_16,0.0,EX01,MAG140
MAG140_MAG140_MAG140_113_17,0.261857864,EX01,MAG140
MAG140_MAG140_MAG140_113_18,1.220857969,EX01,MAG140
MAG140_MAG140_MAG140_113_19,6.128509898,EX01,MAG140
MAG140_MAG140_MAG140_113_2,0.996978844,EX01,MAG140
MAG140_MAG140_MAG140_113_20,0.0,EX01,MAG140
MAG140_MAG140_MAG140_113_21,4.829715451,EX01,MAG140
MAG140_MAG140_MAG140_113_22,1.958505176,EX01,MAG140
MAG140_MAG140_MAG140_113_23,2.7393295,EX01,MAG140
MAG140_MAG140_MAG140_113_24,3.679105469,EX01,MAG140
MAG140_MAG140_MAG140_113_3,1.681425429,EX01,MAG140
MAG140_MAG140_MAG140_113_4,6.664240788,EX01,MAG140
MAG140_MAG140_MAG140_113_5,2.00606592,EX01,MAG140
MAG140_MAG140_MAG140_113_6,1.546587623,EX01,MAG140
MAG140_MAG140_MAG140_113_7,0.0,EX01,MAG140
MAG140_MAG140_MAG140_113_8,1.245831807,EX01,MAG140
MAG140_MAG140_MAG140_113_9,0.0,EX01,MAG140
MAG140_MAG140_MAG140_114_1,3.323454508,EX01,MAG140
MAG140_MAG140_MAG140_114_10,0.0,EX01,MAG140
MAG140_MAG140_MAG140_114_11,4.913614274,EX01,MAG140
MAG140_MAG140_MAG140_114_12,0.0,EX01,MAG140
MAG140_MAG140_MAG140_114_13,4.192700271,EX01,MAG140
MAG140_MAG140_MAG140_114_14,3.94544091,EX01,MAG140
MAG140_MAG140_MAG140_114_15,15.59270836,EX01,MAG140
MAG140_MAG140_MAG140_114_16,0.0,EX01,MAG140
MAG140_MAG140_MAG140_114_17,11.99789023,EX01,MAG140
MAG140_MAG140_MAG140_114_18,0.0,EX01,MAG140
MAG140_MAG140_MAG140_114_19,2.324337311,EX01,MAG140
MAG140_MAG140_MAG140_114_2,11.75095179,EX01,MAG140
MAG140_MAG140_MAG140_114_20,6.854111093,EX01,MAG140
MAG140_MAG140_MAG140_114_21,0.0,EX01,MAG140
MAG140_MAG140_MAG140_114_22,0.0,EX01,MAG140
MAG140_MAG140_MAG140_114_3,0.0,EX01,MAG140
MAG140_MAG140_MAG140_114_4,0.0,EX01,MAG140
MAG140_MAG140_MAG140_114_5,2.438556914,EX01,MAG140
MAG140_MAG140_MAG140_114_6,7.584381721,EX01,MAG140
MAG140_MAG140_MAG140_114_7,4.620754867,EX01,MAG140
MAG140_MAG140_MAG140_114_8,1.474277334,EX01,MAG140
MAG140_MAG140_MAG140_114_9,0.0,EX01,MAG140
MAG140_MAG140_MAG140_115_1,3.703738236,EX01,MAG140
MAG140_MAG140_MAG140_115_2,24.17270399,EX01,MAG140
MAG140_MAG140_MAG140_115_3,0.0,EX01,MAG140
MAG140_MAG140_MAG140_115_4,0.0,EX01,MAG140
MAG140_MAG140_MAG140_115_5,1.876428628,EX01,MAG140
MAG140_MAG140_MAG140_116_1,1.06894493,EX01,MAG140
MAG140_MAG140_MAG140_116_2,0.833436236,EX01,MAG140
MAG140_MAG140_MAG140_116_3,0.465905176,EX01,MAG140
MAG140_MAG140_MAG140_116_4,0.222540134,EX01,MAG140
MAG140_MAG140_MAG140_116_5,2.210646004,EX01,MAG140
MAG140_MAG140_MAG140_116_6,0.0,EX01,MAG140
MAG140_MAG140_MAG140_116_7,0.0,EX01,MAG140
MAG140_MAG140_MAG140_116_8,0.0,EX01,MAG140
MAG140_MAG140_MAG140_117_1,21.86482442,EX01,MAG140
MAG140_MAG140_MAG140_117_2,10.57949847,EX01,MAG140
MAG140_MAG140_MAG140_117_3,1.854271309,EX01,MAG140
MAG140_MAG140_MAG140_117_4,6.967117945,EX01,MAG140
MAG140_MAG140_MAG140_117_5,0.0,EX01,MAG140
MAG140_MAG140_MAG140_117_6,3.463802336,EX01,MAG140
MAG140_MAG140_MAG140_118_1,12.90142484,EX01,MAG140
MAG140_MAG140_MAG140_118_10,0.0,EX01,MAG140
MAG140_MAG140_MAG140_118_11,0.0,EX01,MAG140
MAG140_MAG140_MAG140_118_12,0.0,EX01,MAG140
MAG140_MAG140_MAG140_118_13,0.0,EX01,MAG140
MAG140_MAG140_MAG140_118_14,11.62983092,EX01,MAG140
MAG140_MAG140_MAG140_118_15,0.0,EX01,MAG140
MAG140_MAG140_MAG140_118_16,0.0,EX01,MAG140
MAG140_MAG140_MAG140_118_17,0.0,EX01,MAG140
MAG140_MAG140_MAG140_118_18,0.0,EX01,MAG140
MAG140_MAG140_MAG140_118_19,9.038873783,EX01,MAG140
MAG140_MAG140_MAG140_118_2,6.207944405,EX01,MAG140
MAG140_MAG140_MAG140_118_20,0.0,EX01,MAG140
MAG140_MAG140_MAG140_118_21,5.509766424,EX01,MAG140
MAG140_MAG140_MAG140_118_22,4.134979228,EX01,MAG140
MAG140_MAG140_MAG140_118_23,9.924846744,EX01,MAG140
MAG140_MAG140_MAG140_118_24,2.993201827,EX01,MAG140
MAG140_MAG140_MAG140_118_25,15.88110078,EX01,MAG140
MAG140_MAG140_MAG140_118_26,19.3585198,EX01,MAG140
MAG140_MAG140_MAG140_118_27,7.254702873,EX01,MAG140
MAG140_MAG140_MAG140_118_28,0.0,EX01,MAG140
MAG140_MAG140_MAG140_118_3,19.04465242,EX01,MAG140
MAG140_MAG140_MAG140_118_4,32.23322988,EX01,MAG140
MAG140_MAG140_MAG140_118_5,0.0,EX01,MAG140
MAG140_MAG140_MAG140_118_6,19.05733735,EX01,MAG140
MAG140_MAG140_MAG140_118_7,0.0,EX01,MAG140
MAG140_MAG140_MAG140_118_8,0.308611638,EX01,MAG140
MAG140_MAG140_MAG140_118_9,4.592129706,EX01,MAG140
MAG140_MAG140_MAG140_119_1,1.528466634,EX01,MAG140
MAG140_MAG140_MAG140_119_2,5.680902352,EX01,MAG140
MAG140_MAG140_MAG140_119_3,0.0,EX01,MAG140
MAG140_MAG140_MAG140_119_4,0.0,EX01,MAG140
MAG140_MAG140_MAG140_119_5,0.570134823,EX01,MAG140
MAG140_MAG140_MAG140_11_1,0.0,EX01,MAG140
MAG140_MAG140_MAG140_11_2,2.204737584,EX01,MAG140
MAG140_MAG140_MAG140_120_1,7.925223415,EX01,MAG140
MAG140_MAG140_MAG140_120_10,50.80562936,EX01,MAG140
MAG140_MAG140_MAG140_120_11,5.458194205,EX01,MAG140
MAG140_MAG140_MAG140_120_12,3.561035159,EX01,MAG140
MAG140_MAG140_MAG140_120_13,13.37304688,EX01,MAG140
MAG140_MAG140_MAG140_120_14,7.123537761,EX01,MAG140
MAG140_MAG140_MAG140_120_15,25.49050571,EX01,MAG140
MAG140_MAG140_MAG140_120_16,0.0,EX01,MAG140
MAG140_MAG140_MAG140_120_17,0.0,EX01,MAG140
MAG140_MAG140_MAG140_120_18,2.742377049,EX01,MAG140
MAG140_MAG140_MAG140_120_19,17.36796463,EX01,MAG140
MAG140_MAG140_MAG140_120_2,3.544532379,EX01,MAG140
MAG140_MAG140_MAG140_120_20,0.0,EX01,MAG140
MAG140_MAG140_MAG140_120_21,0.0,EX01,MAG140
MAG140_MAG140_MAG140_120_22,0.0,EX01,MAG140
MAG140_MAG140_MAG140_120_23,0.0,EX01,MAG140
MAG140_MAG140_MAG140_120_24,7.411371009,EX01,MAG140
MAG140_MAG140_MAG140_120_25,5.418217659,EX01,MAG140
MAG140_MAG140_MAG140_120_26,53.49496509,EX01,MAG140
MAG140_MAG140_MAG140_120_27,4.85398096,EX01,MAG140
MAG140_MAG140_MAG140_120_28,2.67095302,EX01,MAG140
MAG140_MAG140_MAG140_120_29,11.84084458,EX01,MAG140
MAG140_MAG140_MAG140_120_3,9.864582548,EX01,MAG140
MAG140_MAG140_MAG140_120_30,26.90845416,EX01,MAG140
MAG140_MAG140_MAG140_120_31,141.2400212,EX01,MAG140
MAG140_MAG140_MAG140_120_32,5.586444936,EX01,MAG140
MAG140_MAG140_MAG140_120_33,0.0,EX01,MAG140
MAG140_MAG140_MAG140_120_34,6.021997012,EX01,MAG140
MAG140_MAG140_MAG140_120_35,8.938548126,EX01,MAG140
MAG140_MAG140_MAG140_120_36,26.20357325,EX01,MAG140
MAG140_MAG140_MAG140_120_37,71.23544098,EX01,MAG140
MAG140_MAG140_MAG140_120_38,6.162712643,EX01,MAG140
MAG140_MAG140_MAG140_120_39,23.32656613,EX01,MAG140
MAG140_MAG140_MAG140_120_4,23.80116268,EX01,MAG140
MAG140_MAG140_MAG140_120_40,0.0,EX01,MAG140
MAG140_MAG140_MAG140_120_41,0.0,EX01,MAG140
MAG140_MAG140_MAG140_120_42,4.419013598,EX01,MAG140
MAG140_MAG140_MAG140_120_43,45.27500633,EX01,MAG140
MAG140_MAG140_MAG140_120_44,52.56754838,EX01,MAG140
MAG140_MAG140_MAG140_120_45,29.8654451,EX01,MAG140
MAG140_MAG140_MAG140_120_46,22.973554,EX01,MAG140
MAG140_MAG140_MAG140_120_47,54.61728102,EX01,MAG140
MAG140_MAG140_MAG140_120_48,0.0,EX01,MAG140
MAG140_MAG140_MAG140_120_49,3.39787071,EX01,MAG140
MAG140_MAG140_MAG140_120_5,6.632506897,EX01,MAG140
MAG140_MAG140_MAG140_120_50,1.325474143,EX01,MAG140
MAG140_MAG140_MAG140_120_51,13.84250681,EX01,MAG140
MAG140_MAG140_MAG140_120_52,1.87034952,EX01,MAG140
MAG140_MAG140_MAG140_120_53,8.00723801,EX01,MAG140
MAG140_MAG140_MAG140_120_54,17.17639516,EX01,MAG140
MAG140_MAG140_MAG140_120_55,0.0,EX01,MAG140
MAG140_MAG140_MAG140_120_56,0.0,EX01,MAG140
MAG140_MAG140_MAG140_120_57,1.68093229,EX01,MAG140
MAG140_MAG140_MAG140_120_6,7.370025715,EX01,MAG140
MAG140_MAG140_MAG140_120_7,19.33330943,EX01,MAG140
MAG140_MAG140_MAG140_120_8,7.609024157,EX01,MAG140
MAG140_MAG140_MAG140_120_9,0.0,EX01,MAG140
MAG140_MAG140_MAG140_121_1,0.0,EX01,MAG140
MAG140_MAG140_MAG140_121_10,17.38514488,EX01,MAG140
MAG140_MAG140_MAG140_121_11,8.147548567,EX01,MAG140
MAG140_MAG140_MAG140_121_12,5.486246106,EX01,MAG140
MAG140_MAG140_MAG140_121_13,0.0,EX01,MAG140
MAG140_MAG140_MAG140_121_14,3.223146209,EX01,MAG140
MAG140_MAG140_MAG140_121_15,0.924383064,EX01,MAG140
MAG140_MAG140_MAG140_121_16,0.0,EX01,MAG140
MAG140_MAG140_MAG140_121_17,0.0,EX01,MAG140
MAG140_MAG140_MAG140_121_18,0.812987714,EX01,MAG140
MAG140_MAG140_MAG140_121_19,0.0,EX01,MAG140
MAG140_MAG140_MAG140_121_2,0.0,EX01,MAG140
MAG140_MAG140_MAG140_121_3,0.0,EX01,MAG140
MAG140_MAG140_MAG140_121_4,0.0,EX01,MAG140
MAG140_MAG140_MAG140_121_5,1.547074342,EX01,MAG140
MAG140_MAG140_MAG140_121_6,2.523030301,EX01,MAG140
MAG140_MAG140_MAG140_121_7,9.404462315,EX01,MAG140
MAG140_MAG140_MAG140_121_8,31.14468816,EX01,MAG140
MAG140_MAG140_MAG140_121_9,0.0,EX01,MAG140
MAG140_MAG140_MAG140_122_1,1.055235413,EX01,MAG140
MAG140_MAG140_MAG140_122_10,0.0,EX01,MAG140
MAG140_MAG140_MAG140_122_11,0.0,EX01,MAG140
MAG140_MAG140_MAG140_122_12,0.0,EX01,MAG140
MAG140_MAG140_MAG140_122_13,1.041086182,EX01,MAG140
MAG140_MAG140_MAG140_122_14,0.0,EX01,MAG140
MAG140_MAG140_MAG140_122_15,1.279834052,EX01,MAG140
MAG140_MAG140_MAG140_122_16,0.049954911,EX01,MAG140
MAG140_MAG140_MAG140_122_17,0.320025269,EX01,MAG140
MAG140_MAG140_MAG140_122_18,0.114160334,EX01,MAG140
MAG140_MAG140_MAG140_122_19,0.104217397,EX01,MAG140
MAG140_MAG140_MAG140_122_2,0.40328701,EX01,MAG140
MAG140_MAG140_MAG140_122_20,0.0,EX01,MAG140
MAG140_MAG140_MAG140_122_21,0.0,EX01,MAG140
MAG140_MAG140_MAG140_122_22,26.25347294,EX01,MAG140
MAG140_MAG140_MAG140_122_23,2.81437412,EX01,MAG140
MAG140_MAG140_MAG140_122_3,0.0,EX01,MAG140
MAG140_MAG140_MAG140_122_4,0.0,EX01,MAG140
MAG140_MAG140_MAG140_122_5,0.527249786,EX01,MAG140
MAG140_MAG140_MAG140_122_6,2.964210819,EX01,MAG140
MAG140_MAG140_MAG140_122_7,0.00456813,EX01,MAG140
MAG140_MAG140_MAG140_122_8,0.039795551,EX01,MAG140
MAG140_MAG140_MAG140_122_9,0.032585827,EX01,MAG140
MAG140_MAG140_MAG140_123_1,0.0,EX01,MAG140
MAG140_MAG140_MAG140_123_10,17.16890189,EX01,MAG140
MAG140_MAG140_MAG140_123_11,35.76449505,EX01,MAG140
MAG140_MAG140_MAG140_123_12,0.0,EX01,MAG140
MAG140_MAG140_MAG140_123_13,1.601459045,EX01,MAG140
MAG140_MAG140_MAG140_123_14,2.890029229,EX01,MAG140
MAG140_MAG140_MAG140_123_15,2.053195892,EX01,MAG140
MAG140_MAG140_MAG140_123_16,15.48504294,EX01,MAG140
MAG140_MAG140_MAG140_123_17,2.395751736,EX01,MAG140
MAG140_MAG140_MAG140_123_2,0.0,EX01,MAG140
MAG140_MAG140_MAG140_123_3,0.0,EX01,MAG140
MAG140_MAG140_MAG140_123_4,1.706728787,EX01,MAG140
MAG140_MAG140_MAG140_123_5,2.755437422,EX01,MAG140
MAG140_MAG140_MAG140_123_6,19.04058385,EX01,MAG140
MAG140_MAG140_MAG140_123_7,3.66919036,EX01,MAG140
MAG140_MAG140_MAG140_123_8,38.97234411,EX01,MAG140
MAG140_MAG140_MAG140_123_9,0.0,EX01,MAG140
MAG140_MAG140_MAG140_124_1,152.2157796,EX01,MAG140
MAG140_MAG140_MAG140_124_2,106.1899839,EX01,MAG140
MAG140_MAG140_MAG140_124_3,50.01273188,EX01,MAG140
MAG140_MAG140_MAG140_124_4,50.27935309,EX01,MAG140
MAG140_MAG140_MAG140_124_5,0.0,EX01,MAG140
MAG140_MAG140_MAG140_124_6,0.0,EX01,MAG140
MAG140_MAG140_MAG140_124_7,4.033771393,EX01,MAG140
MAG140_MAG140_MAG140_125_1,12.4814775,EX01,MAG140
MAG140_MAG140_MAG140_125_10,8.904948368,EX01,MAG140
MAG140_MAG140_MAG140_125_11,17.59390339,EX01,MAG140
MAG140_MAG140_MAG140_125_12,15.52136006,EX01,MAG140
MAG140_MAG140_MAG140_125_13,87.46533239,EX01,MAG140
MAG140_MAG140_MAG140_125_14,79.34910868,EX01,MAG140
MAG140_MAG140_MAG140_125_15,0.0,EX01,MAG140
MAG140_MAG140_MAG140_125_16,0.0,EX01,MAG140
MAG140_MAG140_MAG140_125_17,0.0,EX01,MAG140
MAG140_MAG140_MAG140_125_18,0.0,EX01,MAG140
MAG140_MAG140_MAG140_125_19,0.0,EX01,MAG140
MAG140_MAG140_MAG140_125_2,0.0,EX01,MAG140
MAG140_MAG140_MAG140_125_20,0.0,EX01,MAG140
MAG140_MAG140_MAG140_125_21,7.014020535,EX01,MAG140
MAG140_MAG140_MAG140_125_22,0.0,EX01,MAG140
MAG140_MAG140_MAG140_125_23,4.630712432,EX01,MAG140
MAG140_MAG140_MAG140_125_24,11.33922812,EX01,MAG140
MAG140_MAG140_MAG140_125_25,44.73720551,EX01,MAG140
MAG140_MAG140_MAG140_125_26,0.0,EX01,MAG140
MAG140_MAG140_MAG140_125_27,30.20853104,EX01,MAG140
MAG140_MAG140_MAG140_125_28,0.0,EX01,MAG140
MAG140_MAG140_MAG140_125_29,9.350189471,EX01,MAG140
MAG140_MAG140_MAG140_125_3,15.41969326,EX01,MAG140
MAG140_MAG140_MAG140_125_30,2.41255427,EX01,MAG140
MAG140_MAG140_MAG140_125_31,7.162139217,EX01,MAG140
MAG140_MAG140_MAG140_125_32,0.0,EX01,MAG140
MAG140_MAG140_MAG140_125_33,7.773155195,EX01,MAG140
MAG140_MAG140_MAG140_125_34,1.562978317,EX01,MAG140
MAG140_MAG140_MAG140_125_35,20.4075306,EX01,MAG140
MAG140_MAG140_MAG140_125_36,0.0,EX01,MAG140
MAG140_MAG140_MAG140_125_37,0.0,EX01,MAG140
MAG140_MAG140_MAG140_125_38,0.275414764,EX01,MAG140
MAG140_MAG140_MAG140_125_39,2.520092653,EX01,MAG140
MAG140_MAG140_MAG140_125_4,4.668743552,EX01,MAG140
MAG140_MAG140_MAG140_125_40,8.04438364,EX01,MAG140
MAG140_MAG140_MAG140_125_41,5.335416923,EX01,MAG140
MAG140_MAG140_MAG140_125_5,121.2937774,EX01,MAG140
MAG140_MAG140_MAG140_125_6,40.32906428,EX01,MAG140
MAG140_MAG140_MAG140_125_7,8.780318375,EX01,MAG140
MAG140_MAG140_MAG140_125_8,15.2681068,EX01,MAG140
MAG140_MAG140_MAG140_125_9,44.25106699,EX01,MAG140
MAG140_MAG140_MAG140_126_1,4.822505314,EX01,MAG140
MAG140_MAG140_MAG140_126_10,203.8973423,EX01,MAG140
MAG140_MAG140_MAG140_126_11,0.0,EX01,MAG140
MAG140_MAG140_MAG140_126_12,1.743283245,EX01,MAG140
MAG140_MAG140_MAG140_126_13,9.127427003,EX01,MAG140
MAG140_MAG140_MAG140_126_14,2.173944689,EX01,MAG140
MAG140_MAG140_MAG140_126_15,0.0,EX01,MAG140
MAG140_MAG140_MAG140_126_16,0.475897308,EX01,MAG140
MAG140_MAG140_MAG140_126_17,1.047298469,EX01,MAG140
MAG140_MAG140_MAG140_126_18,0.67984579,EX01,MAG140
MAG140_MAG140_MAG140_126_19,0.679760968,EX01,MAG140
MAG140_MAG140_MAG140_126_2,2.822718067,EX01,MAG140
MAG140_MAG140_MAG140_126_20,0.0,EX01,MAG140
MAG140_MAG140_MAG140_126_21,0.0,EX01,MAG140
MAG140_MAG140_MAG140_126_22,0.0,EX01,MAG140
MAG140_MAG140_MAG140_126_23,1.01434764,EX01,MAG140
MAG140_MAG140_MAG140_126_3,0.0,EX01,MAG140
MAG140_MAG140_MAG140_126_4,4.280098563,EX01,MAG140
MAG140_MAG140_MAG140_126_5,7.407514676,EX01,MAG140
MAG140_MAG140_MAG140_126_6,0.0,EX01,MAG140
MAG140_MAG140_MAG140_126_7,1.85981246,EX01,MAG140
MAG140_MAG140_MAG140_126_8,0.77002013,EX01,MAG140
MAG140_MAG140_MAG140_126_9,0.476794504,EX01,MAG140
MAG140_MAG140_MAG140_127_1,4.200127017,EX01,MAG140
MAG140_MAG140_MAG140_127_10,1.720150391,EX01,MAG140
MAG140_MAG140_MAG140_127_11,4.117606984,EX01,MAG140
MAG140_MAG140_MAG140_127_12,2.063839513,EX01,MAG140
MAG140_MAG140_MAG140_127_13,122.94375,EX01,MAG140
MAG140_MAG140_MAG140_127_14,5.018225529,EX01,MAG140
MAG140_MAG140_MAG140_127_15,0.0,EX01,MAG140
MAG140_MAG140_MAG140_127_16,0.0,EX01,MAG140
MAG140_MAG140_MAG140_127_17,15.45358308,EX01,MAG140
MAG140_MAG140_MAG140_127_18,4.608155201,EX01,MAG140
MAG140_MAG140_MAG140_127_19,6.614001758,EX01,MAG140
MAG140_MAG140_MAG140_127_2,30.61784852,EX01,MAG140
MAG140_MAG140_MAG140_127_20,6.513292835,EX01,MAG140
MAG140_MAG140_MAG140_127_21,15.30962189,EX01,MAG140
MAG140_MAG140_MAG140_127_22,15.89847314,EX01,MAG140
MAG140_MAG140_MAG140_127_23,15.49414416,EX01,MAG140
MAG140_MAG140_MAG140_127_24,51.75325454,EX01,MAG140
MAG140_MAG140_MAG140_127_25,14.51481411,EX01,MAG140
MAG140_MAG140_MAG140_127_26,12.06415341,EX01,MAG140
MAG140_MAG140_MAG140_127_27,42.98970301,EX01,MAG140
MAG140_MAG140_MAG140_127_28,17.64542725,EX01,MAG140
MAG140_MAG140_MAG140_127_29,22.74681681,EX01,MAG140
MAG140_MAG140_MAG140_127_3,33.61103227,EX01,MAG140
MAG140_MAG140_MAG140_127_30,3.001296082,EX01,MAG140
MAG140_MAG140_MAG140_127_31,0.0,EX01,MAG140
MAG140_MAG140_MAG140_127_32,3.626638054,EX01,MAG140
MAG140_MAG140_MAG140_127_33,4.170554924,EX01,MAG140
MAG140_MAG140_MAG140_127_34,0.0,EX01,MAG140
MAG140_MAG140_MAG140_127_35,0.0,EX01,MAG140
MAG140_MAG140_MAG140_127_36,0.0,EX01,MAG140
MAG140_MAG140_MAG140_127_37,4.236872944,EX01,MAG140
MAG140_MAG140_MAG140_127_38,3.423798041,EX01,MAG140
MAG140_MAG140_MAG140_127_39,0.0,EX01,MAG140
MAG140_MAG140_MAG140_127_4,3.096768121,EX01,MAG140
MAG140_MAG140_MAG140_127_40,0.0,EX01,MAG140
MAG140_MAG140_MAG140_127_41,2.329508192,EX01,MAG140
MAG140_MAG140_MAG140_127_42,14.16080898,EX01,MAG140
MAG140_MAG140_MAG140_127_43,9.580668687,EX01,MAG140
MAG140_MAG140_MAG140_127_5,5.916821589,EX01,MAG140
MAG140_MAG140_MAG140_127_6,0.0,EX01,MAG140
MAG140_MAG140_MAG140_127_7,0.0,EX01,MAG140
MAG140_MAG140_MAG140_127_8,0.0,EX01,MAG140
MAG140_MAG140_MAG140_127_9,0.0,EX01,MAG140
MAG140_MAG140_MAG140_128_1,0.0,EX01,MAG140
MAG140_MAG140_MAG140_128_10,2.246106598,EX01,MAG140
MAG140_MAG140_MAG140_128_11,0.0,EX01,MAG140
MAG140_MAG140_MAG140_128_12,0.0,EX01,MAG140
MAG140_MAG140_MAG140_128_13,20.12489647,EX01,MAG140
MAG140_MAG140_MAG140_128_14,0.0,EX01,MAG140
MAG140_MAG140_MAG140_128_15,8.585649494,EX01,MAG140
MAG140_MAG140_MAG140_128_16,0.0,EX01,MAG140
MAG140_MAG140_MAG140_128_2,0.0,EX01,MAG140
MAG140_MAG140_MAG140_128_3,0.0,EX01,MAG140
MAG140_MAG140_MAG140_128_4,2.568830986,EX01,MAG140
MAG140_MAG140_MAG140_128_5,26.07536618,EX01,MAG140
MAG140_MAG140_MAG140_128_6,0.0,EX01,MAG140
MAG140_MAG140_MAG140_128_7,46.82755836,EX01,MAG140
MAG140_MAG140_MAG140_128_8,11.45115403,EX01,MAG140
MAG140_MAG140_MAG140_128_9,7.709966743,EX01,MAG140
MAG140_MAG140_MAG140_129_1,0.0,EX01,MAG140
MAG140_MAG140_MAG140_129_10,0.0,EX01,MAG140
MAG140_MAG140_MAG140_129_11,3.469204328,EX01,MAG140
MAG140_MAG140_MAG140_129_2,0.0,EX01,MAG140
MAG140_MAG140_MAG140_129_3,3.502365006,EX01,MAG140
MAG140_MAG140_MAG140_129_4,6.270138561,EX01,MAG140
MAG140_MAG140_MAG140_129_5,32.29232513,EX01,MAG140
MAG140_MAG140_MAG140_129_6,5.457081011,EX01,MAG140
MAG140_MAG140_MAG140_129_7,0.0,EX01,MAG140
MAG140_MAG140_MAG140_129_8,73.90469834,EX01,MAG140
MAG140_MAG140_MAG140_129_9,10.97384407,EX01,MAG140
MAG140_MAG140_MAG140_12_1,9.620817321,EX01,MAG140
MAG140_MAG140_MAG140_12_2,0.0,EX01,MAG140
MAG140_MAG140_MAG140_12_3,0.0,EX01,MAG140
MAG140_MAG140_MAG140_12_4,27.32203553,EX01,MAG140
MAG140_MAG140_MAG140_12_5,8.561071704,EX01,MAG140
MAG140_MAG140_MAG140_12_6,3.348582976,EX01,MAG140
MAG140_MAG140_MAG140_12_7,12.76370389,EX01,MAG140
MAG140_MAG140_MAG140_12_8,19.19573575,EX01,MAG140
MAG140_MAG140_MAG140_130_1,0.0,EX01,MAG140
MAG140_MAG140_MAG140_130_2,0.0,EX01,MAG140
MAG140_MAG140_MAG140_131_1,21.29616382,EX01,MAG140
MAG140_MAG140_MAG140_131_10,1.327730963,EX01,MAG140
MAG140_MAG140_MAG140_131_11,4.552088503,EX01,MAG140
MAG140_MAG140_MAG140_131_12,25.98888227,EX01,MAG140
MAG140_MAG140_MAG140_131_13,8.508619976,EX01,MAG140
MAG140_MAG140_MAG140_131_14,71.03905108,EX01,MAG140
MAG140_MAG140_MAG140_131_15,24.5072331,EX01,MAG140
MAG140_MAG140_MAG140_131_16,137.8108237,EX01,MAG140
MAG140_MAG140_MAG140_131_17,0.0,EX01,MAG140
MAG140_MAG140_MAG140_131_18,30.81272395,EX01,MAG140
MAG140_MAG140_MAG140_131_19,0.0,EX01,MAG140
MAG140_MAG140_MAG140_131_2,3.861544325,EX01,MAG140
MAG140_MAG140_MAG140_131_20,1.188593287,EX01,MAG140
MAG140_MAG140_MAG140_131_21,0.0,EX01,MAG140
MAG140_MAG140_MAG140_131_22,0.644506685,EX01,MAG140
MAG140_MAG140_MAG140_131_23,7.430431926,EX01,MAG140
MAG140_MAG140_MAG140_131_24,34.14525459,EX01,MAG140
MAG140_MAG140_MAG140_131_25,35.1603119,EX01,MAG140
MAG140_MAG140_MAG140_131_3,17.54284171,EX01,MAG140
MAG140_MAG140_MAG140_131_4,0.0,EX01,MAG140
MAG140_MAG140_MAG140_131_5,1.313978471,EX01,MAG140
MAG140_MAG140_MAG140_131_6,3.723084546,EX01,MAG140
MAG140_MAG140_MAG140_131_7,0.0,EX01,MAG140
MAG140_MAG140_MAG140_131_8,12.0140606,EX01,MAG140
MAG140_MAG140_MAG140_131_9,0.0,EX01,MAG140
MAG140_MAG140_MAG140_132_1,1.41160181,EX01,MAG140
MAG140_MAG140_MAG140_132_10,0.0,EX01,MAG140
MAG140_MAG140_MAG140_132_11,0.0,EX01,MAG140
MAG140_MAG140_MAG140_132_12,2.937492129,EX01,MAG140
MAG140_MAG140_MAG140_132_13,2.906490836,EX01,MAG140
MAG140_MAG140_MAG140_132_14,0.185998237,EX01,MAG140
MAG140_MAG140_MAG140_132_15,0.224393685,EX01,MAG140
MAG140_MAG140_MAG140_132_16,3.189512099,EX01,MAG140
MAG140_MAG140_MAG140_132_17,3.298397451,EX01,MAG140
MAG140_MAG140_MAG140_132_2,8.183481892,EX01,MAG140
MAG140_MAG140_MAG140_132_3,1.13388425,EX01,MAG140
MAG140_MAG140_MAG140_132_4,0.0,EX01,MAG140
MAG140_MAG140_MAG140_132_5,0.0,EX01,MAG140
MAG140_MAG140_MAG140_132_6,0.0,EX01,MAG140
MAG140_MAG140_MAG140_132_7,0.0,EX01,MAG140
MAG140_MAG140_MAG140_132_8,17.6547012,EX01,MAG140
MAG140_MAG140_MAG140_132_9,0.0,EX01,MAG140
MAG140_MAG140_MAG140_133_1,7.042359357,EX01,MAG140
MAG140_MAG140_MAG140_133_2,0.0,EX01,MAG140
MAG140_MAG140_MAG140_133_3,25.63033478,EX01,MAG140
MAG140_MAG140_MAG140_134_1,0.780734725,EX01,MAG140
MAG140_MAG140_MAG140_134_10,0.39547122,EX01,MAG140
MAG140_MAG140_MAG140_134_11,0.0,EX01,MAG140
MAG140_MAG140_MAG140_134_12,2.857143109,EX01,MAG140
MAG140_MAG140_MAG140_134_13,0.0,EX01,MAG140
MAG140_MAG140_MAG140_134_14,0.0,EX01,MAG140
MAG140_MAG140_MAG140_134_15,3.854970254,EX01,MAG140
MAG140_MAG140_MAG140_134_16,14.82449737,EX01,MAG140
MAG140_MAG140_MAG140_134_17,13.39497391,EX01,MAG140
MAG140_MAG140_MAG140_134_18,1.773842531,EX01,MAG140
MAG140_MAG140_MAG140_134_19,2.233416214,EX01,MAG140
MAG140_MAG140_MAG140_134_2,2.233061744,EX01,MAG140
MAG140_MAG140_MAG140_134_20,2.681087361,EX01,MAG140
MAG140_MAG140_MAG140_134_21,0.430731616,EX01,MAG140
MAG140_MAG140_MAG140_134_22,1.993436679,EX01,MAG140
MAG140_MAG140_MAG140_134_23,2.610899297,EX01,MAG140
MAG140_MAG140_MAG140_134_24,1.750368199,EX01,MAG140
MAG140_MAG140_MAG140_134_25,1.813694956,EX01,MAG140
MAG140_MAG140_MAG140_134_26,5.410482402,EX01,MAG140
MAG140_MAG140_MAG140_134_27,0.0,EX01,MAG140
MAG140_MAG140_MAG140_134_28,21.09284583,EX01,MAG140
MAG140_MAG140_MAG140_134_29,7.928730757,EX01,MAG140
MAG140_MAG140_MAG140_134_3,1.542223407,EX01,MAG140
MAG140_MAG140_MAG140_134_30,3.851695237,EX01,MAG140
MAG140_MAG140_MAG140_134_31,3.873502426,EX01,MAG140
MAG140_MAG140_MAG140_134_32,0.0,EX01,MAG140
MAG140_MAG140_MAG140_134_33,1.328162395,EX01,MAG140
MAG140_MAG140_MAG140_134_34,0.181804072,EX01,MAG140
MAG140_MAG140_MAG140_134_35,0.349381221,EX01,MAG140
MAG140_MAG140_MAG140_134_36,0.77958026,EX01,MAG140
MAG140_MAG140_MAG140_134_37,0.379154394,EX01,MAG140
MAG140_MAG140_MAG140_134_38,1.058774035,EX01,MAG140
MAG140_MAG140_MAG140_134_39,0.339749893,EX01,MAG140
MAG140_MAG140_MAG140_134_4,1.056588047,EX01,MAG140
MAG140_MAG140_MAG140_134_40,0.0,EX01,MAG140
MAG140_MAG140_MAG140_134_41,4.398791987,EX01,MAG140
MAG140_MAG140_MAG140_134_42,3.96441755,EX01,MAG140
MAG140_MAG140_MAG140_134_43,0.0,EX01,MAG140
MAG140_MAG140_MAG140_134_44,0.0,EX01,MAG140
MAG140_MAG140_MAG140_134_45,1.798960821,EX01,MAG140
MAG140_MAG140_MAG140_134_46,0.432774633,EX01,MAG140
MAG140_MAG140_MAG140_134_47,4.086320846,EX01,MAG140
MAG140_MAG140_MAG140_134_48,0.0,EX01,MAG140
MAG140_MAG140_MAG140_134_49,9.607640347,EX01,MAG140
MAG140_MAG140_MAG140_134_5,4.65767758,EX01,MAG140
MAG140_MAG140_MAG140_134_50,0.0,EX01,MAG140
MAG140_MAG140_MAG140_134_51,2.625627241,EX01,MAG140
MAG140_MAG140_MAG140_134_52,7.840980129,EX01,MAG140
MAG140_MAG140_MAG140_134_53,0.0,EX01,MAG140
MAG140_MAG140_MAG140_134_54,3.705715822,EX01,MAG140
MAG140_MAG140_MAG140_134_55,2.614611182,EX01,MAG140
MAG140_MAG140_MAG140_134_56,0.0,EX01,MAG140
MAG140_MAG140_MAG140_134_57,66.92734569,EX01,MAG140
MAG140_MAG140_MAG140_134_58,208.8860656,EX01,MAG140
MAG140_MAG140_MAG140_134_59,3.721674305,EX01,MAG140
MAG140_MAG140_MAG140_134_6,1.954623855,EX01,MAG140
MAG140_MAG140_MAG140_134_60,4.749417367,EX01,MAG140
MAG140_MAG140_MAG140_134_61,6.300752417,EX01,MAG140
MAG140_MAG140_MAG140_134_62,0.0,EX01,MAG140
MAG140_MAG140_MAG140_134_63,6.187706143,EX01,MAG140
MAG140_MAG140_MAG140_134_64,1.86847396,EX01,MAG140
MAG140_MAG140_MAG140_134_65,0.0,EX01,MAG140
MAG140_MAG140_MAG140_134_66,1.341852395,EX01,MAG140
MAG140_MAG140_MAG140_134_67,5.751369837,EX01,MAG140
MAG140_MAG140_MAG140_134_68,3.408711756,EX01,MAG140
MAG140_MAG140_MAG140_134_69,2.584614458,EX01,MAG140
MAG140_MAG140_MAG140_134_7,2.054791347,EX01,MAG140
MAG140_MAG140_MAG140_134_70,0.0,EX01,MAG140
MAG140_MAG140_MAG140_134_71,0.0,EX01,MAG140
MAG140_MAG140_MAG140_134_72,3.072514299,EX01,MAG140
MAG140_MAG140_MAG140_134_73,0.0,EX01,MAG140
MAG140_MAG140_MAG140_134_74,6.838181611,EX01,MAG140
MAG140_MAG140_MAG140_134_75,0.0,EX01,MAG140
MAG140_MAG140_MAG140_134_76,99.8490093,EX01,MAG140
MAG140_MAG140_MAG140_134_77,58.3621633,EX01,MAG140
MAG140_MAG140_MAG140_134_78,12.31344405,EX01,MAG140
MAG140_MAG140_MAG140_134_79,0.0,EX01,MAG140
MAG140_MAG140_MAG140_134_8,3.009106814,EX01,MAG140
MAG140_MAG140_MAG140_134_80,0.0,EX01,MAG140
MAG140_MAG140_MAG140_134_81,7.24440891,EX01,MAG140
MAG140_MAG140_MAG140_134_9,3.71447594,EX01,MAG140
MAG140_MAG140_MAG140_135_1,0.0,EX01,MAG140
MAG140_MAG140_MAG140_135_10,0.0,EX01,MAG140
MAG140_MAG140_MAG140_135_11,9.970030661,EX01,MAG140
MAG140_MAG140_MAG140_135_12,123.2205491,EX01,MAG140
MAG140_MAG140_MAG140_135_13,100.4505201,EX01,MAG140
MAG140_MAG140_MAG140_135_14,24.74959704,EX01,MAG140
MAG140_MAG140_MAG140_135_15,20.40987795,EX01,MAG140
MAG140_MAG140_MAG140_135_16,18.15421716,EX01,MAG140
MAG140_MAG140_MAG140_135_17,13.18570601,EX01,MAG140
MAG140_MAG140_MAG140_135_18,12.18155259,EX01,MAG140
MAG140_MAG140_MAG140_135_19,4.725063559,EX01,MAG140
MAG140_MAG140_MAG140_135_2,6.001869824,EX01,MAG140
MAG140_MAG140_MAG140_135_20,5.383657652,EX01,MAG140
MAG140_MAG140_MAG140_135_21,18.97982423,EX01,MAG140
MAG140_MAG140_MAG140_135_22,0.0,EX01,MAG140
MAG140_MAG140_MAG140_135_23,0.0,EX01,MAG140
MAG140_MAG140_MAG140_135_24,0.0,EX01,MAG140
MAG140_MAG140_MAG140_135_25,0.0,EX01,MAG140
MAG140_MAG140_MAG140_135_26,0.0,EX01,MAG140
MAG140_MAG140_MAG140_135_27,3.172772232,EX01,MAG140
MAG140_MAG140_MAG140_135_28,0.82964665,EX01,MAG140
MAG140_MAG140_MAG140_135_29,0.0,EX01,MAG140
MAG140_MAG140_MAG140_135_3,2.762143241,EX01,MAG140
MAG140_MAG140_MAG140_135_30,0.0,EX01,MAG140
MAG140_MAG140_MAG140_135_31,6.462564347,EX01,MAG140
MAG140_MAG140_MAG140_135_32,0.0,EX01,MAG140
MAG140_MAG140_MAG140_135_33,5.284873373,EX01,MAG140
MAG140_MAG140_MAG140_135_34,0.605732319,EX01,MAG140
MAG140_MAG140_MAG140_135_35,2.392478478,EX01,MAG140
MAG140_MAG140_MAG140_135_36,0.0,EX01,MAG140
MAG140_MAG140_MAG140_135_37,2.971774751,EX01,MAG140
MAG140_MAG140_MAG140_135_38,0.666410371,EX01,MAG140
MAG140_MAG140_MAG140_135_39,4.785546161,EX01,MAG140
MAG140_MAG140_MAG140_135_4,12.31530028,EX01,MAG140
MAG140_MAG140_MAG140_135_40,0.479146595,EX01,MAG140
MAG140_MAG140_MAG140_135_41,0.0,EX01,MAG140
MAG140_MAG140_MAG140_135_42,0.0,EX01,MAG140
MAG140_MAG140_MAG140_135_43,15.45138875,EX01,MAG140
MAG140_MAG140_MAG140_135_44,1.935453884,EX01,MAG140
MAG140_MAG140_MAG140_135_45,11.4774272,EX01,MAG140
MAG140_MAG140_MAG140_135_46,7.805591258,EX01,MAG140
MAG140_MAG140_MAG140_135_47,5.57065542,EX01,MAG140
MAG140_MAG140_MAG140_135_48,7.255623605,EX01,MAG140
MAG140_MAG140_MAG140_135_49,2.08216511,EX01,MAG140
MAG140_MAG140_MAG140_135_5,13.67553295,EX01,MAG140
MAG140_MAG140_MAG140_135_50,0.0,EX01,MAG140
MAG140_MAG140_MAG140_135_51,0.0,EX01,MAG140
MAG140_MAG140_MAG140_135_52,0.0,EX01,MAG140
MAG140_MAG140_MAG140_135_53,0.0,EX01,MAG140
MAG140_MAG140_MAG140_135_54,7.606801892,EX01,MAG140
MAG140_MAG140_MAG140_135_55,0.0,EX01,MAG140
MAG140_MAG140_MAG140_135_56,0.0,EX01,MAG140
MAG140_MAG140_MAG140_135_57,0.0,EX01,MAG140
MAG140_MAG140_MAG140_135_58,3.509922291,EX01,MAG140
MAG140_MAG140_MAG140_135_59,0.0,EX01,MAG140
MAG140_MAG140_MAG140_135_6,24.11950976,EX01,MAG140
MAG140_MAG140_MAG140_135_60,0.0,EX01,MAG140
MAG140_MAG140_MAG140_135_61,0.0,EX01,MAG140
MAG140_MAG140_MAG140_135_62,2.218536387,EX01,MAG140
MAG140_MAG140_MAG140_135_63,0.0,EX01,MAG140
MAG140_MAG140_MAG140_135_64,0.0,EX01,MAG140
MAG140_MAG140_MAG140_135_65,0.0,EX01,MAG140
MAG140_MAG140_MAG140_135_66,0.0,EX01,MAG140
MAG140_MAG140_MAG140_135_67,4.192799393,EX01,MAG140
MAG140_MAG140_MAG140_135_68,3.182222361,EX01,MAG140
MAG140_MAG140_MAG140_135_69,13.37658028,EX01,MAG140
MAG140_MAG140_MAG140_135_7,0.0,EX01,MAG140
MAG140_MAG140_MAG140_135_70,5.716884124,EX01,MAG140
MAG140_MAG140_MAG140_135_71,0.0,EX01,MAG140
MAG140_MAG140_MAG140_135_72,1.140947701,EX01,MAG140
MAG140_MAG140_MAG140_135_73,0.0,EX01,MAG140
MAG140_MAG140_MAG140_135_74,13.13853626,EX01,MAG140
MAG140_MAG140_MAG140_135_75,5.609744593,EX01,MAG140
MAG140_MAG140_MAG140_135_76,10.35764549,EX01,MAG140
MAG140_MAG140_MAG140_135_77,66.53970901,EX01,MAG140
MAG140_MAG140_MAG140_135_78,16.62175704,EX01,MAG140
MAG140_MAG140_MAG140_135_79,0.853150509,EX01,MAG140
MAG140_MAG140_MAG140_135_8,10.38955176,EX01,MAG140
MAG140_MAG140_MAG140_135_80,0.0,EX01,MAG140
MAG140_MAG140_MAG140_135_81,3.304594816,EX01,MAG140
MAG140_MAG140_MAG140_135_82,1.238307962,EX01,MAG140
MAG140_MAG140_MAG140_135_83,0.0,EX01,MAG140
MAG140_MAG140_MAG140_135_84,5.953192683,EX01,MAG140
MAG140_MAG140_MAG140_135_85,5.899396739,EX01,MAG140
MAG140_MAG140_MAG140_135_86,1.564990855,EX01,MAG140
MAG140_MAG140_MAG140_135_87,374.925161,EX01,MAG140
MAG140_MAG140_MAG140_135_88,50.47594673,EX01,MAG140
MAG140_MAG140_MAG140_135_89,21.51835175,EX01,MAG140
MAG140_MAG140_MAG140_135_9,0.0,EX01,MAG140
MAG140_MAG140_MAG140_135_90,0.0,EX01,MAG140
MAG140_MAG140_MAG140_135_91,0.0,EX01,MAG140
MAG140_MAG140_MAG140_136_1,3.238040748,EX01,MAG140
MAG140_MAG140_MAG140_136_10,0.0,EX01,MAG140
MAG140_MAG140_MAG140_136_11,0.0,EX01,MAG140
MAG140_MAG140_MAG140_136_12,1.729185674,EX01,MAG140
MAG140_MAG140_MAG140_136_13,0.0,EX01,MAG140
MAG140_MAG140_MAG140_136_14,3.226848343,EX01,MAG140
MAG140_MAG140_MAG140_136_15,0.830201176,EX01,MAG140
MAG140_MAG140_MAG140_136_16,0.0,EX01,MAG140
MAG140_MAG140_MAG140_136_17,0.0,EX01,MAG140
MAG140_MAG140_MAG140_136_18,0.966208127,EX01,MAG140
MAG140_MAG140_MAG140_136_19,1.177525664,EX01,MAG140
MAG140_MAG140_MAG140_136_2,0.746197791,EX01,MAG140
MAG140_MAG140_MAG140_136_20,34.62163994,EX01,MAG140
MAG140_MAG140_MAG140_136_21,0.0,EX01,MAG140
MAG140_MAG140_MAG140_136_22,0.0,EX01,MAG140
MAG140_MAG140_MAG140_136_23,122.2571671,EX01,MAG140
MAG140_MAG140_MAG140_136_24,0.0,EX01,MAG140
MAG140_MAG140_MAG140_136_25,0.0,EX01,MAG140
MAG140_MAG140_MAG140_136_26,31.4723024,EX01,MAG140
MAG140_MAG140_MAG140_136_27,0.0,EX01,MAG140
MAG140_MAG140_MAG140_136_28,26.5275713,EX01,MAG140
MAG140_MAG140_MAG140_136_29,4.310035382,EX01,MAG140
MAG140_MAG140_MAG140_136_3,0.940846216,EX01,MAG140
MAG140_MAG140_MAG140_136_30,2.576019796,EX01,MAG140
MAG140_MAG140_MAG140_136_31,0.0,EX01,MAG140
MAG140_MAG140_MAG140_136_32,5.228826344,EX01,MAG140
MAG140_MAG140_MAG140_136_33,0.0,EX01,MAG140
MAG140_MAG140_MAG140_136_34,2.149831991,EX01,MAG140
MAG140_MAG140_MAG140_136_35,0.0,EX01,MAG140
MAG140_MAG140_MAG140_136_36,0.0,EX01,MAG140
MAG140_MAG140_MAG140_136_37,4.261628348,EX01,MAG140
MAG140_MAG140_MAG140_136_38,1.279942852,EX01,MAG140
MAG140_MAG140_MAG140_136_39,0.0,EX01,MAG140
MAG140_MAG140_MAG140_136_4,0.0,EX01,MAG140
MAG140_MAG140_MAG140_136_40,0.0,EX01,MAG140
MAG140_MAG140_MAG140_136_41,0.0,EX01,MAG140
MAG140_MAG140_MAG140_136_42,10.4473229,EX01,MAG140
MAG140_MAG140_MAG140_136_43,46.35238915,EX01,MAG140
MAG140_MAG140_MAG140_136_44,0.0,EX01,MAG140
MAG140_MAG140_MAG140_136_45,5.754547842,EX01,MAG140
MAG140_MAG140_MAG140_136_46,2.742388527,EX01,MAG140
MAG140_MAG140_MAG140_136_47,57.85703257,EX01,MAG140
MAG140_MAG140_MAG140_136_48,0.0,EX01,MAG140
MAG140_MAG140_MAG140_136_49,0.282349821,EX01,MAG140
MAG140_MAG140_MAG140_136_5,0.0,EX01,MAG140
MAG140_MAG140_MAG140_136_50,13.52873413,EX01,MAG140
MAG140_MAG140_MAG140_136_6,0.0,EX01,MAG140
MAG140_MAG140_MAG140_136_7,0.0,EX01,MAG140
MAG140_MAG140_MAG140_136_8,0.0,EX01,MAG140
MAG140_MAG140_MAG140_136_9,0.829521423,EX01,MAG140
MAG140_MAG140_MAG140_137_1,0.0,EX01,MAG140
MAG140_MAG140_MAG140_137_10,2.467284442,EX01,MAG140
MAG140_MAG140_MAG140_137_11,26.12315441,EX01,MAG140
MAG140_MAG140_MAG140_137_12,132.041673,EX01,MAG140
MAG140_MAG140_MAG140_137_13,2.539946926,EX01,MAG140
MAG140_MAG140_MAG140_137_14,5.750142388,EX01,MAG140
MAG140_MAG140_MAG140_137_15,9.106798641,EX01,MAG140
MAG140_MAG140_MAG140_137_16,2.378615378,EX01,MAG140
MAG140_MAG140_MAG140_137_17,119.5972534,EX01,MAG140
MAG140_MAG140_MAG140_137_18,4.137216266,EX01,MAG140
MAG140_MAG140_MAG140_137_19,3.10578524,EX01,MAG140
MAG140_MAG140_MAG140_137_2,4.244966355,EX01,MAG140
MAG140_MAG140_MAG140_137_20,9.51548915,EX01,MAG140
MAG140_MAG140_MAG140_137_21,15.5363751,EX01,MAG140
MAG140_MAG140_MAG140_137_3,9.622095864,EX01,MAG140
MAG140_MAG140_MAG140_137_4,1.967969239,EX01,MAG140
MAG140_MAG140_MAG140_137_5,0.0,EX01,MAG140
MAG140_MAG140_MAG140_137_6,0.0,EX01,MAG140
MAG140_MAG140_MAG140_137_7,0.0,EX01,MAG140
MAG140_MAG140_MAG140_137_8,0.0,EX01,MAG140
MAG140_MAG140_MAG140_137_9,0.0,EX01,MAG140
MAG140_MAG140_MAG140_138_1,3.991476498,EX01,MAG140
MAG140_MAG140_MAG140_138_10,0.0,EX01,MAG140
MAG140_MAG140_MAG140_138_11,0.0,EX01,MAG140
MAG140_MAG140_MAG140_138_12,0.0,EX01,MAG140
MAG140_MAG140_MAG140_138_2,1.231574998,EX01,MAG140
MAG140_MAG140_MAG140_138_3,0.385061418,EX01,MAG140
MAG140_MAG140_MAG140_138_4,1.685722635,EX01,MAG140
MAG140_MAG140_MAG140_138_5,4.218286934,EX01,MAG140
MAG140_MAG140_MAG140_138_6,9.558353936,EX01,MAG140
MAG140_MAG140_MAG140_138_7,5.869624135,EX01,MAG140
MAG140_MAG140_MAG140_138_8,0.0,EX01,MAG140
MAG140_MAG140_MAG140_138_9,10.01139412,EX01,MAG140
MAG140_MAG140_MAG140_139_1,130.1257481,EX01,MAG140
MAG140_MAG140_MAG140_139_10,0.0,EX01,MAG140
MAG140_MAG140_MAG140_139_11,0.0,EX01,MAG140
MAG140_MAG140_MAG140_139_12,0.0,EX01,MAG140
MAG140_MAG140_MAG140_139_13,7.170133524,EX01,MAG140
MAG140_MAG140_MAG140_139_14,14.96526649,EX01,MAG140
MAG140_MAG140_MAG140_139_15,9.298361193,EX01,MAG140
MAG140_MAG140_MAG140_139_16,10.48546666,EX01,MAG140
MAG140_MAG140_MAG140_139_17,0.0,EX01,MAG140
MAG140_MAG140_MAG140_139_18,56.5717398,EX01,MAG140
MAG140_MAG140_MAG140_139_19,0.0,EX01,MAG140
MAG140_MAG140_MAG140_139_2,23.2202977,EX01,MAG140
MAG140_MAG140_MAG140_139_20,0.0,EX01,MAG140
MAG140_MAG140_MAG140_139_21,3.41368115,EX01,MAG140
MAG140_MAG140_MAG140_139_22,3.87234872,EX01,MAG140
MAG140_MAG140_MAG140_139_23,2.271680899,EX01,MAG140
MAG140_MAG140_MAG140_139_24,0.0,EX01,MAG140
MAG140_MAG140_MAG140_139_25,30.38542896,EX01,MAG140
MAG140_MAG140_MAG140_139_26,0.0,EX01,MAG140
MAG140_MAG140_MAG140_139_3,0.0,EX01,MAG140
MAG140_MAG140_MAG140_139_4,1.552924771,EX01,MAG140
MAG140_MAG140_MAG140_139_5,0.0,EX01,MAG140
MAG140_MAG140_MAG140_139_6,18.96002164,EX01,MAG140
MAG140_MAG140_MAG140_139_7,0.0,EX01,MAG140
MAG140_MAG140_MAG140_139_8,2.04066061,EX01,MAG140
MAG140_MAG140_MAG140_139_9,1.64848207,EX01,MAG140
MAG140_MAG140_MAG140_13_1,0.0,EX01,MAG140
MAG140_MAG140_MAG140_13_10,22.10187651,EX01,MAG140
MAG140_MAG140_MAG140_13_11,0.0,EX01,MAG140
MAG140_MAG140_MAG140_13_12,0.0,EX01,MAG140
MAG140_MAG140_MAG140_13_13,0.0,EX01,MAG140
MAG140_MAG140_MAG140_13_14,0.0,EX01,MAG140
MAG140_MAG140_MAG140_13_15,0.0,EX01,MAG140
MAG140_MAG140_MAG140_13_16,2.77536383,EX01,MAG140
MAG140_MAG140_MAG140_13_17,0.0,EX01,MAG140
MAG140_MAG140_MAG140_13_18,1.62432792,EX01,MAG140
MAG140_MAG140_MAG140_13_19,1.368087224,EX01,MAG140
MAG140_MAG140_MAG140_13_2,0.57169548,EX01,MAG140
MAG140_MAG140_MAG140_13_20,0.0,EX01,MAG140
MAG140_MAG140_MAG140_13_21,1.560933248,EX01,MAG140
MAG140_MAG140_MAG140_13_22,34.43150646,EX01,MAG140
MAG140_MAG140_MAG140_13_23,5.418532966,EX01,MAG140
MAG140_MAG140_MAG140_13_24,2.046142733,EX01,MAG140
MAG140_MAG140_MAG140_13_25,3.260465736,EX01,MAG140
MAG140_MAG140_MAG140_13_26,0.0,EX01,MAG140
MAG140_MAG140_MAG140_13_27,0.0,EX01,MAG140
MAG140_MAG140_MAG140_13_28,2.844716336,EX01,MAG140
MAG140_MAG140_MAG140_13_29,1.204503503,EX01,MAG140
MAG140_MAG140_MAG140_13_3,2.567762747,EX01,MAG140
MAG140_MAG140_MAG140_13_4,6.684744792,EX01,MAG140
MAG140_MAG140_MAG140_13_5,3.223701216,EX01,MAG140
MAG140_MAG140_MAG140_13_6,4.750643398,EX01,MAG140
MAG140_MAG140_MAG140_13_7,7.515575898,EX01,MAG140
MAG140_MAG140_MAG140_13_8,0.0,EX01,MAG140
MAG140_MAG140_MAG140_13_9,35.98422256,EX01,MAG140
MAG140_MAG140_MAG140_140_1,0.0,EX01,MAG140
MAG140_MAG140_MAG140_140_2,4.977447242,EX01,MAG140
MAG140_MAG140_MAG140_140_3,0.0,EX01,MAG140
MAG140_MAG140_MAG140_140_4,4.206678647,EX01,MAG140
MAG140_MAG140_MAG140_140_5,4.106387458,EX01,MAG140
MAG140_MAG140_MAG140_140_6,0.0,EX01,MAG140
MAG140_MAG140_MAG140_140_7,31.68440692,EX01,MAG140
MAG140_MAG140_MAG140_141_1,0.0,EX01,MAG140
MAG140_MAG140_MAG140_141_10,0.0,EX01,MAG140
MAG140_MAG140_MAG140_141_11,0.0,EX01,MAG140
MAG140_MAG140_MAG140_141_12,8.041597916,EX01,MAG140
MAG140_MAG140_MAG140_141_2,0.0,EX01,MAG140
MAG140_MAG140_MAG140_141_3,11.51310207,EX01,MAG140
MAG140_MAG140_MAG140_141_4,11.26876605,EX01,MAG140
MAG140_MAG140_MAG140_141_5,0.0,EX01,MAG140
MAG140_MAG140_MAG140_141_6,0.0,EX01,MAG140
MAG140_MAG140_MAG140_141_7,15.4560857,EX01,MAG140
MAG140_MAG140_MAG140_141_8,111.696374,EX01,MAG140
MAG140_MAG140_MAG140_141_9,32.25506554,EX01,MAG140
MAG140_MAG140_MAG140_142_1,2.248612293,EX01,MAG140
MAG140_MAG140_MAG140_142_2,5.602498777,EX01,MAG140
MAG140_MAG140_MAG140_143_1,0.0,EX01,MAG140
MAG140_MAG140_MAG140_143_10,12.51661533,EX01,MAG140
MAG140_MAG140_MAG140_143_11,2.45748073,EX01,MAG140
MAG140_MAG140_MAG140_143_12,5.455036378,EX01,MAG140
MAG140_MAG140_MAG140_143_13,0.0,EX01,MAG140
MAG140_MAG140_MAG140_143_14,0.76611493,EX01,MAG140
MAG140_MAG140_MAG140_143_15,1.517155187,EX01,MAG140
MAG140_MAG140_MAG140_143_16,25.47701238,EX01,MAG140
MAG140_MAG140_MAG140_143_17,5.851378431,EX01,MAG140
MAG140_MAG140_MAG140_143_18,0.0,EX01,MAG140
MAG140_MAG140_MAG140_143_19,0.0,EX01,MAG140
MAG140_MAG140_MAG140_143_2,16.2360142,EX01,MAG140
MAG140_MAG140_MAG140_143_20,0.0,EX01,MAG140
MAG140_MAG140_MAG140_143_21,1.181970125,EX01,MAG140
MAG140_MAG140_MAG140_143_22,14.62300776,EX01,MAG140
MAG140_MAG140_MAG140_143_23,7.068258867,EX01,MAG140
MAG140_MAG140_MAG140_143_24,0.0,EX01,MAG140
MAG140_MAG140_MAG140_143_25,0.0,EX01,MAG140
MAG140_MAG140_MAG140_143_26,103.680811,EX01,MAG140
MAG140_MAG140_MAG140_143_27,0.0,EX01,MAG140
MAG140_MAG140_MAG140_143_28,9.152861811,EX01,MAG140
MAG140_MAG140_MAG140_143_29,13.95983794,EX01,MAG140
MAG140_MAG140_MAG140_143_3,0.0,EX01,MAG140
MAG140_MAG140_MAG140_143_30,11.15107969,EX01,MAG140
MAG140_MAG140_MAG140_143_31,0.0,EX01,MAG140
MAG140_MAG140_MAG140_143_32,45.31232571,EX01,MAG140
MAG140_MAG140_MAG140_143_33,0.0,EX01,MAG140
MAG140_MAG140_MAG140_143_34,0.0,EX01,MAG140
MAG140_MAG140_MAG140_143_35,69.30560142,EX01,MAG140
MAG140_MAG140_MAG140_143_36,17.28141202,EX01,MAG140
MAG140_MAG140_MAG140_143_37,550.6688397,EX01,MAG140
MAG140_MAG140_MAG140_143_4,18.05491985,EX01,MAG140
MAG140_MAG140_MAG140_143_5,26.71728014,EX01,MAG140
MAG140_MAG140_MAG140_143_6,13.79116873,EX01,MAG140
MAG140_MAG140_MAG140_143_7,9.297692764,EX01,MAG140
MAG140_MAG140_MAG140_143_8,41.11449932,EX01,MAG140
MAG140_MAG140_MAG140_143_9,13.73719927,EX01,MAG140
MAG140_MAG140_MAG140_144_1,0.0,EX01,MAG140
MAG140_MAG140_MAG140_144_10,0.0,EX01,MAG140
MAG140_MAG140_MAG140_144_2,6.211630145,EX01,MAG140
MAG140_MAG140_MAG140_144_3,0.0,EX01,MAG140
MAG140_MAG140_MAG140_144_4,4.544014026,EX01,MAG140
MAG140_MAG140_MAG140_144_5,5.439357593,EX01,MAG140
MAG140_MAG140_MAG140_144_6,3.84473348,EX01,MAG140
MAG140_MAG140_MAG140_144_7,0.0,EX01,MAG140
MAG140_MAG140_MAG140_144_8,3.501159222,EX01,MAG140
MAG140_MAG140_MAG140_144_9,10.30191657,EX01,MAG140
MAG140_MAG140_MAG140_145_1,0.0,EX01,MAG140
MAG140_MAG140_MAG140_145_10,0.0,EX01,MAG140
MAG140_MAG140_MAG140_145_11,3.510045658,EX01,MAG140
MAG140_MAG140_MAG140_145_2,0.0,EX01,MAG140
MAG140_MAG140_MAG140_145_3,0.0,EX01,MAG140
MAG140_MAG140_MAG140_145_4,0.0,EX01,MAG140
MAG140_MAG140_MAG140_145_5,5.357577465,EX01,MAG140
MAG140_MAG140_MAG140_145_6,0.0,EX01,MAG140
MAG140_MAG140_MAG140_145_7,0.0,EX01,MAG140
MAG140_MAG140_MAG140_145_8,1.056469969,EX01,MAG140
MAG140_MAG140_MAG140_145_9,0.924867017,EX01,MAG140
MAG140_MAG140_MAG140_146_1,0.0,EX01,MAG140
MAG140_MAG140_MAG140_146_10,6.058078704,EX01,MAG140
MAG140_MAG140_MAG140_146_11,0.0,EX01,MAG140
MAG140_MAG140_MAG140_146_2,8.525054497,EX01,MAG140
MAG140_MAG140_MAG140_146_3,0.0,EX01,MAG140
MAG140_MAG140_MAG140_146_4,0.0,EX01,MAG140
MAG140_MAG140_MAG140_146_5,0.0,EX01,MAG140
MAG140_MAG140_MAG140_146_6,36.82074993,EX01,MAG140
MAG140_MAG140_MAG140_146_7,4.824666685,EX01,MAG140
MAG140_MAG140_MAG140_146_8,25.01126215,EX01,MAG140
MAG140_MAG140_MAG140_146_9,10.47793026,EX01,MAG140
MAG140_MAG140_MAG140_147_1,0.0,EX01,MAG140
MAG140_MAG140_MAG140_147_10,0.0,EX01,MAG140
MAG140_MAG140_MAG140_147_11,0.279389468,EX01,MAG140
MAG140_MAG140_MAG140_147_12,0.196880766,EX01,MAG140
MAG140_MAG140_MAG140_147_13,0.249720389,EX01,MAG140
MAG140_MAG140_MAG140_147_14,0.0,EX01,MAG140
MAG140_MAG140_MAG140_147_15,0.0,EX01,MAG140
MAG140_MAG140_MAG140_147_16,0.780177886,EX01,MAG140
MAG140_MAG140_MAG140_147_17,0.0,EX01,MAG140
MAG140_MAG140_MAG140_147_18,0.255905876,EX01,MAG140
MAG140_MAG140_MAG140_147_19,0.0,EX01,MAG140
MAG140_MAG140_MAG140_147_2,0.0,EX01,MAG140
MAG140_MAG140_MAG140_147_20,0.0,EX01,MAG140
MAG140_MAG140_MAG140_147_21,0.067157407,EX01,MAG140
MAG140_MAG140_MAG140_147_22,0.0,EX01,MAG140
MAG140_MAG140_MAG140_147_23,0.405169293,EX01,MAG140
MAG140_MAG140_MAG140_147_24,0.0,EX01,MAG140
MAG140_MAG140_MAG140_147_25,0.0,EX01,MAG140
MAG140_MAG140_MAG140_147_26,0.651503888,EX01,MAG140
MAG140_MAG140_MAG140_147_27,0.0,EX01,MAG140
MAG140_MAG140_MAG140_147_28,0.013809748,EX01,MAG140
MAG140_MAG140_MAG140_147_29,0.0,EX01,MAG140
MAG140_MAG140_MAG140_147_3,0.216798372,EX01,MAG140
MAG140_MAG140_MAG140_147_30,0.164745998,EX01,MAG140
MAG140_MAG140_MAG140_147_31,0.0,EX01,MAG140
MAG140_MAG140_MAG140_147_32,0.0,EX01,MAG140
MAG140_MAG140_MAG140_147_33,0.0,EX01,MAG140
MAG140_MAG140_MAG140_147_34,0.234806316,EX01,MAG140
MAG140_MAG140_MAG140_147_35,0.0,EX01,MAG140
MAG140_MAG140_MAG140_147_36,0.0,EX01,MAG140
MAG140_MAG140_MAG140_147_37,0.0,EX01,MAG140
MAG140_MAG140_MAG140_147_38,0.0,EX01,MAG140
MAG140_MAG140_MAG140_147_39,0.772432563,EX01,MAG140
MAG140_MAG140_MAG140_147_4,0.151137176,EX01,MAG140
MAG140_MAG140_MAG140_147_40,7.626624892,EX01,MAG140
MAG140_MAG140_MAG140_147_41,0.023449385,EX01,MAG140
MAG140_MAG140_MAG140_147_42,0.0,EX01,MAG140
MAG140_MAG140_MAG140_147_5,2.039933871,EX01,MAG140
MAG140_MAG140_MAG140_147_6,1.323923123,EX01,MAG140
MAG140_MAG140_MAG140_147_7,4.161338472,EX01,MAG140
MAG140_MAG140_MAG140_147_8,2.236536844,EX01,MAG140
MAG140_MAG140_MAG140_147_9,1.66508236,EX01,MAG140
MAG140_MAG140_MAG140_148_1,23.20772417,EX01,MAG140
MAG140_MAG140_MAG140_148_10,0.788827579,EX01,MAG140
MAG140_MAG140_MAG140_148_11,2.480150572,EX01,MAG140
MAG140_MAG140_MAG140_148_12,12.92142654,EX01,MAG140
MAG140_MAG140_MAG140_148_13,0.0,EX01,MAG140
MAG140_MAG140_MAG140_148_14,2.585499367,EX01,MAG140
MAG140_MAG140_MAG140_148_15,20.48469266,EX01,MAG140
MAG140_MAG140_MAG140_148_16,2.574702199,EX01,MAG140
MAG140_MAG140_MAG140_148_17,5.818738284,EX01,MAG140
MAG140_MAG140_MAG140_148_18,0.0,EX01,MAG140
MAG140_MAG140_MAG140_148_19,0.0,EX01,MAG140
MAG140_MAG140_MAG140_148_2,10.39577452,EX01,MAG140
MAG140_MAG140_MAG140_148_20,8.969255432,EX01,MAG140
MAG140_MAG140_MAG140_148_21,0.0,EX01,MAG140
MAG140_MAG140_MAG140_148_22,0.0,EX01,MAG140
MAG140_MAG140_MAG140_148_3,0.0,EX01,MAG140
MAG140_MAG140_MAG140_148_4,2.476846558,EX01,MAG140
MAG140_MAG140_MAG140_148_5,0.0,EX01,MAG140
MAG140_MAG140_MAG140_148_6,2.347972679,EX01,MAG140
MAG140_MAG140_MAG140_148_7,1.620165243,EX01,MAG140
MAG140_MAG140_MAG140_148_8,0.994464721,EX01,MAG140
MAG140_MAG140_MAG140_148_9,0.0,EX01,MAG140
MAG140_MAG140_MAG140_149_1,0.0,EX01,MAG140
MAG140_MAG140_MAG140_149_10,0.848176808,EX01,MAG140
MAG140_MAG140_MAG140_149_11,0.0,EX01,MAG140
MAG140_MAG140_MAG140_149_12,0.0,EX01,MAG140
MAG140_MAG140_MAG140_149_13,0.768588035,EX01,MAG140
MAG140_MAG140_MAG140_149_14,0.0,EX01,MAG140
MAG140_MAG140_MAG140_149_15,0.0,EX01,MAG140
MAG140_MAG140_MAG140_149_16,0.211061903,EX01,MAG140
MAG140_MAG140_MAG140_149_2,0.0,EX01,MAG140
MAG140_MAG140_MAG140_149_3,1.118828555,EX01,MAG140
MAG140_MAG140_MAG140_149_4,0.549812051,EX01,MAG140
MAG140_MAG140_MAG140_149_5,0.0,EX01,MAG140
MAG140_MAG140_MAG140_149_6,0.0,EX01,MAG140
MAG140_MAG140_MAG140_149_7,0.0,EX01,MAG140
MAG140_MAG140_MAG140_149_8,2.134122585,EX01,MAG140
MAG140_MAG140_MAG140_149_9,20.86341171,EX01,MAG140
MAG140_MAG140_MAG140_14_1,1.542261805,EX01,MAG140
MAG140_MAG140_MAG140_14_10,2.325310047,EX01,MAG140
MAG140_MAG140_MAG140_14_11,1.209786908,EX01,MAG140
MAG140_MAG140_MAG140_14_12,0.0,EX01,MAG140
MAG140_MAG140_MAG140_14_13,0.0,EX01,MAG140
MAG140_MAG140_MAG140_14_14,0.0,EX01,MAG140
MAG140_MAG140_MAG140_14_15,3.355759118,EX01,MAG140
MAG140_MAG140_MAG140_14_16,1.267102539,EX01,MAG140
MAG140_MAG140_MAG140_14_17,0.0,EX01,MAG140
MAG140_MAG140_MAG140_14_18,5.563464619,EX01,MAG140
MAG140_MAG140_MAG140_14_19,22.88800243,EX01,MAG140
MAG140_MAG140_MAG140_14_2,4.298969124,EX01,MAG140
MAG140_MAG140_MAG140_14_20,19.07580271,EX01,MAG140
MAG140_MAG140_MAG140_14_21,0.0,EX01,MAG140
MAG140_MAG140_MAG140_14_22,2.497962387,EX01,MAG140
MAG140_MAG140_MAG140_14_23,1.642533801,EX01,MAG140
MAG140_MAG140_MAG140_14_24,0.0,EX01,MAG140
MAG140_MAG140_MAG140_14_25,1.137149422,EX01,MAG140
MAG140_MAG140_MAG140_14_26,0.717654997,EX01,MAG140
MAG140_MAG140_MAG140_14_27,69.78483317,EX01,MAG140
MAG140_MAG140_MAG140_14_28,0.0,EX01,MAG140
MAG140_MAG140_MAG140_14_29,0.589621475,EX01,MAG140
MAG140_MAG140_MAG140_14_3,2.277616751,EX01,MAG140
MAG140_MAG140_MAG140_14_30,1.07269251,EX01,MAG140
MAG140_MAG140_MAG140_14_31,13.28647305,EX01,MAG140
MAG140_MAG140_MAG140_14_32,3.785176208,EX01,MAG140
MAG140_MAG140_MAG140_14_33,5.002468194,EX01,MAG140
MAG140_MAG140_MAG140_14_34,85.98939875,EX01,MAG140
MAG140_MAG140_MAG140_14_35,39.34620534,EX01,MAG140
MAG140_MAG140_MAG140_14_36,74.74727875,EX01,MAG140
MAG140_MAG140_MAG140_14_37,0.0,EX01,MAG140
MAG140_MAG140_MAG140_14_4,3.338916028,EX01,MAG140
MAG140_MAG140_MAG140_14_5,2.554971648,EX01,MAG140
MAG140_MAG140_MAG140_14_6,0.0,EX01,MAG140
MAG140_MAG140_MAG140_14_7,4.030124588,EX01,MAG140
MAG140_MAG140_MAG140_14_8,1.141242324,EX01,MAG140
MAG140_MAG140_MAG140_14_9,0.0,EX01,MAG140
MAG140_MAG140_MAG140_150_1,2.481426733,EX01,MAG140
MAG140_MAG140_MAG140_150_10,53.33635552,EX01,MAG140
MAG140_MAG140_MAG140_150_11,0.0,EX01,MAG140
MAG140_MAG140_MAG140_150_12,0.0,EX01,MAG140
MAG140_MAG140_MAG140_150_13,0.0,EX01,MAG140
MAG140_MAG140_MAG140_150_14,1.522560246,EX01,MAG140
MAG140_MAG140_MAG140_150_15,1.173401328,EX01,MAG140
MAG140_MAG140_MAG140_150_16,4.288055325,EX01,MAG140
MAG140_MAG140_MAG140_150_17,0.0,EX01,MAG140
MAG140_MAG140_MAG140_150_18,0.0,EX01,MAG140
MAG140_MAG140_MAG140_150_19,0.0,EX01,MAG140
MAG140_MAG140_MAG140_150_2,2.392354363,EX01,MAG140
MAG140_MAG140_MAG140_150_20,4.211991428,EX01,MAG140
MAG140_MAG140_MAG140_150_21,3.528719413,EX01,MAG140
MAG140_MAG140_MAG140_150_22,5.567346528,EX01,MAG140
MAG140_MAG140_MAG140_150_23,2.062812686,EX01,MAG140
MAG140_MAG140_MAG140_150_24,0.804042449,EX01,MAG140
MAG140_MAG140_MAG140_150_25,6.462003041,EX01,MAG140
MAG140_MAG140_MAG140_150_26,0.180038804,EX01,MAG140
MAG140_MAG140_MAG140_150_27,0.0,EX01,MAG140
MAG140_MAG140_MAG140_150_28,0.0,EX01,MAG140
MAG140_MAG140_MAG140_150_29,407.95869,EX01,MAG140
MAG140_MAG140_MAG140_150_3,0.0,EX01,MAG140
MAG140_MAG140_MAG140_150_30,9.756610959,EX01,MAG140
MAG140_MAG140_MAG140_150_31,71.79871263,EX01,MAG140
MAG140_MAG140_MAG140_150_32,4.638847677,EX01,MAG140
MAG140_MAG140_MAG140_150_33,5.194490738,EX01,MAG140
MAG140_MAG140_MAG140_150_34,0.0,EX01,MAG140
MAG140_MAG140_MAG140_150_35,4.127991385,EX01,MAG140
MAG140_MAG140_MAG140_150_36,1.753633083,EX01,MAG140
MAG140_MAG140_MAG140_150_37,10.39045936,EX01,MAG140
MAG140_MAG140_MAG140_150_38,10.88709036,EX01,MAG140
MAG140_MAG140_MAG140_150_39,0.0,EX01,MAG140
MAG140_MAG140_MAG140_150_4,20.18798329,EX01,MAG140
MAG140_MAG140_MAG140_150_40,0.0,EX01,MAG140
MAG140_MAG140_MAG140_150_41,0.0,EX01,MAG140
MAG140_MAG140_MAG140_150_42,0.0,EX01,MAG140
MAG140_MAG140_MAG140_150_43,0.0,EX01,MAG140
MAG140_MAG140_MAG140_150_44,6.575227807,EX01,MAG140
MAG140_MAG140_MAG140_150_45,0.0,EX01,MAG140
MAG140_MAG140_MAG140_150_46,4.250584081,EX01,MAG140
MAG140_MAG140_MAG140_150_47,2.99028005,EX01,MAG140
MAG140_MAG140_MAG140_150_48,0.0,EX01,MAG140
MAG140_MAG140_MAG140_150_49,0.0,EX01,MAG140
MAG140_MAG140_MAG140_150_5,2.971606569,EX01,MAG140
MAG140_MAG140_MAG140_150_50,0.0,EX01,MAG140
MAG140_MAG140_MAG140_150_51,0.0,EX01,MAG140
MAG140_MAG140_MAG140_150_52,0.966746768,EX01,MAG140
MAG140_MAG140_MAG140_150_53,1.164265936,EX01,MAG140
MAG140_MAG140_MAG140_150_54,0.0,EX01,MAG140
MAG140_MAG140_MAG140_150_55,0.426947252,EX01,MAG140
MAG140_MAG140_MAG140_150_56,0.641661037,EX01,MAG140
MAG140_MAG140_MAG140_150_57,0.0,EX01,MAG140
MAG140_MAG140_MAG140_150_58,0.146136794,EX01,MAG140
MAG140_MAG140_MAG140_150_6,14.44156334,EX01,MAG140
MAG140_MAG140_MAG140_150_7,0.0,EX01,MAG140
MAG140_MAG140_MAG140_150_8,5.928917327,EX01,MAG140
MAG140_MAG140_MAG140_150_9,110.2142365,EX01,MAG140
MAG140_MAG140_MAG140_151_1,13.34947053,EX01,MAG140
MAG140_MAG140_MAG140_151_2,0.0,EX01,MAG140
MAG140_MAG140_MAG140_151_3,1.494457013,EX01,MAG140
MAG140_MAG140_MAG140_151_4,23.94800071,EX01,MAG140
MAG140_MAG140_MAG140_151_5,6.394632011,EX01,MAG140
MAG140_MAG140_MAG140_152_1,5.043854987,EX01,MAG140
MAG140_MAG140_MAG140_152_10,4.892740887,EX01,MAG140
MAG140_MAG140_MAG140_152_100,8.647466389,EX01,MAG140
MAG140_MAG140_MAG140_152_101,5.131777201,EX01,MAG140
MAG140_MAG140_MAG140_152_102,0.0,EX01,MAG140
MAG140_MAG140_MAG140_152_103,0.0,EX01,MAG140
MAG140_MAG140_MAG140_152_104,0.0,EX01,MAG140
MAG140_MAG140_MAG140_152_105,7.524507847,EX01,MAG140
MAG140_MAG140_MAG140_152_106,2.454857589,EX01,MAG140
MAG140_MAG140_MAG140_152_107,0.0,EX01,MAG140
MAG140_MAG140_MAG140_152_108,4.011427505,EX01,MAG140
MAG140_MAG140_MAG140_152_109,21.46381688,EX01,MAG140
MAG140_MAG140_MAG140_152_11,41.74363199,EX01,MAG140
MAG140_MAG140_MAG140_152_110,10.54540959,EX01,MAG140
MAG140_MAG140_MAG140_152_111,8.998115633,EX01,MAG140
MAG140_MAG140_MAG140_152_112,1.664430253,EX01,MAG140
MAG140_MAG140_MAG140_152_113,6.615015469,EX01,MAG140
MAG140_MAG140_MAG140_152_114,54.3944834,EX01,MAG140
MAG140_MAG140_MAG140_152_115,0.0,EX01,MAG140
MAG140_MAG140_MAG140_152_116,5.725458088,EX01,MAG140
MAG140_MAG140_MAG140_152_117,1.695865753,EX01,MAG140
MAG140_MAG140_MAG140_152_118,0.0,EX01,MAG140
MAG140_MAG140_MAG140_152_119,0.0,EX01,MAG140
MAG140_MAG140_MAG140_152_12,7.159549571,EX01,MAG140
MAG140_MAG140_MAG140_152_120,0.0,EX01,MAG140
MAG140_MAG140_MAG140_152_121,1.598220468,EX01,MAG140
MAG140_MAG140_MAG140_152_122,0.268081974,EX01,MAG140
MAG140_MAG140_MAG140_152_123,11.83851407,EX01,MAG140
MAG140_MAG140_MAG140_152_124,0.0,EX01,MAG140
MAG140_MAG140_MAG140_152_13,0.0,EX01,MAG140
MAG140_MAG140_MAG140_152_14,0.90644956,EX01,MAG140
MAG140_MAG140_MAG140_152_15,6.146555891,EX01,MAG140
MAG140_MAG140_MAG140_152_16,10.53761796,EX01,MAG140
MAG140_MAG140_MAG140_152_17,20.36496693,EX01,MAG140
MAG140_MAG140_MAG140_152_18,0.0,EX01,MAG140
MAG140_MAG140_MAG140_152_19,10.37789692,EX01,MAG140
MAG140_MAG140_MAG140_152_2,22.17853785,EX01,MAG140
MAG140_MAG140_MAG140_152_20,0.0,EX01,MAG140
MAG140_MAG140_MAG140_152_21,0.0,EX01,MAG140
MAG140_MAG140_MAG140_152_22,7.993185781,EX01,MAG140
MAG140_MAG140_MAG140_152_23,0.0,EX01,MAG140
MAG140_MAG140_MAG140_152_24,7.28098398,EX01,MAG140
MAG140_MAG140_MAG140_152_25,6.043844035,EX01,MAG140
MAG140_MAG140_MAG140_152_26,8.396909319,EX01,MAG140
MAG140_MAG140_MAG140_152_27,0.0,EX01,MAG140
MAG140_MAG140_MAG140_152_28,0.0,EX01,MAG140
MAG140_MAG140_MAG140_152_29,0.0,EX01,MAG140
MAG140_MAG140_MAG140_152_3,42.33594271,EX01,MAG140
MAG140_MAG140_MAG140_152_30,0.0,EX01,MAG140
MAG140_MAG140_MAG140_152_31,0.0,EX01,MAG140
MAG140_MAG140_MAG140_152_32,1.19639674,EX01,MAG140
MAG140_MAG140_MAG140_152_33,2.498721673,EX01,MAG140
MAG140_MAG140_MAG140_152_34,8.905489352,EX01,MAG140
MAG140_MAG140_MAG140_152_35,13.38257363,EX01,MAG140
MAG140_MAG140_MAG140_152_36,9.039516591,EX01,MAG140
MAG140_MAG140_MAG140_152_37,4.918530596,EX01,MAG140
MAG140_MAG140_MAG140_152_38,26.21515343,EX01,MAG140
MAG140_MAG140_MAG140_152_39,0.0,EX01,MAG140
MAG140_MAG140_MAG140_152_4,56.81537823,EX01,MAG140
MAG140_MAG140_MAG140_152_40,0.0,EX01,MAG140
MAG140_MAG140_MAG140_152_41,0.0,EX01,MAG140
MAG140_MAG140_MAG140_152_42,0.807562971,EX01,MAG140
MAG140_MAG140_MAG140_152_43,0.0,EX01,MAG140
MAG140_MAG140_MAG140_152_44,3.094791612,EX01,MAG140
MAG140_MAG140_MAG140_152_45,0.0,EX01,MAG140
MAG140_MAG140_MAG140_152_46,0.689818149,EX01,MAG140
MAG140_MAG140_MAG140_152_47,8.903630021,EX01,MAG140
MAG140_MAG140_MAG140_152_48,7.75871027,EX01,MAG140
MAG140_MAG140_MAG140_152_49,0.0,EX01,MAG140
MAG140_MAG140_MAG140_152_5,1.419863218,EX01,MAG140
MAG140_MAG140_MAG140_152_50,7.591082704,EX01,MAG140
MAG140_MAG140_MAG140_152_51,0.0,EX01,MAG140
MAG140_MAG140_MAG140_152_52,2.255568726,EX01,MAG140
MAG140_MAG140_MAG140_152_53,4.490608399,EX01,MAG140
MAG140_MAG140_MAG140_152_54,8.535659917,EX01,MAG140
MAG140_MAG140_MAG140_152_55,0.717745973,EX01,MAG140
MAG140_MAG140_MAG140_152_56,0.915799735,EX01,MAG140
MAG140_MAG140_MAG140_152_57,3.693832564,EX01,MAG140
MAG140_MAG140_MAG140_152_58,101.5679145,EX01,MAG140
MAG140_MAG140_MAG140_152_59,304.5902863,EX01,MAG140
MAG140_MAG140_MAG140_152_6,1.329587274,EX01,MAG140
MAG140_MAG140_MAG140_152_60,191.972672,EX01,MAG140
MAG140_MAG140_MAG140_152_61,193.735297,EX01,MAG140
MAG140_MAG140_MAG140_152_62,0.0,EX01,MAG140
MAG140_MAG140_MAG140_152_63,83.99413184,EX01,MAG140
MAG140_MAG140_MAG140_152_64,125.0751615,EX01,MAG140
MAG140_MAG140_MAG140_152_65,144.6037955,EX01,MAG140
MAG140_MAG140_MAG140_152_66,154.4682375,EX01,MAG140
MAG140_MAG140_MAG140_152_67,180.6202005,EX01,MAG140
MAG140_MAG140_MAG140_152_68,35.00113318,EX01,MAG140
MAG140_MAG140_MAG140_152_69,61.66770693,EX01,MAG140
MAG140_MAG140_MAG140_152_7,3.239652407,EX01,MAG140
MAG140_MAG140_MAG140_152_70,76.36140968,EX01,MAG140
MAG140_MAG140_MAG140_152_71,22.5102834,EX01,MAG140
MAG140_MAG140_MAG140_152_72,19.82520185,EX01,MAG140
MAG140_MAG140_MAG140_152_73,50.32424025,EX01,MAG140
MAG140_MAG140_MAG140_152_74,326.6247891,EX01,MAG140
MAG140_MAG140_MAG140_152_75,0.0,EX01,MAG140
MAG140_MAG140_MAG140_152_76,10.44048005,EX01,MAG140
MAG140_MAG140_MAG140_152_77,5.42946825,EX01,MAG140
MAG140_MAG140_MAG140_152_78,0.0,EX01,MAG140
MAG140_MAG140_MAG140_152_79,16.05463748,EX01,MAG140
MAG140_MAG140_MAG140_152_8,0.428199652,EX01,MAG140
MAG140_MAG140_MAG140_152_80,11.65096179,EX01,MAG140
MAG140_MAG140_MAG140_152_81,0.0,EX01,MAG140
MAG140_MAG140_MAG140_152_82,7.738647195,EX01,MAG140
MAG140_MAG140_MAG140_152_83,0.0,EX01,MAG140
MAG140_MAG140_MAG140_152_84,1.324072232,EX01,MAG140
MAG140_MAG140_MAG140_152_85,0.0,EX01,MAG140
MAG140_MAG140_MAG140_152_86,0.0,EX01,MAG140
MAG140_MAG140_MAG140_152_87,0.0,EX01,MAG140
MAG140_MAG140_MAG140_152_88,0.0,EX01,MAG140
MAG140_MAG140_MAG140_152_89,0.0,EX01,MAG140
MAG140_MAG140_MAG140_152_9,1.03100037,EX01,MAG140
MAG140_MAG140_MAG140_152_90,10.7641286,EX01,MAG140
MAG140_MAG140_MAG140_152_91,0.0,EX01,MAG140
MAG140_MAG140_MAG140_152_92,0.966778524,EX01,MAG140
MAG140_MAG140_MAG140_152_93,0.0,EX01,MAG140
MAG140_MAG140_MAG140_152_94,0.0,EX01,MAG140
MAG140_MAG140_MAG140_152_95,17.80845467,EX01,MAG140
MAG140_MAG140_MAG140_152_96,12.84278668,EX01,MAG140
MAG140_MAG140_MAG140_152_97,5.989494758,EX01,MAG140
MAG140_MAG140_MAG140_152_98,3.356673424,EX01,MAG140
MAG140_MAG140_MAG140_152_99,3.256922358,EX01,MAG140
MAG140_MAG140_MAG140_153_1,0.0,EX01,MAG140
MAG140_MAG140_MAG140_153_10,0.0,EX01,MAG140
MAG140_MAG140_MAG140_153_11,0.0,EX01,MAG140
MAG140_MAG140_MAG140_153_12,0.0,EX01,MAG140
MAG140_MAG140_MAG140_153_13,3.324587634,EX01,MAG140
MAG140_MAG140_MAG140_153_14,3.175077272,EX01,MAG140
MAG140_MAG140_MAG140_153_15,0.0,EX01,MAG140
MAG140_MAG140_MAG140_153_16,4.45195665,EX01,MAG140
MAG140_MAG140_MAG140_153_17,16.97052421,EX01,MAG140
MAG140_MAG140_MAG140_153_18,0.0,EX01,MAG140
MAG140_MAG140_MAG140_153_2,4.188341279,EX01,MAG140
MAG140_MAG140_MAG140_153_3,6.568048975,EX01,MAG140
MAG140_MAG140_MAG140_153_4,4.084098559,EX01,MAG140
MAG140_MAG140_MAG140_153_5,1.855930379,EX01,MAG140
MAG140_MAG140_MAG140_153_6,9.388800778,EX01,MAG140
MAG140_MAG140_MAG140_153_7,16.71902028,EX01,MAG140
MAG140_MAG140_MAG140_153_8,46.15997758,EX01,MAG140
MAG140_MAG140_MAG140_153_9,0.0,EX01,MAG140
MAG140_MAG140_MAG140_154_1,0.0,EX01,MAG140
MAG140_MAG140_MAG140_154_10,4.396292941,EX01,MAG140
MAG140_MAG140_MAG140_154_11,8.569277154,EX01,MAG140
MAG140_MAG140_MAG140_154_12,17.53392536,EX01,MAG140
MAG140_MAG140_MAG140_154_13,3.618377497,EX01,MAG140
MAG140_MAG140_MAG140_154_14,2.171882693,EX01,MAG140
MAG140_MAG140_MAG140_154_15,7.957800468,EX01,MAG140
MAG140_MAG140_MAG140_154_16,6.355408895,EX01,MAG140
MAG140_MAG140_MAG140_154_17,2.263303408,EX01,MAG140
MAG140_MAG140_MAG140_154_18,1.273576857,EX01,MAG140
MAG140_MAG140_MAG140_154_19,2.54684206,EX01,MAG140
MAG140_MAG140_MAG140_154_2,1.005993215,EX01,MAG140
MAG140_MAG140_MAG140_154_20,16.14620072,EX01,MAG140
MAG140_MAG140_MAG140_154_21,36.32815715,EX01,MAG140
MAG140_MAG140_MAG140_154_22,2.657964601,EX01,MAG140
MAG140_MAG140_MAG140_154_23,0.0,EX01,MAG140
MAG140_MAG140_MAG140_154_24,5.497796981,EX01,MAG140
MAG140_MAG140_MAG140_154_25,7.776859715,EX01,MAG140
MAG140_MAG140_MAG140_154_3,16.5167907,EX01,MAG140
MAG140_MAG140_MAG140_154_4,67.06562317,EX01,MAG140
MAG140_MAG140_MAG140_154_5,89.7976244,EX01,MAG140
MAG140_MAG140_MAG140_154_6,1.960185884,EX01,MAG140
MAG140_MAG140_MAG140_154_7,1.250000148,EX01,MAG140
MAG140_MAG140_MAG140_154_8,0.0,EX01,MAG140
MAG140_MAG140_MAG140_154_9,0.0,EX01,MAG140
MAG140_MAG140_MAG140_155_1,2.688139011,EX01,MAG140
MAG140_MAG140_MAG140_155_10,0.0,EX01,MAG140
MAG140_MAG140_MAG140_155_11,2.985684276,EX01,MAG140
MAG140_MAG140_MAG140_155_12,5.579378323,EX01,MAG140
MAG140_MAG140_MAG140_155_13,23.18867938,EX01,MAG140
MAG140_MAG140_MAG140_155_14,110.6144929,EX01,MAG140
MAG140_MAG140_MAG140_155_15,20.05906634,EX01,MAG140
MAG140_MAG140_MAG140_155_16,0.0,EX01,MAG140
MAG140_MAG140_MAG140_155_17,0.0,EX01,MAG140
MAG140_MAG140_MAG140_155_18,48.7627099,EX01,MAG140
MAG140_MAG140_MAG140_155_19,0.0,EX01,MAG140
MAG140_MAG140_MAG140_155_2,3.575429717,EX01,MAG140
MAG140_MAG140_MAG140_155_20,0.0,EX01,MAG140
MAG140_MAG140_MAG140_155_21,4.0183341,EX01,MAG140
MAG140_MAG140_MAG140_155_22,21.36822558,EX01,MAG140
MAG140_MAG140_MAG140_155_23,1.776341457,EX01,MAG140
MAG140_MAG140_MAG140_155_24,1.773489218,EX01,MAG140
MAG140_MAG140_MAG140_155_25,0.0,EX01,MAG140
MAG140_MAG140_MAG140_155_26,0.0,EX01,MAG140
MAG140_MAG140_MAG140_155_27,6.521057638,EX01,MAG140
MAG140_MAG140_MAG140_155_28,3.387622288,EX01,MAG140
MAG140_MAG140_MAG140_155_3,0.0,EX01,MAG140
MAG140_MAG140_MAG140_155_4,0.0,EX01,MAG140
MAG140_MAG140_MAG140_155_5,1.403688702,EX01,MAG140
MAG140_MAG140_MAG140_155_6,0.0,EX01,MAG140
MAG140_MAG140_MAG140_155_7,1.209841938,EX01,MAG140
MAG140_MAG140_MAG140_155_8,2.890418846,EX01,MAG140
MAG140_MAG140_MAG140_155_9,0.0,EX01,MAG140
MAG140_MAG140_MAG140_156_1,22.29862893,EX01,MAG140
MAG140_MAG140_MAG140_156_10,10.24513881,EX01,MAG140
MAG140_MAG140_MAG140_156_11,10.97532626,EX01,MAG140
MAG140_MAG140_MAG140_156_2,0.0,EX01,MAG140
MAG140_MAG140_MAG140_156_3,27.87079093,EX01,MAG140
MAG140_MAG140_MAG140_156_4,0.0,EX01,MAG140
MAG140_MAG140_MAG140_156_5,37.74734659,EX01,MAG140
MAG140_MAG140_MAG140_156_6,0.0,EX01,MAG140
MAG140_MAG140_MAG140_156_7,0.0,EX01,MAG140
MAG140_MAG140_MAG140_156_8,0.0,EX01,MAG140
MAG140_MAG140_MAG140_156_9,0.0,EX01,MAG140
MAG140_MAG140_MAG140_157_1,740.4735951,EX01,MAG140
MAG140_MAG140_MAG140_157_10,0.0,EX01,MAG140
MAG140_MAG140_MAG140_157_11,0.0,EX01,MAG140
MAG140_MAG140_MAG140_157_12,0.0,EX01,MAG140
MAG140_MAG140_MAG140_157_13,16.438291,EX01,MAG140
MAG140_MAG140_MAG140_157_2,10.91983522,EX01,MAG140
MAG140_MAG140_MAG140_157_3,0.0,EX01,MAG140
MAG140_MAG140_MAG140_157_4,0.0,EX01,MAG140
MAG140_MAG140_MAG140_157_5,8.524013426,EX01,MAG140
MAG140_MAG140_MAG140_157_6,0.0,EX01,MAG140
MAG140_MAG140_MAG140_157_7,0.0,EX01,MAG140
MAG140_MAG140_MAG140_157_8,0.0,EX01,MAG140
MAG140_MAG140_MAG140_157_9,0.0,EX01,MAG140
MAG140_MAG140_MAG140_158_1,13.92421606,EX01,MAG140
MAG140_MAG140_MAG140_158_2,5.063380392,EX01,MAG140
MAG140_MAG140_MAG140_159_1,16.87969151,EX01,MAG140
MAG140_MAG140_MAG140_159_2,19.16979225,EX01,MAG140
MAG140_MAG140_MAG140_159_3,125.0146842,EX01,MAG140
MAG140_MAG140_MAG140_159_4,13.72109164,EX01,MAG140
MAG140_MAG140_MAG140_159_5,10.20203164,EX01,MAG140
MAG140_MAG140_MAG140_159_6,0.0,EX01,MAG140
MAG140_MAG140_MAG140_159_7,0.0,EX01,MAG140
MAG140_MAG140_MAG140_15_1,0.0,EX01,MAG140
MAG140_MAG140_MAG140_15_2,0.0,EX01,MAG140
MAG140_MAG140_MAG140_15_3,21.25005342,EX01,MAG140
MAG140_MAG140_MAG140_15_4,141.9472076,EX01,MAG140
MAG140_MAG140_MAG140_160_1,0.283629762,EX01,MAG140
MAG140_MAG140_MAG140_160_10,3.094282894,EX01,MAG140
MAG140_MAG140_MAG140_160_11,4.731338959,EX01,MAG140
MAG140_MAG140_MAG140_160_12,22.85744673,EX01,MAG140
MAG140_MAG140_MAG140_160_13,8.202417203,EX01,MAG140
MAG140_MAG140_MAG140_160_14,39.82560202,EX01,MAG140
MAG140_MAG140_MAG140_160_2,3.726687398,EX01,MAG140
MAG140_MAG140_MAG140_160_3,3.006857079,EX01,MAG140
MAG140_MAG140_MAG140_160_4,28.4066172,EX01,MAG140
MAG140_MAG140_MAG140_160_5,14.81255431,EX01,MAG140
MAG140_MAG140_MAG140_160_6,5.389800467,EX01,MAG140
MAG140_MAG140_MAG140_160_7,29.49253566,EX01,MAG140
MAG140_MAG140_MAG140_160_8,4.904833176,EX01,MAG140
MAG140_MAG140_MAG140_160_9,2.832384564,EX01,MAG140
MAG140_MAG140_MAG140_161_1,0.0,EX01,MAG140
MAG140_MAG140_MAG140_161_2,1.771027224,EX01,MAG140
MAG140_MAG140_MAG140_161_3,1.445107689,EX01,MAG140
MAG140_MAG140_MAG140_162_1,204.8729641,EX01,MAG140
MAG140_MAG140_MAG140_162_10,5.301235368,EX01,MAG140
MAG140_MAG140_MAG140_162_11,0.0,EX01,MAG140
MAG140_MAG140_MAG140_162_12,0.0,EX01,MAG140
MAG140_MAG140_MAG140_162_13,0.0,EX01,MAG140
MAG140_MAG140_MAG140_162_14,0.0,EX01,MAG140
MAG140_MAG140_MAG140_162_2,1072.66851,EX01,MAG140
MAG140_MAG140_MAG140_162_3,0.0,EX01,MAG140
MAG140_MAG140_MAG140_162_4,0.0,EX01,MAG140
MAG140_MAG140_MAG140_162_5,14.27434926,EX01,MAG140
MAG140_MAG140_MAG140_162_6,6.553846329,EX01,MAG140
MAG140_MAG140_MAG140_162_7,10.55157337,EX01,MAG140
MAG140_MAG140_MAG140_162_8,15.50413718,EX01,MAG140
MAG140_MAG140_MAG140_162_9,8.304442573,EX01,MAG140
MAG140_MAG140_MAG140_163_1,0.0,EX01,MAG140
MAG140_MAG140_MAG140_163_10,29.00981463,EX01,MAG140
MAG140_MAG140_MAG140_163_11,0.0,EX01,MAG140
MAG140_MAG140_MAG140_163_12,0.0,EX01,MAG140
MAG140_MAG140_MAG140_163_13,0.0,EX01,MAG140
MAG140_MAG140_MAG140_163_14,3.634013754,EX01,MAG140
MAG140_MAG140_MAG140_163_15,10.1877773,EX01,MAG140
MAG140_MAG140_MAG140_163_16,5.942341713,EX01,MAG140
MAG140_MAG140_MAG140_163_17,28.90575678,EX01,MAG140
MAG140_MAG140_MAG140_163_18,2.51780903,EX01,MAG140
MAG140_MAG140_MAG140_163_19,0.0,EX01,MAG140
MAG140_MAG140_MAG140_163_2,0.0,EX01,MAG140
MAG140_MAG140_MAG140_163_20,1.806440602,EX01,MAG140
MAG140_MAG140_MAG140_163_21,7.735260929,EX01,MAG140
MAG140_MAG140_MAG140_163_22,5.81415788,EX01,MAG140
MAG140_MAG140_MAG140_163_23,0.0,EX01,MAG140
MAG140_MAG140_MAG140_163_24,0.0,EX01,MAG140
MAG140_MAG140_MAG140_163_3,0.0,EX01,MAG140
MAG140_MAG140_MAG140_163_4,1.95197478,EX01,MAG140
MAG140_MAG140_MAG140_163_5,1.631459448,EX01,MAG140
MAG140_MAG140_MAG140_163_6,4.349117696,EX01,MAG140
MAG140_MAG140_MAG140_163_7,0.0,EX01,MAG140
MAG140_MAG140_MAG140_163_8,0.0,EX01,MAG140
MAG140_MAG140_MAG140_163_9,0.0,EX01,MAG140
MAG140_MAG140_MAG140_164_1,0.0,EX01,MAG140
MAG140_MAG140_MAG140_164_10,7.080235236,EX01,MAG140
MAG140_MAG140_MAG140_164_11,0.0,EX01,MAG140
MAG140_MAG140_MAG140_164_12,8.301020514,EX01,MAG140
MAG140_MAG140_MAG140_164_13,10.00121784,EX01,MAG140
MAG140_MAG140_MAG140_164_14,17.04917194,EX01,MAG140
MAG140_MAG140_MAG140_164_15,5.530228116,EX01,MAG140
MAG140_MAG140_MAG140_164_16,143.3820844,EX01,MAG140
MAG140_MAG140_MAG140_164_17,47.46962066,EX01,MAG140
MAG140_MAG140_MAG140_164_18,41.59822001,EX01,MAG140
MAG140_MAG140_MAG140_164_19,15.54887523,EX01,MAG140
MAG140_MAG140_MAG140_164_2,3.077409582,EX01,MAG140
MAG140_MAG140_MAG140_164_20,19.01594994,EX01,MAG140
MAG140_MAG140_MAG140_164_21,7.801856084,EX01,MAG140
MAG140_MAG140_MAG140_164_22,11.62869864,EX01,MAG140
MAG140_MAG140_MAG140_164_23,16.13641951,EX01,MAG140
MAG140_MAG140_MAG140_164_24,25.1075391,EX01,MAG140
MAG140_MAG140_MAG140_164_25,1.555104049,EX01,MAG140
MAG140_MAG140_MAG140_164_26,0.769967474,EX01,MAG140
MAG140_MAG140_MAG140_164_27,15.90231852,EX01,MAG140
MAG140_MAG140_MAG140_164_28,79.50394449,EX01,MAG140
MAG140_MAG140_MAG140_164_29,0.0,EX01,MAG140
MAG140_MAG140_MAG140_164_3,8.630934937,EX01,MAG140
MAG140_MAG140_MAG140_164_30,12.45800073,EX01,MAG140
MAG140_MAG140_MAG140_164_31,0.0,EX01,MAG140
MAG140_MAG140_MAG140_164_32,6.47026419,EX01,MAG140
MAG140_MAG140_MAG140_164_33,8.624850156,EX01,MAG140
MAG140_MAG140_MAG140_164_34,0.0,EX01,MAG140
MAG140_MAG140_MAG140_164_35,30.89467433,EX01,MAG140
MAG140_MAG140_MAG140_164_36,2.454426923,EX01,MAG140
MAG140_MAG140_MAG140_164_37,9.107519754,EX01,MAG140
MAG140_MAG140_MAG140_164_38,0.0,EX01,MAG140
MAG140_MAG140_MAG140_164_4,7.740676005,EX01,MAG140
MAG140_MAG140_MAG140_164_5,2.773393556,EX01,MAG140
MAG140_MAG140_MAG140_164_6,0.0,EX01,MAG140
MAG140_MAG140_MAG140_164_7,1.923439802,EX01,MAG140
MAG140_MAG140_MAG140_164_8,0.0,EX01,MAG140
MAG140_MAG140_MAG140_164_9,0.0,EX01,MAG140
MAG140_MAG140_MAG140_165_1,0.0,EX01,MAG140
MAG140_MAG140_MAG140_165_2,0.0,EX01,MAG140
MAG140_MAG140_MAG140_165_3,0.0,EX01,MAG140
MAG140_MAG140_MAG140_165_4,2.743251109,EX01,MAG140
MAG140_MAG140_MAG140_165_5,0.0,EX01,MAG140
MAG140_MAG140_MAG140_166_1,18.07762766,EX01,MAG140
MAG140_MAG140_MAG140_166_10,5.03927908,EX01,MAG140
MAG140_MAG140_MAG140_166_11,0.0,EX01,MAG140
MAG140_MAG140_MAG140_166_12,101.6186188,EX01,MAG140
MAG140_MAG140_MAG140_166_13,2.617624039,EX01,MAG140
MAG140_MAG140_MAG140_166_14,7.045899456,EX01,MAG140
MAG140_MAG140_MAG140_166_15,6.563960284,EX01,MAG140
MAG140_MAG140_MAG140_166_16,3.149309402,EX01,MAG140
MAG140_MAG140_MAG140_166_17,3.268933064,EX01,MAG140
MAG140_MAG140_MAG140_166_18,5.944227301,EX01,MAG140
MAG140_MAG140_MAG140_166_19,5.19676527,EX01,MAG140
MAG140_MAG140_MAG140_166_2,3.755826018,EX01,MAG140
MAG140_MAG140_MAG140_166_20,9.239368063,EX01,MAG140
MAG140_MAG140_MAG140_166_21,0.0,EX01,MAG140
MAG140_MAG140_MAG140_166_22,3.886088836,EX01,MAG140
MAG140_MAG140_MAG140_166_23,6.483785458,EX01,MAG140
MAG140_MAG140_MAG140_166_24,18.20162411,EX01,MAG140
MAG140_MAG140_MAG140_166_25,3.707255456,EX01,MAG140
MAG140_MAG140_MAG140_166_26,39.97879837,EX01,MAG140
MAG140_MAG140_MAG140_166_27,5.26753575,EX01,MAG140
MAG140_MAG140_MAG140_166_28,79.56742884,EX01,MAG140
MAG140_MAG140_MAG140_166_3,21.98766237,EX01,MAG140
MAG140_MAG140_MAG140_166_4,0.0,EX01,MAG140
MAG140_MAG140_MAG140_166_5,0.0,EX01,MAG140
MAG140_MAG140_MAG140_166_6,2.14617892,EX01,MAG140
MAG140_MAG140_MAG140_166_7,2.31355111,EX01,MAG140
MAG140_MAG140_MAG140_166_8,0.0,EX01,MAG140
MAG140_MAG140_MAG140_166_9,1.712425219,EX01,MAG140
MAG140_MAG140_MAG140_167_1,0.0,EX01,MAG140
MAG140_MAG140_MAG140_167_10,1.804176,EX01,MAG140
MAG140_MAG140_MAG140_167_11,1.049057907,EX01,MAG140
MAG140_MAG140_MAG140_167_12,0.0,EX01,MAG140
MAG140_MAG140_MAG140_167_13,22.6521936,EX01,MAG140
MAG140_MAG140_MAG140_167_14,3.116305339,EX01,MAG140
MAG140_MAG140_MAG140_167_15,3.387946638,EX01,MAG140
MAG140_MAG140_MAG140_167_16,16.85001408,EX01,MAG140
MAG140_MAG140_MAG140_167_17,0.0,EX01,MAG140
MAG140_MAG140_MAG140_167_18,4.490517297,EX01,MAG140
MAG140_MAG140_MAG140_167_19,6.82058961,EX01,MAG140
MAG140_MAG140_MAG140_167_2,1.402509956,EX01,MAG140
MAG140_MAG140_MAG140_167_20,10.98992304,EX01,MAG140
MAG140_MAG140_MAG140_167_21,0.0,EX01,MAG140
MAG140_MAG140_MAG140_167_22,0.0,EX01,MAG140
MAG140_MAG140_MAG140_167_23,0.0,EX01,MAG140
MAG140_MAG140_MAG140_167_24,2.349002887,EX01,MAG140
MAG140_MAG140_MAG140_167_25,1.185301735,EX01,MAG140
MAG140_MAG140_MAG140_167_26,1.604105994,EX01,MAG140
MAG140_MAG140_MAG140_167_27,5.484677134,EX01,MAG140
MAG140_MAG140_MAG140_167_28,1.842812177,EX01,MAG140
MAG140_MAG140_MAG140_167_29,0.635993247,EX01,MAG140
MAG140_MAG140_MAG140_167_3,0.0,EX01,MAG140
MAG140_MAG140_MAG140_167_30,0.49790943,EX01,MAG140
MAG140_MAG140_MAG140_167_31,1.062470087,EX01,MAG140
MAG140_MAG140_MAG140_167_32,24.60108265,EX01,MAG140
MAG140_MAG140_MAG140_167_33,6.631112627,EX01,MAG140
MAG140_MAG140_MAG140_167_34,0.0,EX01,MAG140
MAG140_MAG140_MAG140_167_35,4.712921687,EX01,MAG140
MAG140_MAG140_MAG140_167_36,1.21866542,EX01,MAG140
MAG140_MAG140_MAG140_167_37,17.19913403,EX01,MAG140
MAG140_MAG140_MAG140_167_38,3.09448116,EX01,MAG140
MAG140_MAG140_MAG140_167_39,7.539102497,EX01,MAG140
MAG140_MAG140_MAG140_167_4,0.0,EX01,MAG140
MAG140_MAG140_MAG140_167_40,0.0,EX01,MAG140
MAG140_MAG140_MAG140_167_41,8.887805275,EX01,MAG140
MAG140_MAG140_MAG140_167_42,34.05507011,EX01,MAG140
MAG140_MAG140_MAG140_167_43,0.0,EX01,MAG140
MAG140_MAG140_MAG140_167_44,8.305206725,EX01,MAG140
MAG140_MAG140_MAG140_167_45,37.75610407,EX01,MAG140
MAG140_MAG140_MAG140_167_46,0.0,EX01,MAG140
MAG140_MAG140_MAG140_167_47,5.542970586,EX01,MAG140
MAG140_MAG140_MAG140_167_48,0.0,EX01,MAG140
MAG140_MAG140_MAG140_167_49,1.943235935,EX01,MAG140
MAG140_MAG140_MAG140_167_5,0.0,EX01,MAG140
MAG140_MAG140_MAG140_167_50,0.0,EX01,MAG140
MAG140_MAG140_MAG140_167_51,47.39475398,EX01,MAG140
MAG140_MAG140_MAG140_167_52,15.12033019,EX01,MAG140
MAG140_MAG140_MAG140_167_53,0.23401169,EX01,MAG140
MAG140_MAG140_MAG140_167_54,0.0,EX01,MAG140
MAG140_MAG140_MAG140_167_55,12.92833491,EX01,MAG140
MAG140_MAG140_MAG140_167_56,5.173163993,EX01,MAG140
MAG140_MAG140_MAG140_167_57,7.134442092,EX01,MAG140
MAG140_MAG140_MAG140_167_58,0.0,EX01,MAG140
MAG140_MAG140_MAG140_167_59,40.43842149,EX01,MAG140
MAG140_MAG140_MAG140_167_6,27.67935773,EX01,MAG140
MAG140_MAG140_MAG140_167_60,13.22291932,EX01,MAG140
MAG140_MAG140_MAG140_167_61,2.909547912,EX01,MAG140
MAG140_MAG140_MAG140_167_62,4.355907283,EX01,MAG140
MAG140_MAG140_MAG140_167_7,0.13620372,EX01,MAG140
MAG140_MAG140_MAG140_167_8,0.0,EX01,MAG140
MAG140_MAG140_MAG140_167_9,2.350115851,EX01,MAG140
MAG140_MAG140_MAG140_168_1,2.149303717,EX01,MAG140
MAG140_MAG140_MAG140_168_10,0.838490346,EX01,MAG140
MAG140_MAG140_MAG140_168_11,0.0,EX01,MAG140
MAG140_MAG140_MAG140_168_12,5.872845892,EX01,MAG140
MAG140_MAG140_MAG140_168_13,0.0,EX01,MAG140
MAG140_MAG140_MAG140_168_14,18.96391597,EX01,MAG140
MAG140_MAG140_MAG140_168_15,0.0,EX01,MAG140
MAG140_MAG140_MAG140_168_2,3.490352117,EX01,MAG140
MAG140_MAG140_MAG140_168_3,0.0,EX01,MAG140
MAG140_MAG140_MAG140_168_4,0.196820611,EX01,MAG140
MAG140_MAG140_MAG140_168_5,3.018266401,EX01,MAG140
MAG140_MAG140_MAG140_168_6,15.73549546,EX01,MAG140
MAG140_MAG140_MAG140_168_7,3.461518729,EX01,MAG140
MAG140_MAG140_MAG140_168_8,1.282841986,EX01,MAG140
MAG140_MAG140_MAG140_168_9,0.0,EX01,MAG140
MAG140_MAG140_MAG140_169_1,3.436403002,EX01,MAG140
MAG140_MAG140_MAG140_169_10,10.59180195,EX01,MAG140
MAG140_MAG140_MAG140_169_11,20.35294581,EX01,MAG140
MAG140_MAG140_MAG140_169_12,0.0,EX01,MAG140
MAG140_MAG140_MAG140_169_13,0.0,EX01,MAG140
MAG140_MAG140_MAG140_169_14,18.15697954,EX01,MAG140
MAG140_MAG140_MAG140_169_15,0.0,EX01,MAG140
MAG140_MAG140_MAG140_169_16,4.632012652,EX01,MAG140
MAG140_MAG140_MAG140_169_17,0.0,EX01,MAG140
MAG140_MAG140_MAG140_169_18,3.260317806,EX01,MAG140
MAG140_MAG140_MAG140_169_2,0.0,EX01,MAG140
MAG140_MAG140_MAG140_169_3,4.334507468,EX01,MAG140
MAG140_MAG140_MAG140_169_4,12.02948293,EX01,MAG140
MAG140_MAG140_MAG140_169_5,7.829231968,EX01,MAG140
MAG140_MAG140_MAG140_169_6,5.484103121,EX01,MAG140
MAG140_MAG140_MAG140_169_7,11.40737331,EX01,MAG140
MAG140_MAG140_MAG140_169_8,0.0,EX01,MAG140
MAG140_MAG140_MAG140_169_9,0.0,EX01,MAG140
MAG140_MAG140_MAG140_16_1,11.83497969,EX01,MAG140
MAG140_MAG140_MAG140_16_10,3.574219834,EX01,MAG140
MAG140_MAG140_MAG140_16_11,10.33522188,EX01,MAG140
MAG140_MAG140_MAG140_16_12,2.457927062,EX01,MAG140
MAG140_MAG140_MAG140_16_13,0.0,EX01,MAG140
MAG140_MAG140_MAG140_16_14,4.316638487,EX01,MAG140
MAG140_MAG140_MAG140_16_15,10.31176323,EX01,MAG140
MAG140_MAG140_MAG140_16_16,2.080596318,EX01,MAG140
MAG140_MAG140_MAG140_16_17,0.626055799,EX01,MAG140
MAG140_MAG140_MAG140_16_18,4.954056728,EX01,MAG140
MAG140_MAG140_MAG140_16_19,8.35368529,EX01,MAG140
MAG140_MAG140_MAG140_16_2,15.77176147,EX01,MAG140
MAG140_MAG140_MAG140_16_20,27.86090483,EX01,MAG140
MAG140_MAG140_MAG140_16_21,64.3214058,EX01,MAG140
MAG140_MAG140_MAG140_16_22,0.0,EX01,MAG140
MAG140_MAG140_MAG140_16_3,0.0,EX01,MAG140
MAG140_MAG140_MAG140_16_4,3.250210695,EX01,MAG140
MAG140_MAG140_MAG140_16_5,1.617677175,EX01,MAG140
MAG140_MAG140_MAG140_16_6,0.0,EX01,MAG140
MAG140_MAG140_MAG140_16_7,0.0,EX01,MAG140
MAG140_MAG140_MAG140_16_8,0.0,EX01,MAG140
MAG140_MAG140_MAG140_16_9,7.373810465,EX01,MAG140
MAG140_MAG140_MAG140_170_1,8.014165801,EX01,MAG140
MAG140_MAG140_MAG140_170_2,0.0,EX01,MAG140
MAG140_MAG140_MAG140_170_3,5.916860808,EX01,MAG140
MAG140_MAG140_MAG140_170_4,0.0,EX01,MAG140
MAG140_MAG140_MAG140_170_5,48.23184963,EX01,MAG140
MAG140_MAG140_MAG140_171_1,6.33182259,EX01,MAG140
MAG140_MAG140_MAG140_171_10,1.723382072,EX01,MAG140
MAG140_MAG140_MAG140_171_11,0.37917899,EX01,MAG140
MAG140_MAG140_MAG140_171_12,3.622896103,EX01,MAG140
MAG140_MAG140_MAG140_171_13,0.0,EX01,MAG140
MAG140_MAG140_MAG140_171_14,1.675422499,EX01,MAG140
MAG140_MAG140_MAG140_171_15,4.954631548,EX01,MAG140
MAG140_MAG140_MAG140_171_16,0.0,EX01,MAG140
MAG140_MAG140_MAG140_171_17,0.0,EX01,MAG140
MAG140_MAG140_MAG140_171_18,6.322591548,EX01,MAG140
MAG140_MAG140_MAG140_171_19,2.27373692,EX01,MAG140
MAG140_MAG140_MAG140_171_2,12.59838665,EX01,MAG140
MAG140_MAG140_MAG140_171_20,20.8358898,EX01,MAG140
MAG140_MAG140_MAG140_171_21,14.30940834,EX01,MAG140
MAG140_MAG140_MAG140_171_22,0.0,EX01,MAG140
MAG140_MAG140_MAG140_171_23,0.0,EX01,MAG140
MAG140_MAG140_MAG140_171_24,0.0,EX01,MAG140
MAG140_MAG140_MAG140_171_25,0.0,EX01,MAG140
MAG140_MAG140_MAG140_171_26,0.0,EX01,MAG140
MAG140_MAG140_MAG140_171_27,0.0,EX01,MAG140
MAG140_MAG140_MAG140_171_28,0.0,EX01,MAG140
MAG140_MAG140_MAG140_171_29,0.0,EX01,MAG140
MAG140_MAG140_MAG140_171_3,9.192615549,EX01,MAG140
MAG140_MAG140_MAG140_171_30,0.0,EX01,MAG140
MAG140_MAG140_MAG140_171_31,0.0,EX01,MAG140
MAG140_MAG140_MAG140_171_32,0.0,EX01,MAG140
MAG140_MAG140_MAG140_171_33,0.0,EX01,MAG140
MAG140_MAG140_MAG140_171_34,1.87917401,EX01,MAG140
MAG140_MAG140_MAG140_171_35,21.65088453,EX01,MAG140
MAG140_MAG140_MAG140_171_36,11.43336507,EX01,MAG140
MAG140_MAG140_MAG140_171_37,21.85474739,EX01,MAG140
MAG140_MAG140_MAG140_171_38,1.85858945,EX01,MAG140
MAG140_MAG140_MAG140_171_39,7.06879322,EX01,MAG140
MAG140_MAG140_MAG140_171_4,1.598970994,EX01,MAG140
MAG140_MAG140_MAG140_171_40,24.65236503,EX01,MAG140
MAG140_MAG140_MAG140_171_41,9.194755245,EX01,MAG140
MAG140_MAG140_MAG140_171_42,1.435283197,EX01,MAG140
MAG140_MAG140_MAG140_171_43,12.82186579,EX01,MAG140
MAG140_MAG140_MAG140_171_44,0.0,EX01,MAG140
MAG140_MAG140_MAG140_171_45,19.88062394,EX01,MAG140
MAG140_MAG140_MAG140_171_46,16.47363908,EX01,MAG140
MAG140_MAG140_MAG140_171_47,0.0,EX01,MAG140
MAG140_MAG140_MAG140_171_48,28.91604098,EX01,MAG140
MAG140_MAG140_MAG140_171_49,19.55025245,EX01,MAG140
MAG140_MAG140_MAG140_171_5,1.191980011,EX01,MAG140
MAG140_MAG140_MAG140_171_6,11.15446012,EX01,MAG140
MAG140_MAG140_MAG140_171_7,21.19616182,EX01,MAG140
MAG140_MAG140_MAG140_171_8,0.0,EX01,MAG140
MAG140_MAG140_MAG140_171_9,2.952616062,EX01,MAG140
MAG140_MAG140_MAG140_172_1,0.0,EX01,MAG140
MAG140_MAG140_MAG140_172_10,11.45583415,EX01,MAG140
MAG140_MAG140_MAG140_172_11,4.789887228,EX01,MAG140
MAG140_MAG140_MAG140_172_12,37.71458762,EX01,MAG140
MAG140_MAG140_MAG140_172_13,10.16195889,EX01,MAG140
MAG140_MAG140_MAG140_172_14,6.656639379,EX01,MAG140
MAG140_MAG140_MAG140_172_15,14.75969747,EX01,MAG140
MAG140_MAG140_MAG140_172_16,0.51822687,EX01,MAG140
MAG140_MAG140_MAG140_172_17,1.041188178,EX01,MAG140
MAG140_MAG140_MAG140_172_18,2.217156994,EX01,MAG140
MAG140_MAG140_MAG140_172_19,0.888292854,EX01,MAG140
MAG140_MAG140_MAG140_172_2,36.27946289,EX01,MAG140
MAG140_MAG140_MAG140_172_20,4.496426402,EX01,MAG140
MAG140_MAG140_MAG140_172_21,21.47522336,EX01,MAG140
MAG140_MAG140_MAG140_172_3,0.0,EX01,MAG140
MAG140_MAG140_MAG140_172_4,0.0,EX01,MAG140
MAG140_MAG140_MAG140_172_5,0.0,EX01,MAG140
MAG140_MAG140_MAG140_172_6,2.691758182,EX01,MAG140
MAG140_MAG140_MAG140_172_7,0.0,EX01,MAG140
MAG140_MAG140_MAG140_172_8,0.0,EX01,MAG140
MAG140_MAG140_MAG140_172_9,31.2042583,EX01,MAG140
MAG140_MAG140_MAG140_173_1,14.04135973,EX01,MAG140
MAG140_MAG140_MAG140_173_10,79.07649504,EX01,MAG140
MAG140_MAG140_MAG140_173_11,1.982731767,EX01,MAG140
MAG140_MAG140_MAG140_173_12,5.063001492,EX01,MAG140
MAG140_MAG140_MAG140_173_13,1.379649304,EX01,MAG140
MAG140_MAG140_MAG140_173_14,16.3828852,EX01,MAG140
MAG140_MAG140_MAG140_173_15,16.23555521,EX01,MAG140
MAG140_MAG140_MAG140_173_16,3.505662975,EX01,MAG140
MAG140_MAG140_MAG140_173_17,6.715947198,EX01,MAG140
MAG140_MAG140_MAG140_173_18,9.054068674,EX01,MAG140
MAG140_MAG140_MAG140_173_19,0.0,EX01,MAG140
MAG140_MAG140_MAG140_173_2,10.46004479,EX01,MAG140
MAG140_MAG140_MAG140_173_20,0.0,EX01,MAG140
MAG140_MAG140_MAG140_173_21,0.0,EX01,MAG140
MAG140_MAG140_MAG140_173_22,5.654941902,EX01,MAG140
MAG140_MAG140_MAG140_173_23,20.88613106,EX01,MAG140
MAG140_MAG140_MAG140_173_24,69.97716447,EX01,MAG140
MAG140_MAG140_MAG140_173_25,0.0,EX01,MAG140
MAG140_MAG140_MAG140_173_26,0.0,EX01,MAG140
MAG140_MAG140_MAG140_173_27,0.0,EX01,MAG140
MAG140_MAG140_MAG140_173_28,1.359544254,EX01,MAG140
MAG140_MAG140_MAG140_173_29,27.22225797,EX01,MAG140
MAG140_MAG140_MAG140_173_3,21.61453651,EX01,MAG140
MAG140_MAG140_MAG140_173_30,141.8105138,EX01,MAG140
MAG140_MAG140_MAG140_173_31,23.67703534,EX01,MAG140
MAG140_MAG140_MAG140_173_32,90.04032362,EX01,MAG140
MAG140_MAG140_MAG140_173_33,38.56026719,EX01,MAG140
MAG140_MAG140_MAG140_173_34,46.71529435,EX01,MAG140
MAG140_MAG140_MAG140_173_35,0.0,EX01,MAG140
MAG140_MAG140_MAG140_173_36,0.0,EX01,MAG140
MAG140_MAG140_MAG140_173_37,0.0,EX01,MAG140
MAG140_MAG140_MAG140_173_38,6.101899364,EX01,MAG140
MAG140_MAG140_MAG140_173_4,24.41032678,EX01,MAG140
MAG140_MAG140_MAG140_173_5,16.8709956,EX01,MAG140
MAG140_MAG140_MAG140_173_6,1.337220569,EX01,MAG140
MAG140_MAG140_MAG140_173_7,4.740376654,EX01,MAG140
MAG140_MAG140_MAG140_173_8,3.656702409,EX01,MAG140
MAG140_MAG140_MAG140_173_9,68.15651837,EX01,MAG140
MAG140_MAG140_MAG140_174_1,1.320420961,EX01,MAG140
MAG140_MAG140_MAG140_174_2,5.068055275,EX01,MAG140
MAG140_MAG140_MAG140_175_1,6.389888279,EX01,MAG140
MAG140_MAG140_MAG140_175_10,6.138316981,EX01,MAG140
MAG140_MAG140_MAG140_175_11,4.145892226,EX01,MAG140
MAG140_MAG140_MAG140_175_12,0.486862529,EX01,MAG140
MAG140_MAG140_MAG140_175_13,6.296876028,EX01,MAG140
MAG140_MAG140_MAG140_175_14,5.041581096,EX01,MAG140
MAG140_MAG140_MAG140_175_15,0.0,EX01,MAG140
MAG140_MAG140_MAG140_175_16,0.0,EX01,MAG140
MAG140_MAG140_MAG140_175_17,3.843958136,EX01,MAG140
MAG140_MAG140_MAG140_175_18,0.0,EX01,MAG140
MAG140_MAG140_MAG140_175_19,16.27807917,EX01,MAG140
MAG140_MAG140_MAG140_175_2,9.991405627,EX01,MAG140
MAG140_MAG140_MAG140_175_20,10.44954017,EX01,MAG140
MAG140_MAG140_MAG140_175_21,3.238028631,EX01,MAG140
MAG140_MAG140_MAG140_175_22,0.0,EX01,MAG140
MAG140_MAG140_MAG140_175_23,0.0,EX01,MAG140
MAG140_MAG140_MAG140_175_24,8.567269239,EX01,MAG140
MAG140_MAG140_MAG140_175_25,0.0,EX01,MAG140
MAG140_MAG140_MAG140_175_26,31.77678847,EX01,MAG140
MAG140_MAG140_MAG140_175_27,39.32704468,EX01,MAG140
MAG140_MAG140_MAG140_175_28,3.99510075,EX01,MAG140
MAG140_MAG140_MAG140_175_29,3.994399841,EX01,MAG140
MAG140_MAG140_MAG140_175_3,29.19360724,EX01,MAG140
MAG140_MAG140_MAG140_175_30,36.88910243,EX01,MAG140
MAG140_MAG140_MAG140_175_31,0.0,EX01,MAG140
MAG140_MAG140_MAG140_175_32,41.79014198,EX01,MAG140
MAG140_MAG140_MAG140_175_33,4.445731904,EX01,MAG140
MAG140_MAG140_MAG140_175_34,0.0,EX01,MAG140
MAG140_MAG140_MAG140_175_35,0.0,EX01,MAG140
MAG140_MAG140_MAG140_175_36,0.0,EX01,MAG140
MAG140_MAG140_MAG140_175_37,4.06612193,EX01,MAG140
MAG140_MAG140_MAG140_175_38,0.0,EX01,MAG140
MAG140_MAG140_MAG140_175_39,0.0,EX01,MAG140
MAG140_MAG140_MAG140_175_4,0.0,EX01,MAG140
MAG140_MAG140_MAG140_175_40,29.08456342,EX01,MAG140
MAG140_MAG140_MAG140_175_41,0.0,EX01,MAG140
MAG140_MAG140_MAG140_175_42,0.932216258,EX01,MAG140
MAG140_MAG140_MAG140_175_43,1.030192351,EX01,MAG140
MAG140_MAG140_MAG140_175_44,11.08217844,EX01,MAG140
MAG140_MAG140_MAG140_175_45,9.142937721,EX01,MAG140
MAG140_MAG140_MAG140_175_46,0.0,EX01,MAG140
MAG140_MAG140_MAG140_175_47,6.038572645,EX01,MAG140
MAG140_MAG140_MAG140_175_48,0.762126379,EX01,MAG140
MAG140_MAG140_MAG140_175_49,0.0,EX01,MAG140
MAG140_MAG140_MAG140_175_5,0.0,EX01,MAG140
MAG140_MAG140_MAG140_175_50,1.707308327,EX01,MAG140
MAG140_MAG140_MAG140_175_51,26.99747814,EX01,MAG140
MAG140_MAG140_MAG140_175_52,2.945834031,EX01,MAG140
MAG140_MAG140_MAG140_175_53,2.874244768,EX01,MAG140
MAG140_MAG140_MAG140_175_54,0.0,EX01,MAG140
MAG140_MAG140_MAG140_175_55,0.0,EX01,MAG140
MAG140_MAG140_MAG140_175_56,11.88770113,EX01,MAG140
MAG140_MAG140_MAG140_175_57,0.0,EX01,MAG140
MAG140_MAG140_MAG140_175_58,8.368875074,EX01,MAG140
MAG140_MAG140_MAG140_175_59,0.0,EX01,MAG140
MAG140_MAG140_MAG140_175_6,10.24331653,EX01,MAG140
MAG140_MAG140_MAG140_175_60,0.0,EX01,MAG140
MAG140_MAG140_MAG140_175_61,33.93141142,EX01,MAG140
MAG140_MAG140_MAG140_175_62,7.224585674,EX01,MAG140
MAG140_MAG140_MAG140_175_63,0.0,EX01,MAG140
MAG140_MAG140_MAG140_175_64,28.8970887,EX01,MAG140
MAG140_MAG140_MAG140_175_65,21.36409629,EX01,MAG140
MAG140_MAG140_MAG140_175_66,12.02670322,EX01,MAG140
MAG140_MAG140_MAG140_175_67,0.0,EX01,MAG140
MAG140_MAG140_MAG140_175_68,0.0,EX01,MAG140
MAG140_MAG140_MAG140_175_69,5.55536269,EX01,MAG140
MAG140_MAG140_MAG140_175_7,22.55092044,EX01,MAG140
MAG140_MAG140_MAG140_175_70,14.84777232,EX01,MAG140
MAG140_MAG140_MAG140_175_71,20.98630209,EX01,MAG140
MAG140_MAG140_MAG140_175_72,0.0,EX01,MAG140
MAG140_MAG140_MAG140_175_73,15.63540923,EX01,MAG140
MAG140_MAG140_MAG140_175_74,19.10693494,EX01,MAG140
MAG140_MAG140_MAG140_175_75,8.19304387,EX01,MAG140
MAG140_MAG140_MAG140_175_76,0.0,EX01,MAG140
MAG140_MAG140_MAG140_175_77,0.0,EX01,MAG140
MAG140_MAG140_MAG140_175_8,0.0,EX01,MAG140
MAG140_MAG140_MAG140_175_9,0.0,EX01,MAG140
MAG140_MAG140_MAG140_176_1,2.991912036,EX01,MAG140
MAG140_MAG140_MAG140_176_10,18.43541461,EX01,MAG140
MAG140_MAG140_MAG140_176_11,4.666219363,EX01,MAG140
MAG140_MAG140_MAG140_176_12,0.523321112,EX01,MAG140
MAG140_MAG140_MAG140_176_13,1.408111038,EX01,MAG140
MAG140_MAG140_MAG140_176_14,0.577701408,EX01,MAG140
MAG140_MAG140_MAG140_176_15,0.905307054,EX01,MAG140
MAG140_MAG140_MAG140_176_16,4.71279274,EX01,MAG140
MAG140_MAG140_MAG140_176_2,0.0,EX01,MAG140
MAG140_MAG140_MAG140_176_3,1.507763947,EX01,MAG140
MAG140_MAG140_MAG140_176_4,52.16183643,EX01,MAG140
MAG140_MAG140_MAG140_176_5,0.0,EX01,MAG140
MAG140_MAG140_MAG140_176_6,2.831374336,EX01,MAG140
MAG140_MAG140_MAG140_176_7,0.0,EX01,MAG140
MAG140_MAG140_MAG140_176_8,3.499043162,EX01,MAG140
MAG140_MAG140_MAG140_176_9,0.705301053,EX01,MAG140
MAG140_MAG140_MAG140_177_1,7.19772905,EX01,MAG140
MAG140_MAG140_MAG140_177_10,12.91234757,EX01,MAG140
MAG140_MAG140_MAG140_177_11,6.680775997,EX01,MAG140
MAG140_MAG140_MAG140_177_12,13.25282477,EX01,MAG140
MAG140_MAG140_MAG140_177_13,24.4318672,EX01,MAG140
MAG140_MAG140_MAG140_177_14,17.150173,EX01,MAG140
MAG140_MAG140_MAG140_177_15,13.79926792,EX01,MAG140
MAG140_MAG140_MAG140_177_16,18.19519903,EX01,MAG140
MAG140_MAG140_MAG140_177_17,16.93476862,EX01,MAG140
MAG140_MAG140_MAG140_177_18,1.955996458,EX01,MAG140
MAG140_MAG140_MAG140_177_19,11.95384035,EX01,MAG140
MAG140_MAG140_MAG140_177_2,5.613168886,EX01,MAG140
MAG140_MAG140_MAG140_177_20,1.316124465,EX01,MAG140
MAG140_MAG140_MAG140_177_21,1.590795657,EX01,MAG140
MAG140_MAG140_MAG140_177_22,0.0,EX01,MAG140
MAG140_MAG140_MAG140_177_23,5.125132625,EX01,MAG140
MAG140_MAG140_MAG140_177_24,4.763104867,EX01,MAG140
MAG140_MAG140_MAG140_177_25,3.678395112,EX01,MAG140
MAG140_MAG140_MAG140_177_26,0.0,EX01,MAG140
MAG140_MAG140_MAG140_177_27,8.950926513,EX01,MAG140
MAG140_MAG140_MAG140_177_28,34.73591088,EX01,MAG140
MAG140_MAG140_MAG140_177_29,0.871981233,EX01,MAG140
MAG140_MAG140_MAG140_177_3,68.42486665,EX01,MAG140
MAG140_MAG140_MAG140_177_30,0.0,EX01,MAG140
MAG140_MAG140_MAG140_177_31,9.612057863,EX01,MAG140
MAG140_MAG140_MAG140_177_32,78.39381934,EX01,MAG140
MAG140_MAG140_MAG140_177_33,19.53414859,EX01,MAG140
MAG140_MAG140_MAG140_177_34,13.78391716,EX01,MAG140
MAG140_MAG140_MAG140_177_35,2.020032876,EX01,MAG140
MAG140_MAG140_MAG140_177_36,3.653285521,EX01,MAG140
MAG140_MAG140_MAG140_177_37,0.0,EX01,MAG140
MAG140_MAG140_MAG140_177_38,0.0,EX01,MAG140
MAG140_MAG140_MAG140_177_39,13.35774856,EX01,MAG140
MAG140_MAG140_MAG140_177_4,0.0,EX01,MAG140
MAG140_MAG140_MAG140_177_40,0.0,EX01,MAG140
MAG140_MAG140_MAG140_177_41,2.330170647,EX01,MAG140
MAG140_MAG140_MAG140_177_42,0.0,EX01,MAG140
MAG140_MAG140_MAG140_177_43,0.0,EX01,MAG140
MAG140_MAG140_MAG140_177_44,0.0,EX01,MAG140
MAG140_MAG140_MAG140_177_45,3.149695827,EX01,MAG140
MAG140_MAG140_MAG140_177_46,0.0,EX01,MAG140
MAG140_MAG140_MAG140_177_47,0.0,EX01,MAG140
MAG140_MAG140_MAG140_177_48,0.0,EX01,MAG140
MAG140_MAG140_MAG140_177_49,0.0,EX01,MAG140
MAG140_MAG140_MAG140_177_5,25.94912148,EX01,MAG140
MAG140_MAG140_MAG140_177_50,0.0,EX01,MAG140
MAG140_MAG140_MAG140_177_51,0.646883882,EX01,MAG140
MAG140_MAG140_MAG140_177_52,0.0,EX01,MAG140
MAG140_MAG140_MAG140_177_6,8.183858556,EX01,MAG140
MAG140_MAG140_MAG140_177_7,0.0,EX01,MAG140
MAG140_MAG140_MAG140_177_8,8.10786181,EX01,MAG140
MAG140_MAG140_MAG140_177_9,0.0,EX01,MAG140
MAG140_MAG140_MAG140_178_1,0.0,EX01,MAG140
MAG140_MAG140_MAG140_178_10,4.018007534,EX01,MAG140
MAG140_MAG140_MAG140_178_11,0.0,EX01,MAG140
MAG140_MAG140_MAG140_178_12,0.0,EX01,MAG140
MAG140_MAG140_MAG140_178_2,0.0,EX01,MAG140
MAG140_MAG140_MAG140_178_3,61.02064538,EX01,MAG140
MAG140_MAG140_MAG140_178_4,95.25723308,EX01,MAG140
MAG140_MAG140_MAG140_178_5,12.79338299,EX01,MAG140
MAG140_MAG140_MAG140_178_6,50.25780313,EX01,MAG140
MAG140_MAG140_MAG140_178_7,3.837088723,EX01,MAG140
MAG140_MAG140_MAG140_178_8,2.715008809,EX01,MAG140
MAG140_MAG140_MAG140_178_9,13.49562567,EX01,MAG140
MAG140_MAG140_MAG140_17_1,0.0,EX01,MAG140
MAG140_MAG140_MAG140_17_2,8.051151871,EX01,MAG140
MAG140_MAG140_MAG140_17_3,4.010653063,EX01,MAG140
MAG140_MAG140_MAG140_17_4,3.783241561,EX01,MAG140
MAG140_MAG140_MAG140_17_5,1.097157249,EX01,MAG140
MAG140_MAG140_MAG140_17_6,1.207129143,EX01,MAG140
MAG140_MAG140_MAG140_17_7,0.0,EX01,MAG140
MAG140_MAG140_MAG140_18_1,0.0,EX01,MAG140
MAG140_MAG140_MAG140_18_2,0.0,EX01,MAG140
MAG140_MAG140_MAG140_18_3,15.92760967,EX01,MAG140
MAG140_MAG140_MAG140_18_4,0.0,EX01,MAG140
MAG140_MAG140_MAG140_19_1,3.723664346,EX01,MAG140
MAG140_MAG140_MAG140_19_2,0.0,EX01,MAG140
MAG140_MAG140_MAG140_19_3,2.287314183,EX01,MAG140
MAG140_MAG140_MAG140_19_4,0.439470221,EX01,MAG140
MAG140_MAG140_MAG140_19_5,11.98331341,EX01,MAG140
MAG140_MAG140_MAG140_19_6,1.404344635,EX01,MAG140
MAG140_MAG140_MAG140_19_7,6.00570132,EX01,MAG140
MAG140_MAG140_MAG140_19_8,3.263826916,EX01,MAG140
MAG140_MAG140_MAG140_1_1,123.9092993,EX01,MAG140
MAG140_MAG140_MAG140_1_2,5.420144651,EX01,MAG140
MAG140_MAG140_MAG140_1_3,3.871974941,EX01,MAG140
MAG140_MAG140_MAG140_1_4,11.93670241,EX01,MAG140
MAG140_MAG140_MAG140_20_1,6.299421328,EX01,MAG140
MAG140_MAG140_MAG140_20_10,12.89631438,EX01,MAG140
MAG140_MAG140_MAG140_20_11,2.622158379,EX01,MAG140
MAG140_MAG140_MAG140_20_12,0.0,EX01,MAG140
MAG140_MAG140_MAG140_20_13,0.0,EX01,MAG140
MAG140_MAG140_MAG140_20_14,0.0,EX01,MAG140
MAG140_MAG140_MAG140_20_15,9.232532636,EX01,MAG140
MAG140_MAG140_MAG140_20_16,0.0,EX01,MAG140
MAG140_MAG140_MAG140_20_17,0.0,EX01,MAG140
MAG140_MAG140_MAG140_20_18,9.143499121,EX01,MAG140
MAG140_MAG140_MAG140_20_19,0.0,EX01,MAG140
MAG140_MAG140_MAG140_20_2,0.0,EX01,MAG140
MAG140_MAG140_MAG140_20_20,1.62371101,EX01,MAG140
MAG140_MAG140_MAG140_20_21,0.0,EX01,MAG140
MAG140_MAG140_MAG140_20_22,0.678970273,EX01,MAG140
MAG140_MAG140_MAG140_20_23,5.191761317,EX01,MAG140
MAG140_MAG140_MAG140_20_24,24.97041202,EX01,MAG140
MAG140_MAG140_MAG140_20_25,42.77193878,EX01,MAG140
MAG140_MAG140_MAG140_20_26,0.0,EX01,MAG140
MAG140_MAG140_MAG140_20_27,14.31770092,EX01,MAG140
MAG140_MAG140_MAG140_20_28,43.28422331,EX01,MAG140
MAG140_MAG140_MAG140_20_29,11.07317278,EX01,MAG140
MAG140_MAG140_MAG140_20_3,30.35953918,EX01,MAG140
MAG140_MAG140_MAG140_20_30,0.0,EX01,MAG140
MAG140_MAG140_MAG140_20_31,0.960101823,EX01,MAG140
MAG140_MAG140_MAG140_20_32,1.253947021,EX01,MAG140
MAG140_MAG140_MAG140_20_33,15.64369933,EX01,MAG140
MAG140_MAG140_MAG140_20_34,0.0,EX01,MAG140
MAG140_MAG140_MAG140_20_35,2.096469381,EX01,MAG140
MAG140_MAG140_MAG140_20_36,2.659873409,EX01,MAG140
MAG140_MAG140_MAG140_20_37,5.440131674,EX01,MAG140
MAG140_MAG140_MAG140_20_38,0.996756428,EX01,MAG140
MAG140_MAG140_MAG140_20_39,0.0,EX01,MAG140
MAG140_MAG140_MAG140_20_4,0.0,EX01,MAG140
MAG140_MAG140_MAG140_20_40,0.0,EX01,MAG140
MAG140_MAG140_MAG140_20_41,123.1076123,EX01,MAG140
MAG140_MAG140_MAG140_20_42,0.0,EX01,MAG140
MAG140_MAG140_MAG140_20_43,8.936045566,EX01,MAG140
MAG140_MAG140_MAG140_20_44,5.648888707,EX01,MAG140
MAG140_MAG140_MAG140_20_45,13.92183017,EX01,MAG140
MAG140_MAG140_MAG140_20_46,4.78561023,EX01,MAG140
MAG140_MAG140_MAG140_20_47,1.963644558,EX01,MAG140
MAG140_MAG140_MAG140_20_48,0.0,EX01,MAG140
MAG140_MAG140_MAG140_20_49,4.79399702,EX01,MAG140
MAG140_MAG140_MAG140_20_5,0.0,EX01,MAG140
MAG140_MAG140_MAG140_20_50,0.0,EX01,MAG140
MAG140_MAG140_MAG140_20_51,1.195553666,EX01,MAG140
MAG140_MAG140_MAG140_20_52,0.0,EX01,MAG140
MAG140_MAG140_MAG140_20_53,0.156177747,EX01,MAG140
MAG140_MAG140_MAG140_20_54,0.0,EX01,MAG140
MAG140_MAG140_MAG140_20_55,0.0,EX01,MAG140
MAG140_MAG140_MAG140_20_56,0.0,EX01,MAG140
MAG140_MAG140_MAG140_20_57,4.871388456,EX01,MAG140
MAG140_MAG140_MAG140_20_58,0.0,EX01,MAG140
MAG140_MAG140_MAG140_20_59,13.16031132,EX01,MAG140
MAG140_MAG140_MAG140_20_6,0.0,EX01,MAG140
MAG140_MAG140_MAG140_20_60,0.0,EX01,MAG140
MAG140_MAG140_MAG140_20_61,24.54690431,EX01,MAG140
MAG140_MAG140_MAG140_20_62,1.077903588,EX01,MAG140
MAG140_MAG140_MAG140_20_63,3.391205873,EX01,MAG140
MAG140_MAG140_MAG140_20_64,2.966273651,EX01,MAG140
MAG140_MAG140_MAG140_20_7,4.529461239,EX01,MAG140
MAG140_MAG140_MAG140_20_8,17.44577627,EX01,MAG140
MAG140_MAG140_MAG140_20_9,0.0,EX01,MAG140
MAG140_MAG140_MAG140_21_1,228.986444,EX01,MAG140
MAG140_MAG140_MAG140_21_10,1.344491674,EX01,MAG140
MAG140_MAG140_MAG140_21_11,8.098531911,EX01,MAG140
MAG140_MAG140_MAG140_21_12,4.828745783,EX01,MAG140
MAG140_MAG140_MAG140_21_13,2.617107025,EX01,MAG140
MAG140_MAG140_MAG140_21_14,0.0,EX01,MAG140
MAG140_MAG140_MAG140_21_15,3.767907188,EX01,MAG140
MAG140_MAG140_MAG140_21_2,1029.452705,EX01,MAG140
MAG140_MAG140_MAG140_21_3,0.0,EX01,MAG140
MAG140_MAG140_MAG140_21_4,3.17230298,EX01,MAG140
MAG140_MAG140_MAG140_21_5,1.960030332,EX01,MAG140
MAG140_MAG140_MAG140_21_6,2.898210442,EX01,MAG140
MAG140_MAG140_MAG140_21_7,0.0,EX01,MAG140
MAG140_MAG140_MAG140_21_8,0.0,EX01,MAG140
MAG140_MAG140_MAG140_21_9,3.420990322,EX01,MAG140
MAG140_MAG140_MAG140_22_1,4.304934105,EX01,MAG140
MAG140_MAG140_MAG140_22_2,16.60137288,EX01,MAG140
MAG140_MAG140_MAG140_22_3,6.540384306,EX01,MAG140
MAG140_MAG140_MAG140_22_4,16.03182774,EX01,MAG140
MAG140_MAG140_MAG140_22_5,0.0,EX01,MAG140
MAG140_MAG140_MAG140_22_6,5.482240952,EX01,MAG140
MAG140_MAG140_MAG140_22_7,0.0,EX01,MAG140
MAG140_MAG140_MAG140_22_8,0.0,EX01,MAG140
MAG140_MAG140_MAG140_22_9,0.0,EX01,MAG140
MAG140_MAG140_MAG140_23_1,3.404883438,EX01,MAG140
MAG140_MAG140_MAG140_23_10,0.0,EX01,MAG140
MAG140_MAG140_MAG140_23_11,12.08556518,EX01,MAG140
MAG140_MAG140_MAG140_23_12,6.909311502,EX01,MAG140
MAG140_MAG140_MAG140_23_13,0.960285354,EX01,MAG140
MAG140_MAG140_MAG140_23_14,4.700956918,EX01,MAG140
MAG140_MAG140_MAG140_23_15,10.08846075,EX01,MAG140
MAG140_MAG140_MAG140_23_16,15.51911675,EX01,MAG140
MAG140_MAG140_MAG140_23_17,0.0,EX01,MAG140
MAG140_MAG140_MAG140_23_18,12.7034133,EX01,MAG140
MAG140_MAG140_MAG140_23_19,32.19300712,EX01,MAG140
MAG140_MAG140_MAG140_23_2,0.0,EX01,MAG140
MAG140_MAG140_MAG140_23_20,30.47875547,EX01,MAG140
MAG140_MAG140_MAG140_23_21,0.0,EX01,MAG140
MAG140_MAG140_MAG140_23_22,55.43535372,EX01,MAG140
MAG140_MAG140_MAG140_23_23,6.241804073,EX01,MAG140
MAG140_MAG140_MAG140_23_24,5.213871008,EX01,MAG140
MAG140_MAG140_MAG140_23_25,4.429955425,EX01,MAG140
MAG140_MAG140_MAG140_23_26,4.250511144,EX01,MAG140
MAG140_MAG140_MAG140_23_27,13.09466388,EX01,MAG140
MAG140_MAG140_MAG140_23_28,173.025956,EX01,MAG140
MAG140_MAG140_MAG140_23_29,329.8133546,EX01,MAG140
MAG140_MAG140_MAG140_23_3,20.96274087,EX01,MAG140
MAG140_MAG140_MAG140_23_30,116.5640108,EX01,MAG140
MAG140_MAG140_MAG140_23_31,304.2581613,EX01,MAG140
MAG140_MAG140_MAG140_23_32,37.68158742,EX01,MAG140
MAG140_MAG140_MAG140_23_33,21.88565697,EX01,MAG140
MAG140_MAG140_MAG140_23_34,3.266334322,EX01,MAG140
MAG140_MAG140_MAG140_23_35,0.0,EX01,MAG140
MAG140_MAG140_MAG140_23_36,0.0,EX01,MAG140
MAG140_MAG140_MAG140_23_37,0.0,EX01,MAG140
MAG140_MAG140_MAG140_23_38,0.0,EX01,MAG140
MAG140_MAG140_MAG140_23_39,0.0,EX01,MAG140
MAG140_MAG140_MAG140_23_4,65.96550352,EX01,MAG140
MAG140_MAG140_MAG140_23_40,3.085033217,EX01,MAG140
MAG140_MAG140_MAG140_23_41,25.93971782,EX01,MAG140
MAG140_MAG140_MAG140_23_42,0.0,EX01,MAG140
MAG140_MAG140_MAG140_23_43,7.836780015,EX01,MAG140
MAG140_MAG140_MAG140_23_44,0.0,EX01,MAG140
MAG140_MAG140_MAG140_23_45,1.521097419,EX01,MAG140
MAG140_MAG140_MAG140_23_46,8.059515519,EX01,MAG140
MAG140_MAG140_MAG140_23_47,0.0,EX01,MAG140
MAG140_MAG140_MAG140_23_5,0.0,EX01,MAG140
MAG140_MAG140_MAG140_23_6,9.832836765,EX01,MAG140
MAG140_MAG140_MAG140_23_7,4.298999136,EX01,MAG140
MAG140_MAG140_MAG140_23_8,0.0,EX01,MAG140
MAG140_MAG140_MAG140_23_9,0.0,EX01,MAG140
MAG140_MAG140_MAG140_24_1,0.0,EX01,MAG140
MAG140_MAG140_MAG140_24_10,0.0,EX01,MAG140
MAG140_MAG140_MAG140_24_11,6.067052587,EX01,MAG140
MAG140_MAG140_MAG140_24_12,4.862328221,EX01,MAG140
MAG140_MAG140_MAG140_24_13,4.645571395,EX01,MAG140
MAG140_MAG140_MAG140_24_14,0.0,EX01,MAG140
MAG140_MAG140_MAG140_24_15,5.413267984,EX01,MAG140
MAG140_MAG140_MAG140_24_2,0.0,EX01,MAG140
MAG140_MAG140_MAG140_24_3,0.0,EX01,MAG140
MAG140_MAG140_MAG140_24_4,0.0,EX01,MAG140
MAG140_MAG140_MAG140_24_5,0.0,EX01,MAG140
MAG140_MAG140_MAG140_24_6,0.0,EX01,MAG140
MAG140_MAG140_MAG140_24_7,0.0,EX01,MAG140
MAG140_MAG140_MAG140_24_8,2.560605967,EX01,MAG140
MAG140_MAG140_MAG140_24_9,0.0,EX01,MAG140
MAG140_MAG140_MAG140_25_1,0.0,EX01,MAG140
MAG140_MAG140_MAG140_25_2,0.0,EX01,MAG140
MAG140_MAG140_MAG140_25_3,2.195846457,EX01,MAG140
MAG140_MAG140_MAG140_25_4,1.731330236,EX01,MAG140
MAG140_MAG140_MAG140_25_5,0.0,EX01,MAG140
MAG140_MAG140_MAG140_25_6,0.0,EX01,MAG140
MAG140_MAG140_MAG140_25_7,0.0,EX01,MAG140
MAG140_MAG140_MAG140_26_1,0.0,EX01,MAG140
MAG140_MAG140_MAG140_26_10,1.981325619,EX01,MAG140
MAG140_MAG140_MAG140_26_11,18.19181839,EX01,MAG140
MAG140_MAG140_MAG140_26_12,4.721575115,EX01,MAG140
MAG140_MAG140_MAG140_26_13,12.65728295,EX01,MAG140
MAG140_MAG140_MAG140_26_14,14.5055635,EX01,MAG140
MAG140_MAG140_MAG140_26_15,0.0,EX01,MAG140
MAG140_MAG140_MAG140_26_16,0.0,EX01,MAG140
MAG140_MAG140_MAG140_26_17,0.0,EX01,MAG140
MAG140_MAG140_MAG140_26_18,0.0,EX01,MAG140
MAG140_MAG140_MAG140_26_19,0.0,EX01,MAG140
MAG140_MAG140_MAG140_26_2,0.0,EX01,MAG140
MAG140_MAG140_MAG140_26_20,0.202882978,EX01,MAG140
MAG140_MAG140_MAG140_26_21,0.830867692,EX01,MAG140
MAG140_MAG140_MAG140_26_22,0.0,EX01,MAG140
MAG140_MAG140_MAG140_26_23,0.0,EX01,MAG140
MAG140_MAG140_MAG140_26_24,0.193495866,EX01,MAG140
MAG140_MAG140_MAG140_26_25,0.067270623,EX01,MAG140
MAG140_MAG140_MAG140_26_26,0.076372882,EX01,MAG140
MAG140_MAG140_MAG140_26_27,0.0,EX01,MAG140
MAG140_MAG140_MAG140_26_28,0.0,EX01,MAG140
MAG140_MAG140_MAG140_26_29,0.074139777,EX01,MAG140
MAG140_MAG140_MAG140_26_3,58.75882688,EX01,MAG140
MAG140_MAG140_MAG140_26_30,0.0,EX01,MAG140
MAG140_MAG140_MAG140_26_31,0.0,EX01,MAG140
MAG140_MAG140_MAG140_26_32,0.0,EX01,MAG140
MAG140_MAG140_MAG140_26_33,2.970460766,EX01,MAG140
MAG140_MAG140_MAG140_26_34,0.095558851,EX01,MAG140
MAG140_MAG140_MAG140_26_35,0.209043212,EX01,MAG140
MAG140_MAG140_MAG140_26_36,0.352310339,EX01,MAG140
MAG140_MAG140_MAG140_26_37,0.5437658,EX01,MAG140
MAG140_MAG140_MAG140_26_38,2.205004302,EX01,MAG140
MAG140_MAG140_MAG140_26_39,0.320025267,EX01,MAG140
MAG140_MAG140_MAG140_26_4,0.0,EX01,MAG140
MAG140_MAG140_MAG140_26_40,1.628948853,EX01,MAG140
MAG140_MAG140_MAG140_26_41,0.756592573,EX01,MAG140
MAG140_MAG140_MAG140_26_42,0.0,EX01,MAG140
MAG140_MAG140_MAG140_26_43,0.468116909,EX01,MAG140
MAG140_MAG140_MAG140_26_44,0.435521508,EX01,MAG140
MAG140_MAG140_MAG140_26_45,2.809015819,EX01,MAG140
MAG140_MAG140_MAG140_26_46,8.660291044,EX01,MAG140
MAG140_MAG140_MAG140_26_47,1.434427522,EX01,MAG140
MAG140_MAG140_MAG140_26_48,0.900827583,EX01,MAG140
MAG140_MAG140_MAG140_26_5,13.81478718,EX01,MAG140
MAG140_MAG140_MAG140_26_6,2.524496055,EX01,MAG140
MAG140_MAG140_MAG140_26_7,11.63759765,EX01,MAG140
MAG140_MAG140_MAG140_26_8,0.0,EX01,MAG140
MAG140_MAG140_MAG140_26_9,22.7701276,EX01,MAG140
MAG140_MAG140_MAG140_27_1,3.018457099,EX01,MAG140
MAG140_MAG140_MAG140_27_10,16.65545331,EX01,MAG140
MAG140_MAG140_MAG140_27_2,3.384876516,EX01,MAG140
MAG140_MAG140_MAG140_27_3,2.647547518,EX01,MAG140
MAG140_MAG140_MAG140_27_4,8.944421301,EX01,MAG140
MAG140_MAG140_MAG140_27_5,4.339210149,EX01,MAG140
MAG140_MAG140_MAG140_27_6,0.0,EX01,MAG140
MAG140_MAG140_MAG140_27_7,13.95557536,EX01,MAG140
MAG140_MAG140_MAG140_27_8,0.0,EX01,MAG140
MAG140_MAG140_MAG140_27_9,1.920904867,EX01,MAG140
MAG140_MAG140_MAG140_28_1,10.75815629,EX01,MAG140
MAG140_MAG140_MAG140_28_10,15.19241778,EX01,MAG140
MAG140_MAG140_MAG140_28_100,5.513794302,EX01,MAG140
MAG140_MAG140_MAG140_28_101,0.999988954,EX01,MAG140
MAG140_MAG140_MAG140_28_102,1.609899019,EX01,MAG140
MAG140_MAG140_MAG140_28_103,4.434810093,EX01,MAG140
MAG140_MAG140_MAG140_28_104,2.543351313,EX01,MAG140
MAG140_MAG140_MAG140_28_105,9.84509416,EX01,MAG140
MAG140_MAG140_MAG140_28_106,37.86763472,EX01,MAG140
MAG140_MAG140_MAG140_28_107,4.651651266,EX01,MAG140
MAG140_MAG140_MAG140_28_108,10.13610097,EX01,MAG140
MAG140_MAG140_MAG140_28_109,34.97448049,EX01,MAG140
MAG140_MAG140_MAG140_28_11,0.0,EX01,MAG140
MAG140_MAG140_MAG140_28_110,21.65645185,EX01,MAG140
MAG140_MAG140_MAG140_28_111,36.85934688,EX01,MAG140
MAG140_MAG140_MAG140_28_112,5.788602624,EX01,MAG140
MAG140_MAG140_MAG140_28_113,3.145889752,EX01,MAG140
MAG140_MAG140_MAG140_28_114,6.750798086,EX01,MAG140
MAG140_MAG140_MAG140_28_115,4.901896671,EX01,MAG140
MAG140_MAG140_MAG140_28_116,0.0,EX01,MAG140
MAG140_MAG140_MAG140_28_117,50.89894619,EX01,MAG140
MAG140_MAG140_MAG140_28_118,9.447012633,EX01,MAG140
MAG140_MAG140_MAG140_28_119,0.0,EX01,MAG140
MAG140_MAG140_MAG140_28_12,8.968726724,EX01,MAG140
MAG140_MAG140_MAG140_28_120,47.05899908,EX01,MAG140
MAG140_MAG140_MAG140_28_121,4.344470674,EX01,MAG140
MAG140_MAG140_MAG140_28_122,3.713623867,EX01,MAG140
MAG140_MAG140_MAG140_28_123,2.974047618,EX01,MAG140
MAG140_MAG140_MAG140_28_124,4.094900818,EX01,MAG140
MAG140_MAG140_MAG140_28_125,0.0,EX01,MAG140
MAG140_MAG140_MAG140_28_126,104.6560663,EX01,MAG140
MAG140_MAG140_MAG140_28_127,57.57468006,EX01,MAG140
MAG140_MAG140_MAG140_28_128,20.5039398,EX01,MAG140
MAG140_MAG140_MAG140_28_129,0.479851254,EX01,MAG140
MAG140_MAG140_MAG140_28_13,0.0,EX01,MAG140
MAG140_MAG140_MAG140_28_130,0.446522869,EX01,MAG140
MAG140_MAG140_MAG140_28_131,8.540483704,EX01,MAG140
MAG140_MAG140_MAG140_28_14,103.7473684,EX01,MAG140
MAG140_MAG140_MAG140_28_15,0.0,EX01,MAG140
MAG140_MAG140_MAG140_28_16,0.0,EX01,MAG140
MAG140_MAG140_MAG140_28_17,90.34627533,EX01,MAG140
MAG140_MAG140_MAG140_28_18,0.0,EX01,MAG140
MAG140_MAG140_MAG140_28_19,11.51931387,EX01,MAG140
MAG140_MAG140_MAG140_28_2,27.78732919,EX01,MAG140
MAG140_MAG140_MAG140_28_20,4.212666886,EX01,MAG140
MAG140_MAG140_MAG140_28_21,0.0,EX01,MAG140
MAG140_MAG140_MAG140_28_22,5.492382261,EX01,MAG140
MAG140_MAG140_MAG140_28_23,11.92945549,EX01,MAG140
MAG140_MAG140_MAG140_28_24,2.372109767,EX01,MAG140
MAG140_MAG140_MAG140_28_25,9.098506703,EX01,MAG140
MAG140_MAG140_MAG140_28_26,17.19631733,EX01,MAG140
MAG140_MAG140_MAG140_28_27,4.921486702,EX01,MAG140
MAG140_MAG140_MAG140_28_28,0.0,EX01,MAG140
MAG140_MAG140_MAG140_28_29,0.0,EX01,MAG140
MAG140_MAG140_MAG140_28_3,21.33360555,EX01,MAG140
MAG140_MAG140_MAG140_28_30,0.0,EX01,MAG140
MAG140_MAG140_MAG140_28_31,1.155884019,EX01,MAG140
MAG140_MAG140_MAG140_28_32,18.62504063,EX01,MAG140
MAG140_MAG140_MAG140_28_33,0.0,EX01,MAG140
MAG140_MAG140_MAG140_28_34,0.0,EX01,MAG140
MAG140_MAG140_MAG140_28_35,0.0,EX01,MAG140
MAG140_MAG140_MAG140_28_36,0.0,EX01,MAG140
MAG140_MAG140_MAG140_28_37,0.0,EX01,MAG140
MAG140_MAG140_MAG140_28_38,18.34115295,EX01,MAG140
MAG140_MAG140_MAG140_28_39,0.0,EX01,MAG140
MAG140_MAG140_MAG140_28_4,0.0,EX01,MAG140
MAG140_MAG140_MAG140_28_40,16.08272255,EX01,MAG140
MAG140_MAG140_MAG140_28_41,3.116911702,EX01,MAG140
MAG140_MAG140_MAG140_28_42,2.42881242,EX01,MAG140
MAG140_MAG140_MAG140_28_43,10.11114882,EX01,MAG140
MAG140_MAG140_MAG140_28_44,6.711591611,EX01,MAG140
MAG140_MAG140_MAG140_28_45,3.344825108,EX01,MAG140
MAG140_MAG140_MAG140_28_46,15.1675689,EX01,MAG140
MAG140_MAG140_MAG140_28_47,15.59076047,EX01,MAG140
MAG140_MAG140_MAG140_28_48,0.0,EX01,MAG140
MAG140_MAG140_MAG140_28_49,20.5338726,EX01,MAG140
MAG140_MAG140_MAG140_28_5,0.0,EX01,MAG140
MAG140_MAG140_MAG140_28_50,0.0,EX01,MAG140
MAG140_MAG140_MAG140_28_51,43.5748295,EX01,MAG140
MAG140_MAG140_MAG140_28_52,20.36384843,EX01,MAG140
MAG140_MAG140_MAG140_28_53,11.77957242,EX01,MAG140
MAG140_MAG140_MAG140_28_54,22.25951663,EX01,MAG140
MAG140_MAG140_MAG140_28_55,56.54994233,EX01,MAG140
MAG140_MAG140_MAG140_28_56,0.0,EX01,MAG140
MAG140_MAG140_MAG140_28_57,31.16992352,EX01,MAG140
MAG140_MAG140_MAG140_28_58,0.0,EX01,MAG140
MAG140_MAG140_MAG140_28_59,71.72887867,EX01,MAG140
MAG140_MAG140_MAG140_28_6,37.83132098,EX01,MAG140
MAG140_MAG140_MAG140_28_60,363.0563878,EX01,MAG140
MAG140_MAG140_MAG140_28_61,554.1368646,EX01,MAG140
MAG140_MAG140_MAG140_28_62,524.7106158,EX01,MAG140
MAG140_MAG140_MAG140_28_63,39.1562566,EX01,MAG140
MAG140_MAG140_MAG140_28_64,222.9371865,EX01,MAG140
MAG140_MAG140_MAG140_28_65,150.6886543,EX01,MAG140
MAG140_MAG140_MAG140_28_66,98.02896087,EX01,MAG140
MAG140_MAG140_MAG140_28_67,409.1463014,EX01,MAG140
MAG140_MAG140_MAG140_28_68,703.6743293,EX01,MAG140
MAG140_MAG140_MAG140_28_69,726.4676043,EX01,MAG140
MAG140_MAG140_MAG140_28_7,22.18036385,EX01,MAG140
MAG140_MAG140_MAG140_28_70,18.48414782,EX01,MAG140
MAG140_MAG140_MAG140_28_71,29.1379365,EX01,MAG140
MAG140_MAG140_MAG140_28_72,4.212362798,EX01,MAG140
MAG140_MAG140_MAG140_28_73,0.0,EX01,MAG140
MAG140_MAG140_MAG140_28_74,1215.122933,EX01,MAG140
MAG140_MAG140_MAG140_28_75,1295.296681,EX01,MAG140
MAG140_MAG140_MAG140_28_76,208.7668088,EX01,MAG140
MAG140_MAG140_MAG140_28_77,0.0,EX01,MAG140
MAG140_MAG140_MAG140_28_78,5.270999113,EX01,MAG140
MAG140_MAG140_MAG140_28_79,48.72981353,EX01,MAG140
MAG140_MAG140_MAG140_28_8,44.51080653,EX01,MAG140
MAG140_MAG140_MAG140_28_80,16.83524447,EX01,MAG140
MAG140_MAG140_MAG140_28_81,0.0,EX01,MAG140
MAG140_MAG140_MAG140_28_82,37.21091349,EX01,MAG140
MAG140_MAG140_MAG140_28_83,1.82207874,EX01,MAG140
MAG140_MAG140_MAG140_28_84,0.0,EX01,MAG140
MAG140_MAG140_MAG140_28_85,0.0,EX01,MAG140
MAG140_MAG140_MAG140_28_86,19.06943367,EX01,MAG140
MAG140_MAG140_MAG140_28_87,2.160757069,EX01,MAG140
MAG140_MAG140_MAG140_28_88,1.88728287,EX01,MAG140
MAG140_MAG140_MAG140_28_89,0.667902415,EX01,MAG140
MAG140_MAG140_MAG140_28_9,6.068543237,EX01,MAG140
MAG140_MAG140_MAG140_28_90,0.0,EX01,MAG140
MAG140_MAG140_MAG140_28_91,0.56220019,EX01,MAG140
MAG140_MAG140_MAG140_28_92,2.122343841,EX01,MAG140
MAG140_MAG140_MAG140_28_93,2.72170239,EX01,MAG140
MAG140_MAG140_MAG140_28_94,0.0,EX01,MAG140
MAG140_MAG140_MAG140_28_95,0.0,EX01,MAG140
MAG140_MAG140_MAG140_28_96,0.0,EX01,MAG140
MAG140_MAG140_MAG140_28_97,0.0,EX01,MAG140
MAG140_MAG140_MAG140_28_98,17.1539187,EX01,MAG140
MAG140_MAG140_MAG140_28_99,3.373636035,EX01,MAG140
MAG140_MAG140_MAG140_29_1,0.0,EX01,MAG140
MAG140_MAG140_MAG140_29_10,1.41690407,EX01,MAG140
MAG140_MAG140_MAG140_29_11,29.77621184,EX01,MAG140
MAG140_MAG140_MAG140_29_12,12.10475036,EX01,MAG140
MAG140_MAG140_MAG140_29_13,1.646674597,EX01,MAG140
MAG140_MAG140_MAG140_29_14,2.648035616,EX01,MAG140
MAG140_MAG140_MAG140_29_15,0.0,EX01,MAG140
MAG140_MAG140_MAG140_29_16,0.0,EX01,MAG140
MAG140_MAG140_MAG140_29_17,18.23924711,EX01,MAG140
MAG140_MAG140_MAG140_29_18,2.29184585,EX01,MAG140
MAG140_MAG140_MAG140_29_19,0.0,EX01,MAG140
MAG140_MAG140_MAG140_29_2,7.759287872,EX01,MAG140
MAG140_MAG140_MAG140_29_20,0.0,EX01,MAG140
MAG140_MAG140_MAG140_29_21,0.0,EX01,MAG140
MAG140_MAG140_MAG140_29_22,2.93332007,EX01,MAG140
MAG140_MAG140_MAG140_29_23,2.762143953,EX01,MAG140
MAG140_MAG140_MAG140_29_3,18.84080119,EX01,MAG140
MAG140_MAG140_MAG140_29_4,0.0,EX01,MAG140
MAG140_MAG140_MAG140_29_5,5.851870179,EX01,MAG140
MAG140_MAG140_MAG140_29_6,7.90749785,EX01,MAG140
MAG140_MAG140_MAG140_29_7,9.33801656,EX01,MAG140
MAG140_MAG140_MAG140_29_8,73.3993597,EX01,MAG140
MAG140_MAG140_MAG140_29_9,0.0,EX01,MAG140
MAG140_MAG140_MAG140_2_1,0.0,EX01,MAG140
MAG140_MAG140_MAG140_2_10,0.38385356,EX01,MAG140
MAG140_MAG140_MAG140_2_11,0.0,EX01,MAG140
MAG140_MAG140_MAG140_2_12,0.0,EX01,MAG140
MAG140_MAG140_MAG140_2_13,0.0,EX01,MAG140
MAG140_MAG140_MAG140_2_14,2.267579384,EX01,MAG140
MAG140_MAG140_MAG140_2_2,13.44208103,EX01,MAG140
MAG140_MAG140_MAG140_2_3,12.93830761,EX01,MAG140
MAG140_MAG140_MAG140_2_4,34.83434989,EX01,MAG140
MAG140_MAG140_MAG140_2_5,0.158912976,EX01,MAG140
MAG140_MAG140_MAG140_2_6,0.182633681,EX01,MAG140
MAG140_MAG140_MAG140_2_7,0.493699172,EX01,MAG140
MAG140_MAG140_MAG140_2_8,0.0,EX01,MAG140
MAG140_MAG140_MAG140_2_9,5.678329204,EX01,MAG140
MAG140_MAG140_MAG140_30_1,0.0,EX01,MAG140
MAG140_MAG140_MAG140_30_10,92.64573141,EX01,MAG140
MAG140_MAG140_MAG140_30_11,33.46527616,EX01,MAG140
MAG140_MAG140_MAG140_30_12,2.062192881,EX01,MAG140
MAG140_MAG140_MAG140_30_13,0.323713979,EX01,MAG140
MAG140_MAG140_MAG140_30_14,19.81348402,EX01,MAG140
MAG140_MAG140_MAG140_30_15,17.38892269,EX01,MAG140
MAG140_MAG140_MAG140_30_16,3.987312274,EX01,MAG140
MAG140_MAG140_MAG140_30_17,0.0,EX01,MAG140
MAG140_MAG140_MAG140_30_18,8.215281172,EX01,MAG140
MAG140_MAG140_MAG140_30_19,1.879727995,EX01,MAG140
MAG140_MAG140_MAG140_30_2,1.465807409,EX01,MAG140
MAG140_MAG140_MAG140_30_20,7.508295468,EX01,MAG140
MAG140_MAG140_MAG140_30_21,0.0,EX01,MAG140
MAG140_MAG140_MAG140_30_22,7.169064427,EX01,MAG140
MAG140_MAG140_MAG140_30_23,3.369685499,EX01,MAG140
MAG140_MAG140_MAG140_30_24,3.875685208,EX01,MAG140
MAG140_MAG140_MAG140_30_25,10.50212994,EX01,MAG140
MAG140_MAG140_MAG140_30_26,0.253577676,EX01,MAG140
MAG140_MAG140_MAG140_30_27,43.28438322,EX01,MAG140
MAG140_MAG140_MAG140_30_28,4.881139802,EX01,MAG140
MAG140_MAG140_MAG140_30_29,14.5565807,EX01,MAG140
MAG140_MAG140_MAG140_30_3,2.733091661,EX01,MAG140
MAG140_MAG140_MAG140_30_30,0.0,EX01,MAG140
MAG140_MAG140_MAG140_30_31,0.0,EX01,MAG140
MAG140_MAG140_MAG140_30_32,0.0,EX01,MAG140
MAG140_MAG140_MAG140_30_33,0.0,EX01,MAG140
MAG140_MAG140_MAG140_30_34,21.18801518,EX01,MAG140
MAG140_MAG140_MAG140_30_35,3.134717626,EX01,MAG140
MAG140_MAG140_MAG140_30_36,5.737645891,EX01,MAG140
MAG140_MAG140_MAG140_30_37,0.0,EX01,MAG140
MAG140_MAG140_MAG140_30_38,41.93657774,EX01,MAG140
MAG140_MAG140_MAG140_30_39,26.57416548,EX01,MAG140
MAG140_MAG140_MAG140_30_4,0.0,EX01,MAG140
MAG140_MAG140_MAG140_30_40,12.11929135,EX01,MAG140
MAG140_MAG140_MAG140_30_41,24.96136244,EX01,MAG140
MAG140_MAG140_MAG140_30_42,23.45395098,EX01,MAG140
MAG140_MAG140_MAG140_30_43,32.72408289,EX01,MAG140
MAG140_MAG140_MAG140_30_44,0.0,EX01,MAG140
MAG140_MAG140_MAG140_30_45,0.0,EX01,MAG140
MAG140_MAG140_MAG140_30_46,1.388596147,EX01,MAG140
MAG140_MAG140_MAG140_30_5,0.0,EX01,MAG140
MAG140_MAG140_MAG140_30_6,13.23309978,EX01,MAG140
MAG140_MAG140_MAG140_30_7,0.0,EX01,MAG140
MAG140_MAG140_MAG140_30_8,35.80846715,EX01,MAG140
MAG140_MAG140_MAG140_30_9,0.0,EX01,MAG140
MAG140_MAG140_MAG140_31_1,0.0,EX01,MAG140
MAG140_MAG140_MAG140_31_10,0.0,EX01,MAG140
MAG140_MAG140_MAG140_31_2,1.610631386,EX01,MAG140
MAG140_MAG140_MAG140_31_3,0.0,EX01,MAG140
MAG140_MAG140_MAG140_31_4,0.0,EX01,MAG140
MAG140_MAG140_MAG140_31_5,0.0,EX01,MAG140
MAG140_MAG140_MAG140_31_6,0.0,EX01,MAG140
MAG140_MAG140_MAG140_31_7,48.66376711,EX01,MAG140
MAG140_MAG140_MAG140_31_8,0.0,EX01,MAG140
MAG140_MAG140_MAG140_31_9,250.1856477,EX01,MAG140
MAG140_MAG140_MAG140_32_1,2.982677736,EX01,MAG140
MAG140_MAG140_MAG140_32_10,26.26707263,EX01,MAG140
MAG140_MAG140_MAG140_32_11,0.242943511,EX01,MAG140
MAG140_MAG140_MAG140_32_12,1.915962491,EX01,MAG140
MAG140_MAG140_MAG140_32_13,1.857880395,EX01,MAG140
MAG140_MAG140_MAG140_32_14,0.0,EX01,MAG140
MAG140_MAG140_MAG140_32_15,0.0,EX01,MAG140
MAG140_MAG140_MAG140_32_16,6.40302722,EX01,MAG140
MAG140_MAG140_MAG140_32_17,0.0,EX01,MAG140
MAG140_MAG140_MAG140_32_18,9.637253637,EX01,MAG140
MAG140_MAG140_MAG140_32_19,2.502892342,EX01,MAG140
MAG140_MAG140_MAG140_32_2,0.0,EX01,MAG140
MAG140_MAG140_MAG140_32_20,2.547882537,EX01,MAG140
MAG140_MAG140_MAG140_32_21,0.607058696,EX01,MAG140
MAG140_MAG140_MAG140_32_22,1021.822126,EX01,MAG140
MAG140_MAG140_MAG140_32_23,834.3243183,EX01,MAG140
MAG140_MAG140_MAG140_32_24,0.0,EX01,MAG140
MAG140_MAG140_MAG140_32_25,0.845357055,EX01,MAG140
MAG140_MAG140_MAG140_32_26,1.721322223,EX01,MAG140
MAG140_MAG140_MAG140_32_27,0.0,EX01,MAG140
MAG140_MAG140_MAG140_32_28,2.332941397,EX01,MAG140
MAG140_MAG140_MAG140_32_29,0.0,EX01,MAG140
MAG140_MAG140_MAG140_32_3,3.78670381,EX01,MAG140
MAG140_MAG140_MAG140_32_4,3.192093127,EX01,MAG140
MAG140_MAG140_MAG140_32_5,0.0,EX01,MAG140
MAG140_MAG140_MAG140_32_6,13.03496645,EX01,MAG140
MAG140_MAG140_MAG140_32_7,2.681571072,EX01,MAG140
MAG140_MAG140_MAG140_32_8,0.0,EX01,MAG140
MAG140_MAG140_MAG140_32_9,2.452228341,EX01,MAG140
MAG140_MAG140_MAG140_33_1,4.952426748,EX01,MAG140
MAG140_MAG140_MAG140_33_10,7.274249418,EX01,MAG140
MAG140_MAG140_MAG140_33_11,14.92767313,EX01,MAG140
MAG140_MAG140_MAG140_33_12,11.27343294,EX01,MAG140
MAG140_MAG140_MAG140_33_13,118.4037712,EX01,MAG140
MAG140_MAG140_MAG140_33_14,201.7275909,EX01,MAG140
MAG140_MAG140_MAG140_33_15,211.3125502,EX01,MAG140
MAG140_MAG140_MAG140_33_16,0.0,EX01,MAG140
MAG140_MAG140_MAG140_33_17,5.187636938,EX01,MAG140
MAG140_MAG140_MAG140_33_18,10.81068741,EX01,MAG140
MAG140_MAG140_MAG140_33_19,4.806530047,EX01,MAG140
MAG140_MAG140_MAG140_33_2,0.471187192,EX01,MAG140
MAG140_MAG140_MAG140_33_20,7.982804451,EX01,MAG140
MAG140_MAG140_MAG140_33_21,14.88411886,EX01,MAG140
MAG140_MAG140_MAG140_33_22,3.6082517,EX01,MAG140
MAG140_MAG140_MAG140_33_23,40.06508704,EX01,MAG140
MAG140_MAG140_MAG140_33_24,16.31021218,EX01,MAG140
MAG140_MAG140_MAG140_33_25,11.1121747,EX01,MAG140
MAG140_MAG140_MAG140_33_26,0.916781443,EX01,MAG140
MAG140_MAG140_MAG140_33_27,1.652927953,EX01,MAG140
MAG140_MAG140_MAG140_33_28,0.365354496,EX01,MAG140
MAG140_MAG140_MAG140_33_29,9.496573299,EX01,MAG140
MAG140_MAG140_MAG140_33_3,0.744405795,EX01,MAG140
MAG140_MAG140_MAG140_33_30,0.0,EX01,MAG140
MAG140_MAG140_MAG140_33_31,1.866696216,EX01,MAG140
MAG140_MAG140_MAG140_33_32,0.0,EX01,MAG140
MAG140_MAG140_MAG140_33_33,0.0,EX01,MAG140
MAG140_MAG140_MAG140_33_34,0.0,EX01,MAG140
MAG140_MAG140_MAG140_33_35,0.0,EX01,MAG140
MAG140_MAG140_MAG140_33_36,0.0,EX01,MAG140
MAG140_MAG140_MAG140_33_37,8.725457195,EX01,MAG140
MAG140_MAG140_MAG140_33_38,12.74190387,EX01,MAG140
MAG140_MAG140_MAG140_33_39,3.961267806,EX01,MAG140
MAG140_MAG140_MAG140_33_4,0.0,EX01,MAG140
MAG140_MAG140_MAG140_33_40,2.185618788,EX01,MAG140
MAG140_MAG140_MAG140_33_41,1.982716627,EX01,MAG140
MAG140_MAG140_MAG140_33_42,3.119857604,EX01,MAG140
MAG140_MAG140_MAG140_33_5,0.0,EX01,MAG140
MAG140_MAG140_MAG140_33_6,0.0,EX01,MAG140
MAG140_MAG140_MAG140_33_7,1.355995092,EX01,MAG140
MAG140_MAG140_MAG140_33_8,1.777752767,EX01,MAG140
MAG140_MAG140_MAG140_33_9,33.59336443,EX01,MAG140
MAG140_MAG140_MAG140_34_1,0.0,EX01,MAG140
MAG140_MAG140_MAG140_34_10,0.0,EX01,MAG140
MAG140_MAG140_MAG140_34_11,0.0,EX01,MAG140
MAG140_MAG140_MAG140_34_12,0.369255075,EX01,MAG140
MAG140_MAG140_MAG140_34_13,0.224087357,EX01,MAG140
MAG140_MAG140_MAG140_34_14,6.846538304,EX01,MAG140
MAG140_MAG140_MAG140_34_15,0.0,EX01,MAG140
MAG140_MAG140_MAG140_34_16,0.0,EX01,MAG140
MAG140_MAG140_MAG140_34_17,0.78143557,EX01,MAG140
MAG140_MAG140_MAG140_34_18,1.162276567,EX01,MAG140
MAG140_MAG140_MAG140_34_19,0.830831414,EX01,MAG140
MAG140_MAG140_MAG140_34_2,0.0,EX01,MAG140
MAG140_MAG140_MAG140_34_20,0.0,EX01,MAG140
MAG140_MAG140_MAG140_34_21,0.0,EX01,MAG140
MAG140_MAG140_MAG140_34_22,0.0,EX01,MAG140
MAG140_MAG140_MAG140_34_23,7.475526713,EX01,MAG140
MAG140_MAG140_MAG140_34_24,1.133814182,EX01,MAG140
MAG140_MAG140_MAG140_34_25,0.0,EX01,MAG140
MAG140_MAG140_MAG140_34_26,0.0,EX01,MAG140
MAG140_MAG140_MAG140_34_27,0.0,EX01,MAG140
MAG140_MAG140_MAG140_34_28,0.568985376,EX01,MAG140
MAG140_MAG140_MAG140_34_29,1.632307944,EX01,MAG140
MAG140_MAG140_MAG140_34_3,4.763972579,EX01,MAG140
MAG140_MAG140_MAG140_34_30,0.0,EX01,MAG140
MAG140_MAG140_MAG140_34_31,0.0,EX01,MAG140
MAG140_MAG140_MAG140_34_32,1.458007803,EX01,MAG140
MAG140_MAG140_MAG140_34_33,0.0,EX01,MAG140
MAG140_MAG140_MAG140_34_34,4.226670776,EX01,MAG140
MAG140_MAG140_MAG140_34_35,4.257779228,EX01,MAG140
MAG140_MAG140_MAG140_34_36,11.92717795,EX01,MAG140
MAG140_MAG140_MAG140_34_37,1.281055241,EX01,MAG140
MAG140_MAG140_MAG140_34_38,14.8823133,EX01,MAG140
MAG140_MAG140_MAG140_34_39,9.493001724,EX01,MAG140
MAG140_MAG140_MAG140_34_4,0.0,EX01,MAG140
MAG140_MAG140_MAG140_34_40,6.020949473,EX01,MAG140
MAG140_MAG140_MAG140_34_41,0.0,EX01,MAG140
MAG140_MAG140_MAG140_34_42,5.856341881,EX01,MAG140
MAG140_MAG140_MAG140_34_43,13.73540823,EX01,MAG140
MAG140_MAG140_MAG140_34_44,29.5162695,EX01,MAG140
MAG140_MAG140_MAG140_34_45,8.208395265,EX01,MAG140
MAG140_MAG140_MAG140_34_46,1.687263406,EX01,MAG140
MAG140_MAG140_MAG140_34_47,17.67215306,EX01,MAG140
MAG140_MAG140_MAG140_34_48,9.266115708,EX01,MAG140
MAG140_MAG140_MAG140_34_49,2.102763537,EX01,MAG140
MAG140_MAG140_MAG140_34_5,0.0,EX01,MAG140
MAG140_MAG140_MAG140_34_50,20.2281992,EX01,MAG140
MAG140_MAG140_MAG140_34_51,2.801622187,EX01,MAG140
MAG140_MAG140_MAG140_34_52,0.0,EX01,MAG140
MAG140_MAG140_MAG140_34_53,0.0,EX01,MAG140
MAG140_MAG140_MAG140_34_54,80.73435671,EX01,MAG140
MAG140_MAG140_MAG140_34_55,17.7046928,EX01,MAG140
MAG140_MAG140_MAG140_34_56,5.385099656,EX01,MAG140
MAG140_MAG140_MAG140_34_57,0.0,EX01,MAG140
MAG140_MAG140_MAG140_34_58,0.904832333,EX01,MAG140
MAG140_MAG140_MAG140_34_59,0.762296325,EX01,MAG140
MAG140_MAG140_MAG140_34_6,0.0,EX01,MAG140
MAG140_MAG140_MAG140_34_60,1.106570839,EX01,MAG140
MAG140_MAG140_MAG140_34_61,1.40007487,EX01,MAG140
MAG140_MAG140_MAG140_34_62,1.647318585,EX01,MAG140
MAG140_MAG140_MAG140_34_63,0.0,EX01,MAG140
MAG140_MAG140_MAG140_34_64,0.0,EX01,MAG140
MAG140_MAG140_MAG140_34_7,4.486310424,EX01,MAG140
MAG140_MAG140_MAG140_34_8,7.705046491,EX01,MAG140
MAG140_MAG140_MAG140_34_9,7.369347186,EX01,MAG140
MAG140_MAG140_MAG140_35_1,0.0,EX01,MAG140
MAG140_MAG140_MAG140_35_10,3.557219163,EX01,MAG140
MAG140_MAG140_MAG140_35_2,0.0,EX01,MAG140
MAG140_MAG140_MAG140_35_3,0.0,EX01,MAG140
MAG140_MAG140_MAG140_35_4,8.778942034,EX01,MAG140
MAG140_MAG140_MAG140_35_5,0.0,EX01,MAG140
MAG140_MAG140_MAG140_35_6,7.914905627,EX01,MAG140
MAG140_MAG140_MAG140_35_7,0.0,EX01,MAG140
MAG140_MAG140_MAG140_35_8,0.0,EX01,MAG140
MAG140_MAG140_MAG140_35_9,1.470248075,EX01,MAG140
MAG140_MAG140_MAG140_36_1,0.0,EX01,MAG140
MAG140_MAG140_MAG140_36_10,0.25976411,EX01,MAG140
MAG140_MAG140_MAG140_36_11,5.605290475,EX01,MAG140
MAG140_MAG140_MAG140_36_12,0.0,EX01,MAG140
MAG140_MAG140_MAG140_36_13,6.009194667,EX01,MAG140
MAG140_MAG140_MAG140_36_14,2.917774615,EX01,MAG140
MAG140_MAG140_MAG140_36_15,0.430859643,EX01,MAG140
MAG140_MAG140_MAG140_36_16,1.515004855,EX01,MAG140
MAG140_MAG140_MAG140_36_17,3.250057346,EX01,MAG140
MAG140_MAG140_MAG140_36_18,0.0,EX01,MAG140
MAG140_MAG140_MAG140_36_19,0.992548535,EX01,MAG140
MAG140_MAG140_MAG140_36_2,28.71474522,EX01,MAG140
MAG140_MAG140_MAG140_36_20,2.437886089,EX01,MAG140
MAG140_MAG140_MAG140_36_21,3.159627303,EX01,MAG140
MAG140_MAG140_MAG140_36_22,2.963478703,EX01,MAG140
MAG140_MAG140_MAG140_36_23,1.169658288,EX01,MAG140
MAG140_MAG140_MAG140_36_24,0.0,EX01,MAG140
MAG140_MAG140_MAG140_36_25,1.482386499,EX01,MAG140
MAG140_MAG140_MAG140_36_26,2.782782545,EX01,MAG140
MAG140_MAG140_MAG140_36_27,195.535796,EX01,MAG140
MAG140_MAG140_MAG140_36_28,0.0,EX01,MAG140
MAG140_MAG140_MAG140_36_29,0.0,EX01,MAG140
MAG140_MAG140_MAG140_36_3,2.247543285,EX01,MAG140
MAG140_MAG140_MAG140_36_30,0.0,EX01,MAG140
MAG140_MAG140_MAG140_36_31,3.846414333,EX01,MAG140
MAG140_MAG140_MAG140_36_32,0.0,EX01,MAG140
MAG140_MAG140_MAG140_36_33,0.0,EX01,MAG140
MAG140_MAG140_MAG140_36_34,0.266791886,EX01,MAG140
MAG140_MAG140_MAG140_36_35,1.25101817,EX01,MAG140
MAG140_MAG140_MAG140_36_36,0.0,EX01,MAG140
MAG140_MAG140_MAG140_36_37,17.23039935,EX01,MAG140
MAG140_MAG140_MAG140_36_38,0.0,EX01,MAG140
MAG140_MAG140_MAG140_36_39,0.0,EX01,MAG140
MAG140_MAG140_MAG140_36_4,0.0,EX01,MAG140
MAG140_MAG140_MAG140_36_40,0.0,EX01,MAG140
MAG140_MAG140_MAG140_36_41,0.0,EX01,MAG140
MAG140_MAG140_MAG140_36_42,1.714666225,EX01,MAG140
MAG140_MAG140_MAG140_36_43,1.611973109,EX01,MAG140
MAG140_MAG140_MAG140_36_44,2.065797136,EX01,MAG140
MAG140_MAG140_MAG140_36_45,23.12044319,EX01,MAG140
MAG140_MAG140_MAG140_36_46,30.02581706,EX01,MAG140
MAG140_MAG140_MAG140_36_47,4.767927405,EX01,MAG140
MAG140_MAG140_MAG140_36_48,0.0,EX01,MAG140
MAG140_MAG140_MAG140_36_5,64.92214579,EX01,MAG140
MAG140_MAG140_MAG140_36_6,2.013774891,EX01,MAG140
MAG140_MAG140_MAG140_36_7,23.66655558,EX01,MAG140
MAG140_MAG140_MAG140_36_8,1.05852329,EX01,MAG140
MAG140_MAG140_MAG140_36_9,1.892088773,EX01,MAG140
MAG140_MAG140_MAG140_37_1,5.598233179,EX01,MAG140
MAG140_MAG140_MAG140_37_10,6.81042007,EX01,MAG140
MAG140_MAG140_MAG140_37_11,0.0,EX01,MAG140
MAG140_MAG140_MAG140_37_12,8.13903501,EX01,MAG140
MAG140_MAG140_MAG140_37_13,20.17038513,EX01,MAG140
MAG140_MAG140_MAG140_37_14,0.0,EX01,MAG140
MAG140_MAG140_MAG140_37_15,0.0,EX01,MAG140
MAG140_MAG140_MAG140_37_16,0.606524582,EX01,MAG140
MAG140_MAG140_MAG140_37_17,8.581719893,EX01,MAG140
MAG140_MAG140_MAG140_37_18,4.9998102,EX01,MAG140
MAG140_MAG140_MAG140_37_19,14.35996864,EX01,MAG140
MAG140_MAG140_MAG140_37_2,5.42962025,EX01,MAG140
MAG140_MAG140_MAG140_37_20,9.106260281,EX01,MAG140
MAG140_MAG140_MAG140_37_21,2.938662493,EX01,MAG140
MAG140_MAG140_MAG140_37_22,1.279119663,EX01,MAG140
MAG140_MAG140_MAG140_37_23,33.63075866,EX01,MAG140
MAG140_MAG140_MAG140_37_24,0.0,EX01,MAG140
MAG140_MAG140_MAG140_37_25,8.687255748,EX01,MAG140
MAG140_MAG140_MAG140_37_26,1.115381279,EX01,MAG140
MAG140_MAG140_MAG140_37_27,0.0,EX01,MAG140
MAG140_MAG140_MAG140_37_28,11.97005005,EX01,MAG140
MAG140_MAG140_MAG140_37_29,0.0,EX01,MAG140
MAG140_MAG140_MAG140_37_3,50.35079334,EX01,MAG140
MAG140_MAG140_MAG140_37_30,5.013257184,EX01,MAG140
MAG140_MAG140_MAG140_37_31,0.0,EX01,MAG140
MAG140_MAG140_MAG140_37_32,0.0,EX01,MAG140
MAG140_MAG140_MAG140_37_33,0.0,EX01,MAG140
MAG140_MAG140_MAG140_37_34,3.821093496,EX01,MAG140
MAG140_MAG140_MAG140_37_35,0.0,EX01,MAG140
MAG140_MAG140_MAG140_37_36,0.0,EX01,MAG140
MAG140_MAG140_MAG140_37_37,0.0,EX01,MAG140
MAG140_MAG140_MAG140_37_38,2.23835132,EX01,MAG140
MAG140_MAG140_MAG140_37_39,0.0,EX01,MAG140
MAG140_MAG140_MAG140_37_4,15.16100628,EX01,MAG140
MAG140_MAG140_MAG140_37_40,0.0,EX01,MAG140
MAG140_MAG140_MAG140_37_41,5.568993285,EX01,MAG140
MAG140_MAG140_MAG140_37_42,0.431373808,EX01,MAG140
MAG140_MAG140_MAG140_37_43,0.836090148,EX01,MAG140
MAG140_MAG140_MAG140_37_44,0.697978651,EX01,MAG140
MAG140_MAG140_MAG140_37_45,0.414754911,EX01,MAG140
MAG140_MAG140_MAG140_37_46,0.0,EX01,MAG140
MAG140_MAG140_MAG140_37_47,1.335260795,EX01,MAG140
MAG140_MAG140_MAG140_37_48,1.360769763,EX01,MAG140
MAG140_MAG140_MAG140_37_49,1.05745688,EX01,MAG140
MAG140_MAG140_MAG140_37_5,37.62205824,EX01,MAG140
MAG140_MAG140_MAG140_37_50,0.0,EX01,MAG140
MAG140_MAG140_MAG140_37_51,2.857547283,EX01,MAG140
MAG140_MAG140_MAG140_37_52,3.719825796,EX01,MAG140
MAG140_MAG140_MAG140_37_53,0.74332201,EX01,MAG140
MAG140_MAG140_MAG140_37_54,1.408151267,EX01,MAG140
MAG140_MAG140_MAG140_37_55,2.567426146,EX01,MAG140
MAG140_MAG140_MAG140_37_56,1.394479479,EX01,MAG140
MAG140_MAG140_MAG140_37_57,1.524243262,EX01,MAG140
MAG140_MAG140_MAG140_37_58,0.0,EX01,MAG140
MAG140_MAG140_MAG140_37_6,204.024865,EX01,MAG140
MAG140_MAG140_MAG140_37_7,205.2376049,EX01,MAG140
MAG140_MAG140_MAG140_37_8,55.31094928,EX01,MAG140
MAG140_MAG140_MAG140_37_9,5.048000739,EX01,MAG140
MAG140_MAG140_MAG140_38_1,0.792574399,EX01,MAG140
MAG140_MAG140_MAG140_38_10,0.0,EX01,MAG140
MAG140_MAG140_MAG140_38_11,3.927770793,EX01,MAG140
MAG140_MAG140_MAG140_38_12,1.535422445,EX01,MAG140
MAG140_MAG140_MAG140_38_13,9.485849614,EX01,MAG140
MAG140_MAG140_MAG140_38_14,0.0,EX01,MAG140
MAG140_MAG140_MAG140_38_15,7.711798184,EX01,MAG140
MAG140_MAG140_MAG140_38_16,2.407610793,EX01,MAG140
MAG140_MAG140_MAG140_38_17,11.11986789,EX01,MAG140
MAG140_MAG140_MAG140_38_18,3.343082281,EX01,MAG140
MAG140_MAG140_MAG140_38_19,35.92048393,EX01,MAG140
MAG140_MAG140_MAG140_38_2,0.37614442,EX01,MAG140
MAG140_MAG140_MAG140_38_20,49.78494778,EX01,MAG140
MAG140_MAG140_MAG140_38_21,0.0,EX01,MAG140
MAG140_MAG140_MAG140_38_22,6.244355941,EX01,MAG140
MAG140_MAG140_MAG140_38_23,13.39950605,EX01,MAG140
MAG140_MAG140_MAG140_38_24,0.0,EX01,MAG140
MAG140_MAG140_MAG140_38_25,0.0,EX01,MAG140
MAG140_MAG140_MAG140_38_26,3.833749823,EX01,MAG140
MAG140_MAG140_MAG140_38_27,0.0,EX01,MAG140
MAG140_MAG140_MAG140_38_28,0.0,EX01,MAG140
MAG140_MAG140_MAG140_38_29,2.222335587,EX01,MAG140
MAG140_MAG140_MAG140_38_3,3.499064096,EX01,MAG140
MAG140_MAG140_MAG140_38_30,4.342144228,EX01,MAG140
MAG140_MAG140_MAG140_38_31,1.744688724,EX01,MAG140
MAG140_MAG140_MAG140_38_32,0.15878225,EX01,MAG140
MAG140_MAG140_MAG140_38_33,0.0,EX01,MAG140
MAG140_MAG140_MAG140_38_34,0.122710497,EX01,MAG140
MAG140_MAG140_MAG140_38_35,0.0,EX01,MAG140
MAG140_MAG140_MAG140_38_36,25.02612675,EX01,MAG140
MAG140_MAG140_MAG140_38_37,19.01476958,EX01,MAG140
MAG140_MAG140_MAG140_38_38,33.4809278,EX01,MAG140
MAG140_MAG140_MAG140_38_39,32.71898055,EX01,MAG140
MAG140_MAG140_MAG140_38_4,1.423613795,EX01,MAG140
MAG140_MAG140_MAG140_38_5,2.763435496,EX01,MAG140
MAG140_MAG140_MAG140_38_6,7.513708076,EX01,MAG140
MAG140_MAG140_MAG140_38_7,0.0,EX01,MAG140
MAG140_MAG140_MAG140_38_8,0.0,EX01,MAG140
MAG140_MAG140_MAG140_38_9,0.0,EX01,MAG140
MAG140_MAG140_MAG140_39_1,8.602221675,EX01,MAG140
MAG140_MAG140_MAG140_39_10,0.0,EX01,MAG140
MAG140_MAG140_MAG140_39_11,1.491704532,EX01,MAG140
MAG140_MAG140_MAG140_39_12,4.739792958,EX01,MAG140
MAG140_MAG140_MAG140_39_13,31.63915498,EX01,MAG140
MAG140_MAG140_MAG140_39_14,7.107316473,EX01,MAG140
MAG140_MAG140_MAG140_39_15,0.0,EX01,MAG140
MAG140_MAG140_MAG140_39_16,0.0,EX01,MAG140
MAG140_MAG140_MAG140_39_17,0.0,EX01,MAG140
MAG140_MAG140_MAG140_39_18,0.0,EX01,MAG140
MAG140_MAG140_MAG140_39_19,0.0,EX01,MAG140
MAG140_MAG140_MAG140_39_2,40.0416718,EX01,MAG140
MAG140_MAG140_MAG140_39_20,0.0,EX01,MAG140
MAG140_MAG140_MAG140_39_21,2.475310127,EX01,MAG140
MAG140_MAG140_MAG140_39_22,5.241795215,EX01,MAG140
MAG140_MAG140_MAG140_39_23,0.0,EX01,MAG140
MAG140_MAG140_MAG140_39_24,0.0,EX01,MAG140
MAG140_MAG140_MAG140_39_25,3.330627354,EX01,MAG140
MAG140_MAG140_MAG140_39_26,0.0,EX01,MAG140
MAG140_MAG140_MAG140_39_27,0.0,EX01,MAG140
MAG140_MAG140_MAG140_39_28,66.52599708,EX01,MAG140
MAG140_MAG140_MAG140_39_3,0.0,EX01,MAG140
MAG140_MAG140_MAG140_39_4,0.0,EX01,MAG140
MAG140_MAG140_MAG140_39_5,20.42077735,EX01,MAG140
MAG140_MAG140_MAG140_39_6,31.45223202,EX01,MAG140
MAG140_MAG140_MAG140_39_7,34.35161479,EX01,MAG140
MAG140_MAG140_MAG140_39_8,357.9147916,EX01,MAG140
MAG140_MAG140_MAG140_39_9,0.0,EX01,MAG140
MAG140_MAG140_MAG140_3_1,5.972265352,EX01,MAG140
MAG140_MAG140_MAG140_3_10,0.994807754,EX01,MAG140
MAG140_MAG140_MAG140_3_11,3.388548857,EX01,MAG140
MAG140_MAG140_MAG140_3_12,3.225612012,EX01,MAG140
MAG140_MAG140_MAG140_3_13,4.811036029,EX01,MAG140
MAG140_MAG140_MAG140_3_14,0.0,EX01,MAG140
MAG140_MAG140_MAG140_3_15,0.0,EX01,MAG140
MAG140_MAG140_MAG140_3_16,5.4818277,EX01,MAG140
MAG140_MAG140_MAG140_3_2,0.120217082,EX01,MAG140
MAG140_MAG140_MAG140_3_3,0.254925232,EX01,MAG140
MAG140_MAG140_MAG140_3_4,0.433850948,EX01,MAG140
MAG140_MAG140_MAG140_3_5,0.0,EX01,MAG140
MAG140_MAG140_MAG140_3_6,0.554841488,EX01,MAG140
MAG140_MAG140_MAG140_3_7,3.604012178,EX01,MAG140
MAG140_MAG140_MAG140_3_8,1.011436734,EX01,MAG140
MAG140_MAG140_MAG140_3_9,0.876482173,EX01,MAG140
MAG140_MAG140_MAG140_40_1,41.96089267,EX01,MAG140
MAG140_MAG140_MAG140_40_2,1.143409016,EX01,MAG140
MAG140_MAG140_MAG140_40_3,14.8440633,EX01,MAG140
MAG140_MAG140_MAG140_40_4,25.18530815,EX01,MAG140
MAG140_MAG140_MAG140_40_5,2.186753273,EX01,MAG140
MAG140_MAG140_MAG140_40_6,0.0,EX01,MAG140
MAG140_MAG140_MAG140_40_7,0.0,EX01,MAG140
MAG140_MAG140_MAG140_41_1,0.0,EX01,MAG140
MAG140_MAG140_MAG140_41_10,10.11711968,EX01,MAG140
MAG140_MAG140_MAG140_41_11,1.626198583,EX01,MAG140
MAG140_MAG140_MAG140_41_12,1.188420101,EX01,MAG140
MAG140_MAG140_MAG140_41_13,0.0,EX01,MAG140
MAG140_MAG140_MAG140_41_14,0.0,EX01,MAG140
MAG140_MAG140_MAG140_41_15,0.0,EX01,MAG140
MAG140_MAG140_MAG140_41_16,0.0,EX01,MAG140
MAG140_MAG140_MAG140_41_17,0.0,EX01,MAG140
MAG140_MAG140_MAG140_41_18,13.90953266,EX01,MAG140
MAG140_MAG140_MAG140_41_19,0.558718422,EX01,MAG140
MAG140_MAG140_MAG140_41_2,5.74045761,EX01,MAG140
MAG140_MAG140_MAG140_41_20,1.746894547,EX01,MAG140
MAG140_MAG140_MAG140_41_21,66.8343218,EX01,MAG140
MAG140_MAG140_MAG140_41_22,5.512101598,EX01,MAG140
MAG140_MAG140_MAG140_41_23,3.706598313,EX01,MAG140
MAG140_MAG140_MAG140_41_24,0.0,EX01,MAG140
MAG140_MAG140_MAG140_41_25,0.0,EX01,MAG140
MAG140_MAG140_MAG140_41_26,0.0,EX01,MAG140
MAG140_MAG140_MAG140_41_27,21.5424893,EX01,MAG140
MAG140_MAG140_MAG140_41_3,1.579725665,EX01,MAG140
MAG140_MAG140_MAG140_41_4,1.278485864,EX01,MAG140
MAG140_MAG140_MAG140_41_5,0.0,EX01,MAG140
MAG140_MAG140_MAG140_41_6,0.0,EX01,MAG140
MAG140_MAG140_MAG140_41_7,37.80885119,EX01,MAG140
MAG140_MAG140_MAG140_41_8,16.80823791,EX01,MAG140
MAG140_MAG140_MAG140_41_9,7.298998193,EX01,MAG140
MAG140_MAG140_MAG140_42_1,0.0,EX01,MAG140
MAG140_MAG140_MAG140_42_10,53.43572729,EX01,MAG140
MAG140_MAG140_MAG140_42_11,0.0,EX01,MAG140
MAG140_MAG140_MAG140_42_12,0.0,EX01,MAG140
MAG140_MAG140_MAG140_42_13,0.0,EX01,MAG140
MAG140_MAG140_MAG140_42_14,1.126963446,EX01,MAG140
MAG140_MAG140_MAG140_42_15,0.0,EX01,MAG140
MAG140_MAG140_MAG140_42_16,0.650158304,EX01,MAG140
MAG140_MAG140_MAG140_42_17,2.06142318,EX01,MAG140
MAG140_MAG140_MAG140_42_18,0.0,EX01,MAG140
MAG140_MAG140_MAG140_42_19,1.995248984,EX01,MAG140
MAG140_MAG140_MAG140_42_2,0.0,EX01,MAG140
MAG140_MAG140_MAG140_42_20,4.636819752,EX01,MAG140
MAG140_MAG140_MAG140_42_21,2.122240556,EX01,MAG140
MAG140_MAG140_MAG140_42_22,11.21725469,EX01,MAG140
MAG140_MAG140_MAG140_42_23,0.0,EX01,MAG140
MAG140_MAG140_MAG140_42_24,0.0,EX01,MAG140
MAG140_MAG140_MAG140_42_25,0.0,EX01,MAG140
MAG140_MAG140_MAG140_42_26,0.0,EX01,MAG140
MAG140_MAG140_MAG140_42_27,0.0,EX01,MAG140
MAG140_MAG140_MAG140_42_28,28.35950122,EX01,MAG140
MAG140_MAG140_MAG140_42_29,7.7383739,EX01,MAG140
MAG140_MAG140_MAG140_42_3,20.43417942,EX01,MAG140
MAG140_MAG140_MAG140_42_30,1.397524765,EX01,MAG140
MAG140_MAG140_MAG140_42_31,0.0,EX01,MAG140
MAG140_MAG140_MAG140_42_32,5.978339494,EX01,MAG140
MAG140_MAG140_MAG140_42_33,12.13869526,EX01,MAG140
MAG140_MAG140_MAG140_42_34,7.214467868,EX01,MAG140
MAG140_MAG140_MAG140_42_35,7.676740076,EX01,MAG140
MAG140_MAG140_MAG140_42_36,1.79665658,EX01,MAG140
MAG140_MAG140_MAG140_42_37,1.42626528,EX01,MAG140
MAG140_MAG140_MAG140_42_4,9.349015801,EX01,MAG140
MAG140_MAG140_MAG140_42_5,11.65785942,EX01,MAG140
MAG140_MAG140_MAG140_42_6,5.79234398,EX01,MAG140
MAG140_MAG140_MAG140_42_7,1.51897662,EX01,MAG140
MAG140_MAG140_MAG140_42_8,4.374924804,EX01,MAG140
MAG140_MAG140_MAG140_42_9,3.071336376,EX01,MAG140
MAG140_MAG140_MAG140_43_1,0.0,EX01,MAG140
MAG140_MAG140_MAG140_43_10,0.07747291,EX01,MAG140
MAG140_MAG140_MAG140_43_11,0.42895589,EX01,MAG140
MAG140_MAG140_MAG140_43_12,0.01649072,EX01,MAG140
MAG140_MAG140_MAG140_43_13,0.171622118,EX01,MAG140
MAG140_MAG140_MAG140_43_14,0.0906849,EX01,MAG140
MAG140_MAG140_MAG140_43_15,0.0,EX01,MAG140
MAG140_MAG140_MAG140_43_16,0.640307175,EX01,MAG140
MAG140_MAG140_MAG140_43_17,0.13958798,EX01,MAG140
MAG140_MAG140_MAG140_43_18,0.500000848,EX01,MAG140
MAG140_MAG140_MAG140_43_19,0.121163217,EX01,MAG140
MAG140_MAG140_MAG140_43_2,55.25032103,EX01,MAG140
MAG140_MAG140_MAG140_43_20,0.09057906,EX01,MAG140
MAG140_MAG140_MAG140_43_21,0.974532729,EX01,MAG140
MAG140_MAG140_MAG140_43_22,0.379191278,EX01,MAG140
MAG140_MAG140_MAG140_43_23,0.24985801,EX01,MAG140
MAG140_MAG140_MAG140_43_24,0.606456418,EX01,MAG140
MAG140_MAG140_MAG140_43_25,0.526305888,EX01,MAG140
MAG140_MAG140_MAG140_43_26,0.675021505,EX01,MAG140
MAG140_MAG140_MAG140_43_27,2.690170662,EX01,MAG140
MAG140_MAG140_MAG140_43_28,0.226633637,EX01,MAG140
MAG140_MAG140_MAG140_43_29,0.551399737,EX01,MAG140
MAG140_MAG140_MAG140_43_3,9.612777127,EX01,MAG140
MAG140_MAG140_MAG140_43_30,0.115003841,EX01,MAG140
MAG140_MAG140_MAG140_43_31,0.772605303,EX01,MAG140
MAG140_MAG140_MAG140_43_32,0.181751693,EX01,MAG140
MAG140_MAG140_MAG140_43_33,0.0,EX01,MAG140
MAG140_MAG140_MAG140_43_34,0.392227893,EX01,MAG140
MAG140_MAG140_MAG140_43_35,0.0,EX01,MAG140
MAG140_MAG140_MAG140_43_36,0.0,EX01,MAG140
MAG140_MAG140_MAG140_43_37,0.216418476,EX01,MAG140
MAG140_MAG140_MAG140_43_38,0.972056654,EX01,MAG140
MAG140_MAG140_MAG140_43_39,0.0,EX01,MAG140
MAG140_MAG140_MAG140_43_4,10.75713363,EX01,MAG140
MAG140_MAG140_MAG140_43_40,0.0,EX01,MAG140
MAG140_MAG140_MAG140_43_41,1.461463201,EX01,MAG140
MAG140_MAG140_MAG140_43_42,0.867634814,EX01,MAG140
MAG140_MAG140_MAG140_43_43,10.61679857,EX01,MAG140
MAG140_MAG140_MAG140_43_44,95.34627413,EX01,MAG140
MAG140_MAG140_MAG140_43_45,2.937103993,EX01,MAG140
MAG140_MAG140_MAG140_43_46,97.38752028,EX01,MAG140
MAG140_MAG140_MAG140_43_47,8.237440722,EX01,MAG140
MAG140_MAG140_MAG140_43_48,10.85698277,EX01,MAG140
MAG140_MAG140_MAG140_43_49,9.335421232,EX01,MAG140
MAG140_MAG140_MAG140_43_5,399.2811743,EX01,MAG140
MAG140_MAG140_MAG140_43_50,0.0,EX01,MAG140
MAG140_MAG140_MAG140_43_51,0.0,EX01,MAG140
MAG140_MAG140_MAG140_43_52,14.19323192,EX01,MAG140
MAG140_MAG140_MAG140_43_53,64.33643401,EX01,MAG140
MAG140_MAG140_MAG140_43_54,0.0,EX01,MAG140
MAG140_MAG140_MAG140_43_55,1.0404985,EX01,MAG140
MAG140_MAG140_MAG140_43_56,3.270555514,EX01,MAG140
MAG140_MAG140_MAG140_43_57,7.501779313,EX01,MAG140
MAG140_MAG140_MAG140_43_58,7.089603084,EX01,MAG140
MAG140_MAG140_MAG140_43_59,100.2051376,EX01,MAG140
MAG140_MAG140_MAG140_43_6,0.0,EX01,MAG140
MAG140_MAG140_MAG140_43_60,0.0,EX01,MAG140
MAG140_MAG140_MAG140_43_61,12.69187003,EX01,MAG140
MAG140_MAG140_MAG140_43_62,0.0,EX01,MAG140
MAG140_MAG140_MAG140_43_63,2.016402888,EX01,MAG140
MAG140_MAG140_MAG140_43_64,10.55452178,EX01,MAG140
MAG140_MAG140_MAG140_43_65,0.0,EX01,MAG140
MAG140_MAG140_MAG140_43_66,0.0,EX01,MAG140
MAG140_MAG140_MAG140_43_67,4.123660388,EX01,MAG140
MAG140_MAG140_MAG140_43_68,0.0,EX01,MAG140
MAG140_MAG140_MAG140_43_69,3.964536345,EX01,MAG140
MAG140_MAG140_MAG140_43_7,0.0,EX01,MAG140
MAG140_MAG140_MAG140_43_8,0.0,EX01,MAG140
MAG140_MAG140_MAG140_43_9,0.0,EX01,MAG140
MAG140_MAG140_MAG140_44_1,0.0,EX01,MAG140
MAG140_MAG140_MAG140_44_10,3.441187816,EX01,MAG140
MAG140_MAG140_MAG140_44_11,3.362087521,EX01,MAG140
MAG140_MAG140_MAG140_44_12,0.0,EX01,MAG140
MAG140_MAG140_MAG140_44_13,8.456124408,EX01,MAG140
MAG140_MAG140_MAG140_44_14,4.438714194,EX01,MAG140
MAG140_MAG140_MAG140_44_15,3.388951265,EX01,MAG140
MAG140_MAG140_MAG140_44_16,19.0257143,EX01,MAG140
MAG140_MAG140_MAG140_44_17,0.0,EX01,MAG140
MAG140_MAG140_MAG140_44_18,2.351687757,EX01,MAG140
MAG140_MAG140_MAG140_44_19,4.20378085,EX01,MAG140
MAG140_MAG140_MAG140_44_2,0.0,EX01,MAG140
MAG140_MAG140_MAG140_44_20,0.0,EX01,MAG140
MAG140_MAG140_MAG140_44_21,2.336285339,EX01,MAG140
MAG140_MAG140_MAG140_44_22,0.0,EX01,MAG140
MAG140_MAG140_MAG140_44_23,4.056088207,EX01,MAG140
MAG140_MAG140_MAG140_44_24,6.52887658,EX01,MAG140
MAG140_MAG140_MAG140_44_25,1.444446509,EX01,MAG140
MAG140_MAG140_MAG140_44_26,3.112656647,EX01,MAG140
MAG140_MAG140_MAG140_44_27,0.0,EX01,MAG140
MAG140_MAG140_MAG140_44_28,0.159739982,EX01,MAG140
MAG140_MAG140_MAG140_44_29,0.400083384,EX01,MAG140
MAG140_MAG140_MAG140_44_3,2.471992305,EX01,MAG140
MAG140_MAG140_MAG140_44_30,0.0,EX01,MAG140
MAG140_MAG140_MAG140_44_31,0.08010544,EX01,MAG140
MAG140_MAG140_MAG140_44_32,0.097327862,EX01,MAG140
MAG140_MAG140_MAG140_44_33,2.769496868,EX01,MAG140
MAG140_MAG140_MAG140_44_34,14.55004953,EX01,MAG140
MAG140_MAG140_MAG140_44_35,0.0,EX01,MAG140
MAG140_MAG140_MAG140_44_36,8.286650831,EX01,MAG140
MAG140_MAG140_MAG140_44_37,360.0428598,EX01,MAG140
MAG140_MAG140_MAG140_44_4,1.643771145,EX01,MAG140
MAG140_MAG140_MAG140_44_5,0.0,EX01,MAG140
MAG140_MAG140_MAG140_44_6,0.0,EX01,MAG140
MAG140_MAG140_MAG140_44_7,18.8462624,EX01,MAG140
MAG140_MAG140_MAG140_44_8,37.29367646,EX01,MAG140
MAG140_MAG140_MAG140_44_9,13.26579213,EX01,MAG140
MAG140_MAG140_MAG140_45_1,5.890614877,EX01,MAG140
MAG140_MAG140_MAG140_46_1,0.0,EX01,MAG140
MAG140_MAG140_MAG140_46_10,6.90565789,EX01,MAG140
MAG140_MAG140_MAG140_46_11,0.0,EX01,MAG140
MAG140_MAG140_MAG140_46_12,27.3814308,EX01,MAG140
MAG140_MAG140_MAG140_46_13,4.571292516,EX01,MAG140
MAG140_MAG140_MAG140_46_14,0.0,EX01,MAG140
MAG140_MAG140_MAG140_46_15,0.0,EX01,MAG140
MAG140_MAG140_MAG140_46_16,10.18103333,EX01,MAG140
MAG140_MAG140_MAG140_46_17,1.051392326,EX01,MAG140
MAG140_MAG140_MAG140_46_18,86.35870809,EX01,MAG140
MAG140_MAG140_MAG140_46_19,0.0,EX01,MAG140
MAG140_MAG140_MAG140_46_2,14.40797084,EX01,MAG140
MAG140_MAG140_MAG140_46_20,0.0,EX01,MAG140
MAG140_MAG140_MAG140_46_21,6.396731388,EX01,MAG140
MAG140_MAG140_MAG140_46_22,0.0,EX01,MAG140
MAG140_MAG140_MAG140_46_23,0.0,EX01,MAG140
MAG140_MAG140_MAG140_46_24,0.49103006,EX01,MAG140
MAG140_MAG140_MAG140_46_25,1.289159852,EX01,MAG140
MAG140_MAG140_MAG140_46_26,0.801103433,EX01,MAG140
MAG140_MAG140_MAG140_46_27,0.0,EX01,MAG140
MAG140_MAG140_MAG140_46_28,0.0,EX01,MAG140
MAG140_MAG140_MAG140_46_29,0.0,EX01,MAG140
MAG140_MAG140_MAG140_46_3,29.58776093,EX01,MAG140
MAG140_MAG140_MAG140_46_30,1.679187463,EX01,MAG140
MAG140_MAG140_MAG140_46_31,4.746591048,EX01,MAG140
MAG140_MAG140_MAG140_46_32,18.70973969,EX01,MAG140
MAG140_MAG140_MAG140_46_33,0.532087569,EX01,MAG140
MAG140_MAG140_MAG140_46_34,0.0,EX01,MAG140
MAG140_MAG140_MAG140_46_35,17.25862735,EX01,MAG140
MAG140_MAG140_MAG140_46_36,0.0,EX01,MAG140
MAG140_MAG140_MAG140_46_37,6.302292748,EX01,MAG140
MAG140_MAG140_MAG140_46_4,39.33598424,EX01,MAG140
MAG140_MAG140_MAG140_46_5,0.806948994,EX01,MAG140
MAG140_MAG140_MAG140_46_6,0.0,EX01,MAG140
MAG140_MAG140_MAG140_46_7,8.255926891,EX01,MAG140
MAG140_MAG140_MAG140_46_8,0.0,EX01,MAG140
MAG140_MAG140_MAG140_46_9,0.0,EX01,MAG140
MAG140_MAG140_MAG140_47_1,1.065836548,EX01,MAG140
MAG140_MAG140_MAG140_47_10,8.692178727,EX01,MAG140
MAG140_MAG140_MAG140_47_11,5.312597033,EX01,MAG140
MAG140_MAG140_MAG140_47_12,0.0,EX01,MAG140
MAG140_MAG140_MAG140_47_13,8.813735599,EX01,MAG140
MAG140_MAG140_MAG140_47_14,0.0,EX01,MAG140
MAG140_MAG140_MAG140_47_15,14.34199651,EX01,MAG140
MAG140_MAG140_MAG140_47_16,0.0,EX01,MAG140
MAG140_MAG140_MAG140_47_17,0.0,EX01,MAG140
MAG140_MAG140_MAG140_47_18,0.0,EX01,MAG140
MAG140_MAG140_MAG140_47_19,0.0,EX01,MAG140
MAG140_MAG140_MAG140_47_2,0.0,EX01,MAG140
MAG140_MAG140_MAG140_47_20,7.571417425,EX01,MAG140
MAG140_MAG140_MAG140_47_21,4.242803573,EX01,MAG140
MAG140_MAG140_MAG140_47_22,0.0,EX01,MAG140
MAG140_MAG140_MAG140_47_3,0.0,EX01,MAG140
MAG140_MAG140_MAG140_47_4,2.410244055,EX01,MAG140
MAG140_MAG140_MAG140_47_5,5.511170445,EX01,MAG140
MAG140_MAG140_MAG140_47_6,2.227516158,EX01,MAG140
MAG140_MAG140_MAG140_47_7,2.430300915,EX01,MAG140
MAG140_MAG140_MAG140_47_8,9.608122672,EX01,MAG140
MAG140_MAG140_MAG140_47_9,2.628218673,EX01,MAG140
MAG140_MAG140_MAG140_48_1,20.18156442,EX01,MAG140
MAG140_MAG140_MAG140_48_10,1.093384159,EX01,MAG140
MAG140_MAG140_MAG140_48_11,13.8711681,EX01,MAG140
MAG140_MAG140_MAG140_48_12,0.0,EX01,MAG140
MAG140_MAG140_MAG140_48_13,83.25551731,EX01,MAG140
MAG140_MAG140_MAG140_48_14,3.251003267,EX01,MAG140
MAG140_MAG140_MAG140_48_15,0.0,EX01,MAG140
MAG140_MAG140_MAG140_48_16,0.0,EX01,MAG140
MAG140_MAG140_MAG140_48_17,2.572948708,EX01,MAG140
MAG140_MAG140_MAG140_48_18,1.329382916,EX01,MAG140
MAG140_MAG140_MAG140_48_19,2.997690094,EX01,MAG140
MAG140_MAG140_MAG140_48_2,0.0,EX01,MAG140
MAG140_MAG140_MAG140_48_20,6.357861588,EX01,MAG140
MAG140_MAG140_MAG140_48_21,0.0,EX01,MAG140
MAG140_MAG140_MAG140_48_22,0.0,EX01,MAG140
MAG140_MAG140_MAG140_48_23,0.0,EX01,MAG140
MAG140_MAG140_MAG140_48_24,0.0,EX01,MAG140
MAG140_MAG140_MAG140_48_3,0.0,EX01,MAG140
MAG140_MAG140_MAG140_48_4,0.0,EX01,MAG140
MAG140_MAG140_MAG140_48_5,0.973984762,EX01,MAG140
MAG140_MAG140_MAG140_48_6,6.064924093,EX01,MAG140
MAG140_MAG140_MAG140_48_7,5.983984896,EX01,MAG140
MAG140_MAG140_MAG140_48_8,11.71274159,EX01,MAG140
MAG140_MAG140_MAG140_48_9,4.835640169,EX01,MAG140
MAG140_MAG140_MAG140_49_1,0.0,EX01,MAG140
MAG140_MAG140_MAG140_49_10,18.19952368,EX01,MAG140
MAG140_MAG140_MAG140_49_11,37.56983783,EX01,MAG140
MAG140_MAG140_MAG140_49_12,228.7745664,EX01,MAG140
MAG140_MAG140_MAG140_49_13,158.1371968,EX01,MAG140
MAG140_MAG140_MAG140_49_14,58.92045672,EX01,MAG140
MAG140_MAG140_MAG140_49_15,59.31877938,EX01,MAG140
MAG140_MAG140_MAG140_49_16,25.74218932,EX01,MAG140
MAG140_MAG140_MAG140_49_17,3.724953837,EX01,MAG140
MAG140_MAG140_MAG140_49_18,0.0,EX01,MAG140
MAG140_MAG140_MAG140_49_19,40.22807897,EX01,MAG140
MAG140_MAG140_MAG140_49_2,0.815953257,EX01,MAG140
MAG140_MAG140_MAG140_49_20,87.51058961,EX01,MAG140
MAG140_MAG140_MAG140_49_21,11.98549983,EX01,MAG140
MAG140_MAG140_MAG140_49_22,57.99670087,EX01,MAG140
MAG140_MAG140_MAG140_49_23,0.893980546,EX01,MAG140
MAG140_MAG140_MAG140_49_24,1.146626665,EX01,MAG140
MAG140_MAG140_MAG140_49_25,0.379106739,EX01,MAG140
MAG140_MAG140_MAG140_49_26,0.0,EX01,MAG140
MAG140_MAG140_MAG140_49_27,0.0,EX01,MAG140
MAG140_MAG140_MAG140_49_3,2.351249523,EX01,MAG140
MAG140_MAG140_MAG140_49_4,0.0,EX01,MAG140
MAG140_MAG140_MAG140_49_5,0.0,EX01,MAG140
MAG140_MAG140_MAG140_49_6,2.53192131,EX01,MAG140
MAG140_MAG140_MAG140_49_7,16.28609721,EX01,MAG140
MAG140_MAG140_MAG140_49_8,4.075740804,EX01,MAG140
MAG140_MAG140_MAG140_49_9,4.172158064,EX01,MAG140
MAG140_MAG140_MAG140_4_1,10.47533019,EX01,MAG140
MAG140_MAG140_MAG140_4_10,0.0,EX01,MAG140
MAG140_MAG140_MAG140_4_11,0.0,EX01,MAG140
MAG140_MAG140_MAG140_4_12,0.0,EX01,MAG140
MAG140_MAG140_MAG140_4_13,7.375592599,EX01,MAG140
MAG140_MAG140_MAG140_4_14,4.280868501,EX01,MAG140
MAG140_MAG140_MAG140_4_15,0.0,EX01,MAG140
MAG140_MAG140_MAG140_4_16,4.827553395,EX01,MAG140
MAG140_MAG140_MAG140_4_17,7.323687031,EX01,MAG140
MAG140_MAG140_MAG140_4_18,0.0,EX01,MAG140
MAG140_MAG140_MAG140_4_2,12.24981826,EX01,MAG140
MAG140_MAG140_MAG140_4_3,10.77399169,EX01,MAG140
MAG140_MAG140_MAG140_4_4,6.91325023,EX01,MAG140
MAG140_MAG140_MAG140_4_5,5.251994814,EX01,MAG140
MAG140_MAG140_MAG140_4_6,0.0,EX01,MAG140
MAG140_MAG140_MAG140_4_7,0.617812553,EX01,MAG140
MAG140_MAG140_MAG140_4_8,21.02670317,EX01,MAG140
MAG140_MAG140_MAG140_4_9,1.362655558,EX01,MAG140
MAG140_MAG140_MAG140_50_1,0.0,EX01,MAG140
MAG140_MAG140_MAG140_50_10,3.470049651,EX01,MAG140
MAG140_MAG140_MAG140_50_11,0.0,EX01,MAG140
MAG140_MAG140_MAG140_50_12,6.553186091,EX01,MAG140
MAG140_MAG140_MAG140_50_13,0.0,EX01,MAG140
MAG140_MAG140_MAG140_50_14,0.0,EX01,MAG140
MAG140_MAG140_MAG140_50_15,8.049452912,EX01,MAG140
MAG140_MAG140_MAG140_50_16,0.0,EX01,MAG140
MAG140_MAG140_MAG140_50_17,2.18890462,EX01,MAG140
MAG140_MAG140_MAG140_50_18,0.0,EX01,MAG140
MAG140_MAG140_MAG140_50_2,0.0,EX01,MAG140
MAG140_MAG140_MAG140_50_3,2.795970067,EX01,MAG140
MAG140_MAG140_MAG140_50_4,4.40089151,EX01,MAG140
MAG140_MAG140_MAG140_50_5,880.4343955,EX01,MAG140
MAG140_MAG140_MAG140_50_6,0.0,EX01,MAG140
MAG140_MAG140_MAG140_50_7,8.802217612,EX01,MAG140
MAG140_MAG140_MAG140_50_8,0.0,EX01,MAG140
MAG140_MAG140_MAG140_50_9,4.771313669,EX01,MAG140
MAG140_MAG140_MAG140_51_1,2.313562202,EX01,MAG140
MAG140_MAG140_MAG140_51_2,5.673050284,EX01,MAG140
MAG140_MAG140_MAG140_51_3,1.366577875,EX01,MAG140
MAG140_MAG140_MAG140_52_1,0.0,EX01,MAG140
MAG140_MAG140_MAG140_52_2,17.1652299,EX01,MAG140
MAG140_MAG140_MAG140_52_3,21.14089788,EX01,MAG140
MAG140_MAG140_MAG140_52_4,4.344970293,EX01,MAG140
MAG140_MAG140_MAG140_52_5,25.90657085,EX01,MAG140
MAG140_MAG140_MAG140_52_6,4.968351621,EX01,MAG140
MAG140_MAG140_MAG140_53_1,11.09640819,EX01,MAG140
MAG140_MAG140_MAG140_53_10,13.58502322,EX01,MAG140
MAG140_MAG140_MAG140_53_11,25.52789155,EX01,MAG140
MAG140_MAG140_MAG140_53_12,3.863929116,EX01,MAG140
MAG140_MAG140_MAG140_53_13,0.0,EX01,MAG140
MAG140_MAG140_MAG140_53_14,0.0,EX01,MAG140
MAG140_MAG140_MAG140_53_15,0.0,EX01,MAG140
MAG140_MAG140_MAG140_53_16,0.0,EX01,MAG140
MAG140_MAG140_MAG140_53_17,0.0,EX01,MAG140
MAG140_MAG140_MAG140_53_18,0.0,EX01,MAG140
MAG140_MAG140_MAG140_53_19,42.48977748,EX01,MAG140
MAG140_MAG140_MAG140_53_2,2.904722608,EX01,MAG140
MAG140_MAG140_MAG140_53_20,0.804152544,EX01,MAG140
MAG140_MAG140_MAG140_53_21,0.585793912,EX01,MAG140
MAG140_MAG140_MAG140_53_22,0.096852104,EX01,MAG140
MAG140_MAG140_MAG140_53_23,0.0,EX01,MAG140
MAG140_MAG140_MAG140_53_24,0.550939677,EX01,MAG140
MAG140_MAG140_MAG140_53_25,0.0,EX01,MAG140
MAG140_MAG140_MAG140_53_26,0.0,EX01,MAG140
MAG140_MAG140_MAG140_53_27,0.0,EX01,MAG140
MAG140_MAG140_MAG140_53_28,0.0,EX01,MAG140
MAG140_MAG140_MAG140_53_29,37.58778706,EX01,MAG140
MAG140_MAG140_MAG140_53_3,25.95808178,EX01,MAG140
MAG140_MAG140_MAG140_53_30,0.0,EX01,MAG140
MAG140_MAG140_MAG140_53_31,0.0,EX01,MAG140
MAG140_MAG140_MAG140_53_32,0.444835796,EX01,MAG140
MAG140_MAG140_MAG140_53_33,2.269739579,EX01,MAG140
MAG140_MAG140_MAG140_53_34,2.037595102,EX01,MAG140
MAG140_MAG140_MAG140_53_35,22.11971809,EX01,MAG140
MAG140_MAG140_MAG140_53_36,79.40572173,EX01,MAG140
MAG140_MAG140_MAG140_53_37,35.113829,EX01,MAG140
MAG140_MAG140_MAG140_53_38,15.71934931,EX01,MAG140
MAG140_MAG140_MAG140_53_39,53.65711778,EX01,MAG140
MAG140_MAG140_MAG140_53_4,0.0,EX01,MAG140
MAG140_MAG140_MAG140_53_40,0.0,EX01,MAG140
MAG140_MAG140_MAG140_53_5,0.0,EX01,MAG140
MAG140_MAG140_MAG140_53_6,3.147063086,EX01,MAG140
MAG140_MAG140_MAG140_53_7,25.74174482,EX01,MAG140
MAG140_MAG140_MAG140_53_8,21.02224116,EX01,MAG140
MAG140_MAG140_MAG140_53_9,109.9665738,EX01,MAG140
MAG140_MAG140_MAG140_54_1,3.568046655,EX01,MAG140
MAG140_MAG140_MAG140_54_10,15.26967398,EX01,MAG140
MAG140_MAG140_MAG140_54_11,5.592594628,EX01,MAG140
MAG140_MAG140_MAG140_54_2,0.0,EX01,MAG140
MAG140_MAG140_MAG140_54_3,16.88957861,EX01,MAG140
MAG140_MAG140_MAG140_54_4,17.42824046,EX01,MAG140
MAG140_MAG140_MAG140_54_5,283.2034694,EX01,MAG140
MAG140_MAG140_MAG140_54_6,0.0,EX01,MAG140
MAG140_MAG140_MAG140_54_7,0.0,EX01,MAG140
MAG140_MAG140_MAG140_54_8,0.0,EX01,MAG140
MAG140_MAG140_MAG140_54_9,6.14617756,EX01,MAG140
MAG140_MAG140_MAG140_55_1,0.127181187,EX01,MAG140
MAG140_MAG140_MAG140_55_10,0.0,EX01,MAG140
MAG140_MAG140_MAG140_55_11,0.0,EX01,MAG140
MAG140_MAG140_MAG140_55_12,0.861096461,EX01,MAG140
MAG140_MAG140_MAG140_55_13,3.473672433,EX01,MAG140
MAG140_MAG140_MAG140_55_14,0.0,EX01,MAG140
MAG140_MAG140_MAG140_55_15,2.046125549,EX01,MAG140
MAG140_MAG140_MAG140_55_16,2.707157073,EX01,MAG140
MAG140_MAG140_MAG140_55_17,1.744128476,EX01,MAG140
MAG140_MAG140_MAG140_55_18,0.0,EX01,MAG140
MAG140_MAG140_MAG140_55_19,5.277200132,EX01,MAG140
MAG140_MAG140_MAG140_55_2,0.0,EX01,MAG140
MAG140_MAG140_MAG140_55_20,2.828037583,EX01,MAG140
MAG140_MAG140_MAG140_55_21,1.384556513,EX01,MAG140
MAG140_MAG140_MAG140_55_22,25.82806942,EX01,MAG140
MAG140_MAG140_MAG140_55_23,0.0,EX01,MAG140
MAG140_MAG140_MAG140_55_24,7.298564596,EX01,MAG140
MAG140_MAG140_MAG140_55_25,28.59746561,EX01,MAG140
MAG140_MAG140_MAG140_55_26,13.00505134,EX01,MAG140
MAG140_MAG140_MAG140_55_27,0.0,EX01,MAG140
MAG140_MAG140_MAG140_55_3,1.167433787,EX01,MAG140
MAG140_MAG140_MAG140_55_4,2.082777741,EX01,MAG140
MAG140_MAG140_MAG140_55_5,14.49312372,EX01,MAG140
MAG140_MAG140_MAG140_55_6,25.84369889,EX01,MAG140
MAG140_MAG140_MAG140_55_7,14.82246508,EX01,MAG140
MAG140_MAG140_MAG140_55_8,0.0,EX01,MAG140
MAG140_MAG140_MAG140_55_9,0.0,EX01,MAG140
MAG140_MAG140_MAG140_56_1,0.0,EX01,MAG140
MAG140_MAG140_MAG140_56_10,7.002616691,EX01,MAG140
MAG140_MAG140_MAG140_56_11,0.0,EX01,MAG140
MAG140_MAG140_MAG140_56_12,0.367126327,EX01,MAG140
MAG140_MAG140_MAG140_56_13,0.0,EX01,MAG140
MAG140_MAG140_MAG140_56_14,0.141557796,EX01,MAG140
MAG140_MAG140_MAG140_56_15,0.0,EX01,MAG140
MAG140_MAG140_MAG140_56_2,1.287562952,EX01,MAG140
MAG140_MAG140_MAG140_56_3,0.0,EX01,MAG140
MAG140_MAG140_MAG140_56_4,0.0,EX01,MAG140
MAG140_MAG140_MAG140_56_5,0.0,EX01,MAG140
MAG140_MAG140_MAG140_56_6,0.0,EX01,MAG140
MAG140_MAG140_MAG140_56_7,0.02905076,EX01,MAG140
MAG140_MAG140_MAG140_56_8,0.0,EX01,MAG140
MAG140_MAG140_MAG140_56_9,1.645759517,EX01,MAG140
MAG140_MAG140_MAG140_57_1,0.0,EX01,MAG140
MAG140_MAG140_MAG140_57_10,0.0,EX01,MAG140
MAG140_MAG140_MAG140_57_11,8.424418259,EX01,MAG140
MAG140_MAG140_MAG140_57_12,2.807165348,EX01,MAG140
MAG140_MAG140_MAG140_57_13,0.0,EX01,MAG140
MAG140_MAG140_MAG140_57_14,0.543795499,EX01,MAG140
MAG140_MAG140_MAG140_57_15,1.448627844,EX01,MAG140
MAG140_MAG140_MAG140_57_16,0.0,EX01,MAG140
MAG140_MAG140_MAG140_57_17,2.671442288,EX01,MAG140
MAG140_MAG140_MAG140_57_18,0.0,EX01,MAG140
MAG140_MAG140_MAG140_57_19,0.0,EX01,MAG140
MAG140_MAG140_MAG140_57_2,4.351665867,EX01,MAG140
MAG140_MAG140_MAG140_57_20,0.0,EX01,MAG140
MAG140_MAG140_MAG140_57_21,20.73567605,EX01,MAG140
MAG140_MAG140_MAG140_57_22,0.0,EX01,MAG140
MAG140_MAG140_MAG140_57_23,0.0,EX01,MAG140
MAG140_MAG140_MAG140_57_24,87.74239427,EX01,MAG140
MAG140_MAG140_MAG140_57_25,0.0,EX01,MAG140
MAG140_MAG140_MAG140_57_26,0.0,EX01,MAG140
MAG140_MAG140_MAG140_57_27,1.437416009,EX01,MAG140
MAG140_MAG140_MAG140_57_28,1.585019394,EX01,MAG140
MAG140_MAG140_MAG140_57_29,0.0,EX01,MAG140
MAG140_MAG140_MAG140_57_3,0.0,EX01,MAG140
MAG140_MAG140_MAG140_57_30,1.887305138,EX01,MAG140
MAG140_MAG140_MAG140_57_31,4.328215987,EX01,MAG140
MAG140_MAG140_MAG140_57_32,1.460570973,EX01,MAG140
MAG140_MAG140_MAG140_57_33,8.161337196,EX01,MAG140
MAG140_MAG140_MAG140_57_34,0.0,EX01,MAG140
MAG140_MAG140_MAG140_57_35,22.5513004,EX01,MAG140
MAG140_MAG140_MAG140_57_36,14.53690388,EX01,MAG140
MAG140_MAG140_MAG140_57_37,1.301452978,EX01,MAG140
MAG140_MAG140_MAG140_57_38,0.0,EX01,MAG140
MAG140_MAG140_MAG140_57_4,0.0,EX01,MAG140
MAG140_MAG140_MAG140_57_5,9.526879705,EX01,MAG140
MAG140_MAG140_MAG140_57_6,0.0,EX01,MAG140
MAG140_MAG140_MAG140_57_7,4.705534275,EX01,MAG140
MAG140_MAG140_MAG140_57_8,4.11973362,EX01,MAG140
MAG140_MAG140_MAG140_57_9,0.0,EX01,MAG140
MAG140_MAG140_MAG140_58_1,10.78848318,EX01,MAG140
MAG140_MAG140_MAG140_58_10,3.78504346,EX01,MAG140
MAG140_MAG140_MAG140_58_11,9.615926704,EX01,MAG140
MAG140_MAG140_MAG140_58_12,0.0,EX01,MAG140
MAG140_MAG140_MAG140_58_13,11.17920711,EX01,MAG140
MAG140_MAG140_MAG140_58_14,16.86913042,EX01,MAG140
MAG140_MAG140_MAG140_58_15,5.25666303,EX01,MAG140
MAG140_MAG140_MAG140_58_16,3.552055957,EX01,MAG140
MAG140_MAG140_MAG140_58_17,1.417807551,EX01,MAG140
MAG140_MAG140_MAG140_58_2,0.0,EX01,MAG140
MAG140_MAG140_MAG140_58_3,0.0,EX01,MAG140
MAG140_MAG140_MAG140_58_4,0.0,EX01,MAG140
MAG140_MAG140_MAG140_58_5,0.309992831,EX01,MAG140
MAG140_MAG140_MAG140_58_6,0.0,EX01,MAG140
MAG140_MAG140_MAG140_58_7,0.0,EX01,MAG140
MAG140_MAG140_MAG140_58_8,0.398140866,EX01,MAG140
MAG140_MAG140_MAG140_58_9,2.317684961,EX01,MAG140
MAG140_MAG140_MAG140_59_1,88.3669241,EX01,MAG140
MAG140_MAG140_MAG140_59_10,53.43635413,EX01,MAG140
MAG140_MAG140_MAG140_59_11,0.0,EX01,MAG140
MAG140_MAG140_MAG140_59_12,3.584131635,EX01,MAG140
MAG140_MAG140_MAG140_59_13,76.53769017,EX01,MAG140
MAG140_MAG140_MAG140_59_14,0.0,EX01,MAG140
MAG140_MAG140_MAG140_59_15,0.0,EX01,MAG140
MAG140_MAG140_MAG140_59_16,52.562302,EX01,MAG140
MAG140_MAG140_MAG140_59_17,4.566759367,EX01,MAG140
MAG140_MAG140_MAG140_59_18,8.198608637,EX01,MAG140
MAG140_MAG140_MAG140_59_19,0.0,EX01,MAG140
MAG140_MAG140_MAG140_59_2,11.59786084,EX01,MAG140
MAG140_MAG140_MAG140_59_20,0.0,EX01,MAG140
MAG140_MAG140_MAG140_59_21,14.75911291,EX01,MAG140
MAG140_MAG140_MAG140_59_22,0.0,EX01,MAG140
MAG140_MAG140_MAG140_59_23,16.11794206,EX01,MAG140
MAG140_MAG140_MAG140_59_24,43.25418823,EX01,MAG140
MAG140_MAG140_MAG140_59_25,0.0,EX01,MAG140
MAG140_MAG140_MAG140_59_26,36.4462198,EX01,MAG140
MAG140_MAG140_MAG140_59_27,0.0,EX01,MAG140
MAG140_MAG140_MAG140_59_28,9.949749144,EX01,MAG140
MAG140_MAG140_MAG140_59_29,0.0,EX01,MAG140
MAG140_MAG140_MAG140_59_3,0.0,EX01,MAG140
MAG140_MAG140_MAG140_59_30,0.685268089,EX01,MAG140
MAG140_MAG140_MAG140_59_31,0.0,EX01,MAG140
MAG140_MAG140_MAG140_59_32,0.274570083,EX01,MAG140
MAG140_MAG140_MAG140_59_33,2.812416739,EX01,MAG140
MAG140_MAG140_MAG140_59_34,0.0,EX01,MAG140
MAG140_MAG140_MAG140_59_35,2.614786481,EX01,MAG140
MAG140_MAG140_MAG140_59_36,0.0,EX01,MAG140
MAG140_MAG140_MAG140_59_37,0.0,EX01,MAG140
MAG140_MAG140_MAG140_59_38,8.758255104,EX01,MAG140
MAG140_MAG140_MAG140_59_39,3.687987432,EX01,MAG140
MAG140_MAG140_MAG140_59_4,2.361485208,EX01,MAG140
MAG140_MAG140_MAG140_59_40,0.0,EX01,MAG140
MAG140_MAG140_MAG140_59_41,2.077231299,EX01,MAG140
MAG140_MAG140_MAG140_59_42,1.017368272,EX01,MAG140
MAG140_MAG140_MAG140_59_43,0.0,EX01,MAG140
MAG140_MAG140_MAG140_59_44,0.0,EX01,MAG140
MAG140_MAG140_MAG140_59_45,16.33597307,EX01,MAG140
MAG140_MAG140_MAG140_59_46,5.94477074,EX01,MAG140
MAG140_MAG140_MAG140_59_47,0.0,EX01,MAG140
MAG140_MAG140_MAG140_59_48,2.854593868,EX01,MAG140
MAG140_MAG140_MAG140_59_49,2.665513661,EX01,MAG140
MAG140_MAG140_MAG140_59_5,0.0,EX01,MAG140
MAG140_MAG140_MAG140_59_6,10.51750195,EX01,MAG140
MAG140_MAG140_MAG140_59_7,1.222625567,EX01,MAG140
MAG140_MAG140_MAG140_59_8,0.0,EX01,MAG140
MAG140_MAG140_MAG140_59_9,0.0,EX01,MAG140
MAG140_MAG140_MAG140_5_1,0.0,EX01,MAG140
MAG140_MAG140_MAG140_5_10,4.924714563,EX01,MAG140
MAG140_MAG140_MAG140_5_11,4.236391497,EX01,MAG140
MAG140_MAG140_MAG140_5_12,1.854489162,EX01,MAG140
MAG140_MAG140_MAG140_5_13,4.677503518,EX01,MAG140
MAG140_MAG140_MAG140_5_14,11.22739651,EX01,MAG140
MAG140_MAG140_MAG140_5_15,0.0,EX01,MAG140
MAG140_MAG140_MAG140_5_16,3.876721365,EX01,MAG140
MAG140_MAG140_MAG140_5_17,1.959949598,EX01,MAG140
MAG140_MAG140_MAG140_5_18,0.797969271,EX01,MAG140
MAG140_MAG140_MAG140_5_19,9.446423603,EX01,MAG140
MAG140_MAG140_MAG140_5_2,1.358192014,EX01,MAG140
MAG140_MAG140_MAG140_5_20,3.984264679,EX01,MAG140
MAG140_MAG140_MAG140_5_21,0.0,EX01,MAG140
MAG140_MAG140_MAG140_5_22,3.399769104,EX01,MAG140
MAG140_MAG140_MAG140_5_23,4.455357038,EX01,MAG140
MAG140_MAG140_MAG140_5_24,0.869184427,EX01,MAG140
MAG140_MAG140_MAG140_5_25,3.645997126,EX01,MAG140
MAG140_MAG140_MAG140_5_26,0.0,EX01,MAG140
MAG140_MAG140_MAG140_5_27,0.0,EX01,MAG140
MAG140_MAG140_MAG140_5_28,3.181697483,EX01,MAG140
MAG140_MAG140_MAG140_5_29,2.42641448,EX01,MAG140
MAG140_MAG140_MAG140_5_3,24.52289287,EX01,MAG140
MAG140_MAG140_MAG140_5_30,0.989615818,EX01,MAG140
MAG140_MAG140_MAG140_5_31,0.0,EX01,MAG140
MAG140_MAG140_MAG140_5_32,1.521617579,EX01,MAG140
MAG140_MAG140_MAG140_5_33,2.567054531,EX01,MAG140
MAG140_MAG140_MAG140_5_34,2.426865286,EX01,MAG140
MAG140_MAG140_MAG140_5_35,0.0,EX01,MAG140
MAG140_MAG140_MAG140_5_36,4.99694881,EX01,MAG140
MAG140_MAG140_MAG140_5_37,1.241241952,EX01,MAG140
MAG140_MAG140_MAG140_5_38,8.257172635,EX01,MAG140
MAG140_MAG140_MAG140_5_39,2.665213077,EX01,MAG140
MAG140_MAG140_MAG140_5_4,8.897955116,EX01,MAG140
MAG140_MAG140_MAG140_5_40,3.803993844,EX01,MAG140
MAG140_MAG140_MAG140_5_41,0.0,EX01,MAG140
MAG140_MAG140_MAG140_5_42,21.59539745,EX01,MAG140
MAG140_MAG140_MAG140_5_43,20.5199557,EX01,MAG140
MAG140_MAG140_MAG140_5_44,4.274095386,EX01,MAG140
MAG140_MAG140_MAG140_5_45,3.175037454,EX01,MAG140
MAG140_MAG140_MAG140_5_46,0.0,EX01,MAG140
MAG140_MAG140_MAG140_5_47,3.577841111,EX01,MAG140
MAG140_MAG140_MAG140_5_48,23.11120187,EX01,MAG140
MAG140_MAG140_MAG140_5_49,0.0,EX01,MAG140
MAG140_MAG140_MAG140_5_5,29.0835826,EX01,MAG140
MAG140_MAG140_MAG140_5_50,8.611562399,EX01,MAG140
MAG140_MAG140_MAG140_5_6,17.4100935,EX01,MAG140
MAG140_MAG140_MAG140_5_7,17.74222794,EX01,MAG140
MAG140_MAG140_MAG140_5_8,2.229560922,EX01,MAG140
MAG140_MAG140_MAG140_5_9,6.862961909,EX01,MAG140
MAG140_MAG140_MAG140_60_1,3.130818971,EX01,MAG140
MAG140_MAG140_MAG140_60_10,0.0,EX01,MAG140
MAG140_MAG140_MAG140_60_11,4.670193322,EX01,MAG140
MAG140_MAG140_MAG140_60_2,9.078827089,EX01,MAG140
MAG140_MAG140_MAG140_60_3,0.0,EX01,MAG140
MAG140_MAG140_MAG140_60_4,30.77455183,EX01,MAG140
MAG140_MAG140_MAG140_60_5,0.0,EX01,MAG140
MAG140_MAG140_MAG140_60_6,6.347434965,EX01,MAG140
MAG140_MAG140_MAG140_60_7,0.568572857,EX01,MAG140
MAG140_MAG140_MAG140_60_8,11.3866962,EX01,MAG140
MAG140_MAG140_MAG140_60_9,0.0,EX01,MAG140
MAG140_MAG140_MAG140_61_1,10.55546931,EX01,MAG140
MAG140_MAG140_MAG140_61_10,0.0,EX01,MAG140
MAG140_MAG140_MAG140_61_11,13.18536981,EX01,MAG140
MAG140_MAG140_MAG140_61_12,5.482430559,EX01,MAG140
MAG140_MAG140_MAG140_61_13,0.0,EX01,MAG140
MAG140_MAG140_MAG140_61_14,0.0,EX01,MAG140
MAG140_MAG140_MAG140_61_15,2.235829308,EX01,MAG140
MAG140_MAG140_MAG140_61_16,0.0,EX01,MAG140
MAG140_MAG140_MAG140_61_17,0.0,EX01,MAG140
MAG140_MAG140_MAG140_61_18,0.0,EX01,MAG140
MAG140_MAG140_MAG140_61_19,5.792360358,EX01,MAG140
MAG140_MAG140_MAG140_61_2,4.781649147,EX01,MAG140
MAG140_MAG140_MAG140_61_20,11.85878651,EX01,MAG140
MAG140_MAG140_MAG140_61_21,0.0,EX01,MAG140
MAG140_MAG140_MAG140_61_22,0.744819283,EX01,MAG140
MAG140_MAG140_MAG140_61_23,2.425257005,EX01,MAG140
MAG140_MAG140_MAG140_61_24,1.527436371,EX01,MAG140
MAG140_MAG140_MAG140_61_25,0.462242041,EX01,MAG140
MAG140_MAG140_MAG140_61_26,0.0,EX01,MAG140
MAG140_MAG140_MAG140_61_27,0.774384423,EX01,MAG140
MAG140_MAG140_MAG140_61_28,0.0,EX01,MAG140
MAG140_MAG140_MAG140_61_29,1.531437432,EX01,MAG140
MAG140_MAG140_MAG140_61_3,4.109608114,EX01,MAG140
MAG140_MAG140_MAG140_61_30,2.403544664,EX01,MAG140
MAG140_MAG140_MAG140_61_31,0.226900703,EX01,MAG140
MAG140_MAG140_MAG140_61_32,0.165886975,EX01,MAG140
MAG140_MAG140_MAG140_61_33,1.00995054,EX01,MAG140
MAG140_MAG140_MAG140_61_34,1.058636218,EX01,MAG140
MAG140_MAG140_MAG140_61_35,0.826237957,EX01,MAG140
MAG140_MAG140_MAG140_61_36,0.0,EX01,MAG140
MAG140_MAG140_MAG140_61_37,3.398508961,EX01,MAG140
MAG140_MAG140_MAG140_61_38,3.778360599,EX01,MAG140
MAG140_MAG140_MAG140_61_39,6.631259567,EX01,MAG140
MAG140_MAG140_MAG140_61_4,0.0,EX01,MAG140
MAG140_MAG140_MAG140_61_40,2.674194759,EX01,MAG140
MAG140_MAG140_MAG140_61_41,14.93309874,EX01,MAG140
MAG140_MAG140_MAG140_61_42,1.993674485,EX01,MAG140
MAG140_MAG140_MAG140_61_43,0.0,EX01,MAG140
MAG140_MAG140_MAG140_61_44,0.0,EX01,MAG140
MAG140_MAG140_MAG140_61_45,1.015705911,EX01,MAG140
MAG140_MAG140_MAG140_61_46,0.0,EX01,MAG140
MAG140_MAG140_MAG140_61_47,0.576377775,EX01,MAG140
MAG140_MAG140_MAG140_61_48,0.0,EX01,MAG140
MAG140_MAG140_MAG140_61_49,0.258882681,EX01,MAG140
MAG140_MAG140_MAG140_61_5,0.0,EX01,MAG140
MAG140_MAG140_MAG140_61_50,0.0,EX01,MAG140
MAG140_MAG140_MAG140_61_51,3.155853775,EX01,MAG140
MAG140_MAG140_MAG140_61_52,1.516898023,EX01,MAG140
MAG140_MAG140_MAG140_61_53,1.305431828,EX01,MAG140
MAG140_MAG140_MAG140_61_6,0.0,EX01,MAG140
MAG140_MAG140_MAG140_61_7,0.0,EX01,MAG140
MAG140_MAG140_MAG140_61_8,0.0,EX01,MAG140
MAG140_MAG140_MAG140_61_9,11.64706579,EX01,MAG140
MAG140_MAG140_MAG140_62_1,1.251392323,EX01,MAG140
MAG140_MAG140_MAG140_62_10,0.0,EX01,MAG140
MAG140_MAG140_MAG140_62_11,54.92911845,EX01,MAG140
MAG140_MAG140_MAG140_62_12,54.31674625,EX01,MAG140
MAG140_MAG140_MAG140_62_13,62.08340056,EX01,MAG140
MAG140_MAG140_MAG140_62_14,0.0,EX01,MAG140
MAG140_MAG140_MAG140_62_15,0.0,EX01,MAG140
MAG140_MAG140_MAG140_62_16,7.339562337,EX01,MAG140
MAG140_MAG140_MAG140_62_17,3.367177605,EX01,MAG140
MAG140_MAG140_MAG140_62_2,0.0,EX01,MAG140
MAG140_MAG140_MAG140_62_3,0.786831717,EX01,MAG140
MAG140_MAG140_MAG140_62_4,0.0,EX01,MAG140
MAG140_MAG140_MAG140_62_5,2.774372371,EX01,MAG140
MAG140_MAG140_MAG140_62_6,19.67848306,EX01,MAG140
MAG140_MAG140_MAG140_62_7,1.496470104,EX01,MAG140
MAG140_MAG140_MAG140_62_8,0.0,EX01,MAG140
MAG140_MAG140_MAG140_62_9,81.67138323,EX01,MAG140
MAG140_MAG140_MAG140_63_1,2.816088235,EX01,MAG140
MAG140_MAG140_MAG140_63_10,0.0,EX01,MAG140
MAG140_MAG140_MAG140_63_11,0.0,EX01,MAG140
MAG140_MAG140_MAG140_63_12,0.0,EX01,MAG140
MAG140_MAG140_MAG140_63_13,5.618621117,EX01,MAG140
MAG140_MAG140_MAG140_63_14,0.0,EX01,MAG140
MAG140_MAG140_MAG140_63_15,0.0,EX01,MAG140
MAG140_MAG140_MAG140_63_16,0.0,EX01,MAG140
MAG140_MAG140_MAG140_63_17,12.14302725,EX01,MAG140
MAG140_MAG140_MAG140_63_18,4.383279538,EX01,MAG140
MAG140_MAG140_MAG140_63_19,0.0,EX01,MAG140
MAG140_MAG140_MAG140_63_2,7.468446284,EX01,MAG140
MAG140_MAG140_MAG140_63_20,24.59932599,EX01,MAG140
MAG140_MAG140_MAG140_63_21,5.639270276,EX01,MAG140
MAG140_MAG140_MAG140_63_22,1.501314333,EX01,MAG140
MAG140_MAG140_MAG140_63_23,4.141955916,EX01,MAG140
MAG140_MAG140_MAG140_63_24,2.178700374,EX01,MAG140
MAG140_MAG140_MAG140_63_25,12.08979058,EX01,MAG140
MAG140_MAG140_MAG140_63_26,2.708342798,EX01,MAG140
MAG140_MAG140_MAG140_63_27,7.239437314,EX01,MAG140
MAG140_MAG140_MAG140_63_3,5.445528193,EX01,MAG140
MAG140_MAG140_MAG140_63_4,1.706103656,EX01,MAG140
MAG140_MAG140_MAG140_63_5,38.90007003,EX01,MAG140
MAG140_MAG140_MAG140_63_6,14.79430151,EX01,MAG140
MAG140_MAG140_MAG140_63_7,5.877273416,EX01,MAG140
MAG140_MAG140_MAG140_63_8,0.0,EX01,MAG140
MAG140_MAG140_MAG140_63_9,15.89164741,EX01,MAG140
MAG140_MAG140_MAG140_64_1,0.0,EX01,MAG140
MAG140_MAG140_MAG140_64_2,0.0,EX01,MAG140
MAG140_MAG140_MAG140_64_3,0.0,EX01,MAG140
MAG140_MAG140_MAG140_64_4,4.90752152,EX01,MAG140
MAG140_MAG140_MAG140_64_5,5.638686298,EX01,MAG140
MAG140_MAG140_MAG140_64_6,0.0,EX01,MAG140
MAG140_MAG140_MAG140_64_7,0.0,EX01,MAG140
MAG140_MAG140_MAG140_64_8,0.0,EX01,MAG140
MAG140_MAG140_MAG140_64_9,0.0,EX01,MAG140
MAG140_MAG140_MAG140_65_1,4.248442035,EX01,MAG140
MAG140_MAG140_MAG140_65_10,2.698582118,EX01,MAG140
MAG140_MAG140_MAG140_65_11,0.0,EX01,MAG140
MAG140_MAG140_MAG140_65_12,0.0,EX01,MAG140
MAG140_MAG140_MAG140_65_13,5.97189018,EX01,MAG140
MAG140_MAG140_MAG140_65_14,2.600653313,EX01,MAG140
MAG140_MAG140_MAG140_65_15,0.0,EX01,MAG140
MAG140_MAG140_MAG140_65_16,148.1170266,EX01,MAG140
MAG140_MAG140_MAG140_65_17,20.34671862,EX01,MAG140
MAG140_MAG140_MAG140_65_18,0.0,EX01,MAG140
MAG140_MAG140_MAG140_65_19,0.0,EX01,MAG140
MAG140_MAG140_MAG140_65_2,0.0,EX01,MAG140
MAG140_MAG140_MAG140_65_20,65.49834257,EX01,MAG140
MAG140_MAG140_MAG140_65_21,0.0,EX01,MAG140
MAG140_MAG140_MAG140_65_22,83.38642259,EX01,MAG140
MAG140_MAG140_MAG140_65_23,2.42029482,EX01,MAG140
MAG140_MAG140_MAG140_65_24,6.674034506,EX01,MAG140
MAG140_MAG140_MAG140_65_25,20.11295592,EX01,MAG140
MAG140_MAG140_MAG140_65_26,0.0,EX01,MAG140
MAG140_MAG140_MAG140_65_27,3.195014717,EX01,MAG140
MAG140_MAG140_MAG140_65_28,8.357726252,EX01,MAG140
MAG140_MAG140_MAG140_65_29,57.95719161,EX01,MAG140
MAG140_MAG140_MAG140_65_3,1.15250512,EX01,MAG140
MAG140_MAG140_MAG140_65_30,0.0,EX01,MAG140
MAG140_MAG140_MAG140_65_31,0.0,EX01,MAG140
MAG140_MAG140_MAG140_65_32,0.0,EX01,MAG140
MAG140_MAG140_MAG140_65_33,7.599706803,EX01,MAG140
MAG140_MAG140_MAG140_65_34,0.0,EX01,MAG140
MAG140_MAG140_MAG140_65_35,4.31170668,EX01,MAG140
MAG140_MAG140_MAG140_65_36,0.0,EX01,MAG140
MAG140_MAG140_MAG140_65_37,23.05828697,EX01,MAG140
MAG140_MAG140_MAG140_65_38,3.05866406,EX01,MAG140
MAG140_MAG140_MAG140_65_39,2.146598939,EX01,MAG140
MAG140_MAG140_MAG140_65_4,47.83932179,EX01,MAG140
MAG140_MAG140_MAG140_65_40,0.0,EX01,MAG140
MAG140_MAG140_MAG140_65_41,16.40167901,EX01,MAG140
MAG140_MAG140_MAG140_65_42,2.574855381,EX01,MAG140
MAG140_MAG140_MAG140_65_43,1.494474436,EX01,MAG140
MAG140_MAG140_MAG140_65_5,0.0,EX01,MAG140
MAG140_MAG140_MAG140_65_6,4.748883703,EX01,MAG140
MAG140_MAG140_MAG140_65_7,3.763853885,EX01,MAG140
MAG140_MAG140_MAG140_65_8,0.0,EX01,MAG140
MAG140_MAG140_MAG140_65_9,8.143621109,EX01,MAG140
MAG140_MAG140_MAG140_66_1,0.0,EX01,MAG140
MAG140_MAG140_MAG140_66_2,3.729247737,EX01,MAG140
MAG140_MAG140_MAG140_66_3,4.462149304,EX01,MAG140
MAG140_MAG140_MAG140_66_4,0.0,EX01,MAG140
MAG140_MAG140_MAG140_66_5,0.0,EX01,MAG140
MAG140_MAG140_MAG140_66_6,0.0,EX01,MAG140
MAG140_MAG140_MAG140_66_7,0.0,EX01,MAG140
MAG140_MAG140_MAG140_66_8,14.32924447,EX01,MAG140
MAG140_MAG140_MAG140_67_1,0.0,EX01,MAG140
MAG140_MAG140_MAG140_67_10,0.0,EX01,MAG140
MAG140_MAG140_MAG140_67_11,0.0,EX01,MAG140
MAG140_MAG140_MAG140_67_12,5.506166939,EX01,MAG140
MAG140_MAG140_MAG140_67_13,1.381549508,EX01,MAG140
MAG140_MAG140_MAG140_67_14,33.95972648,EX01,MAG140
MAG140_MAG140_MAG140_67_15,9.930771693,EX01,MAG140
MAG140_MAG140_MAG140_67_16,11.61744054,EX01,MAG140
MAG140_MAG140_MAG140_67_17,0.0,EX01,MAG140
MAG140_MAG140_MAG140_67_18,17.24413162,EX01,MAG140
MAG140_MAG140_MAG140_67_19,0.0,EX01,MAG140
MAG140_MAG140_MAG140_67_2,5.792498729,EX01,MAG140
MAG140_MAG140_MAG140_67_20,0.0,EX01,MAG140
MAG140_MAG140_MAG140_67_21,0.0,EX01,MAG140
MAG140_MAG140_MAG140_67_22,26.67589599,EX01,MAG140
MAG140_MAG140_MAG140_67_23,13.80897161,EX01,MAG140
MAG140_MAG140_MAG140_67_24,5.935023111,EX01,MAG140
MAG140_MAG140_MAG140_67_25,8.810562302,EX01,MAG140
MAG140_MAG140_MAG140_67_26,22.72722364,EX01,MAG140
MAG140_MAG140_MAG140_67_27,6.071936582,EX01,MAG140
MAG140_MAG140_MAG140_67_28,2.13593203,EX01,MAG140
MAG140_MAG140_MAG140_67_29,6.684704284,EX01,MAG140
MAG140_MAG140_MAG140_67_3,1.489219709,EX01,MAG140
MAG140_MAG140_MAG140_67_30,44.66749162,EX01,MAG140
MAG140_MAG140_MAG140_67_31,0.0,EX01,MAG140
MAG140_MAG140_MAG140_67_32,33.21946837,EX01,MAG140
MAG140_MAG140_MAG140_67_33,14.150846,EX01,MAG140
MAG140_MAG140_MAG140_67_34,0.0,EX01,MAG140
MAG140_MAG140_MAG140_67_35,13.11111419,EX01,MAG140
MAG140_MAG140_MAG140_67_36,0.0,EX01,MAG140
MAG140_MAG140_MAG140_67_37,7.225497709,EX01,MAG140
MAG140_MAG140_MAG140_67_38,5.410942778,EX01,MAG140
MAG140_MAG140_MAG140_67_39,15.46006874,EX01,MAG140
MAG140_MAG140_MAG140_67_4,2.630162751,EX01,MAG140
MAG140_MAG140_MAG140_67_40,0.0,EX01,MAG140
MAG140_MAG140_MAG140_67_41,0.0,EX01,MAG140
MAG140_MAG140_MAG140_67_42,12.5692323,EX01,MAG140
MAG140_MAG140_MAG140_67_43,3.273427569,EX01,MAG140
MAG140_MAG140_MAG140_67_44,30.642468,EX01,MAG140
MAG140_MAG140_MAG140_67_45,0.0,EX01,MAG140
MAG140_MAG140_MAG140_67_46,1.471013747,EX01,MAG140
MAG140_MAG140_MAG140_67_47,0.0,EX01,MAG140
MAG140_MAG140_MAG140_67_48,2.156851175,EX01,MAG140
MAG140_MAG140_MAG140_67_49,3.117991441,EX01,MAG140
MAG140_MAG140_MAG140_67_5,0.0,EX01,MAG140
MAG140_MAG140_MAG140_67_50,3.858565012,EX01,MAG140
MAG140_MAG140_MAG140_67_51,2.460145228,EX01,MAG140
MAG140_MAG140_MAG140_67_52,3.223625199,EX01,MAG140
MAG140_MAG140_MAG140_67_53,11.43493122,EX01,MAG140
MAG140_MAG140_MAG140_67_6,68.10630545,EX01,MAG140
MAG140_MAG140_MAG140_67_7,165.1732596,EX01,MAG140
MAG140_MAG140_MAG140_67_8,0.0,EX01,MAG140
MAG140_MAG140_MAG140_67_9,0.0,EX01,MAG140
MAG140_MAG140_MAG140_68_1,0.74132586,EX01,MAG140
MAG140_MAG140_MAG140_68_10,22.22949885,EX01,MAG140
MAG140_MAG140_MAG140_68_11,33.36096249,EX01,MAG140
MAG140_MAG140_MAG140_68_12,0.0,EX01,MAG140
MAG140_MAG140_MAG140_68_13,0.585257835,EX01,MAG140
MAG140_MAG140_MAG140_68_14,0.789588628,EX01,MAG140
MAG140_MAG140_MAG140_68_15,0.0,EX01,MAG140
MAG140_MAG140_MAG140_68_16,1.965084627,EX01,MAG140
MAG140_MAG140_MAG140_68_17,0.0,EX01,MAG140
MAG140_MAG140_MAG140_68_18,0.0,EX01,MAG140
MAG140_MAG140_MAG140_68_19,19.06666076,EX01,MAG140
MAG140_MAG140_MAG140_68_2,1.21367026,EX01,MAG140
MAG140_MAG140_MAG140_68_20,2.553088576,EX01,MAG140
MAG140_MAG140_MAG140_68_3,0.0,EX01,MAG140
MAG140_MAG140_MAG140_68_4,2.636711968,EX01,MAG140
MAG140_MAG140_MAG140_68_5,0.0,EX01,MAG140
MAG140_MAG140_MAG140_68_6,0.0,EX01,MAG140
MAG140_MAG140_MAG140_68_7,0.0,EX01,MAG140
MAG140_MAG140_MAG140_68_8,0.0,EX01,MAG140
MAG140_MAG140_MAG140_68_9,0.0,EX01,MAG140
MAG140_MAG140_MAG140_69_1,38.65600781,EX01,MAG140
MAG140_MAG140_MAG140_69_10,0.0,EX01,MAG140
MAG140_MAG140_MAG140_69_100,1.762980458,EX01,MAG140
MAG140_MAG140_MAG140_69_11,20.29822661,EX01,MAG140
MAG140_MAG140_MAG140_69_12,29.45321222,EX01,MAG140
MAG140_MAG140_MAG140_69_13,16.18003143,EX01,MAG140
MAG140_MAG140_MAG140_69_14,19.94213874,EX01,MAG140
MAG140_MAG140_MAG140_69_15,10.84466642,EX01,MAG140
MAG140_MAG140_MAG140_69_16,0.0,EX01,MAG140
MAG140_MAG140_MAG140_69_17,0.0,EX01,MAG140
MAG140_MAG140_MAG140_69_18,11.03513492,EX01,MAG140
MAG140_MAG140_MAG140_69_19,0.0,EX01,MAG140
MAG140_MAG140_MAG140_69_2,3.040312231,EX01,MAG140
MAG140_MAG140_MAG140_69_20,42.49688937,EX01,MAG140
MAG140_MAG140_MAG140_69_21,1.100220893,EX01,MAG140
MAG140_MAG140_MAG140_69_22,5.226679056,EX01,MAG140
MAG140_MAG140_MAG140_69_23,1.121601411,EX01,MAG140
MAG140_MAG140_MAG140_69_24,5.92098601,EX01,MAG140
MAG140_MAG140_MAG140_69_25,0.885319239,EX01,MAG140
MAG140_MAG140_MAG140_69_26,0.168129761,EX01,MAG140
MAG140_MAG140_MAG140_69_27,0.0,EX01,MAG140
MAG140_MAG140_MAG140_69_28,0.0,EX01,MAG140
MAG140_MAG140_MAG140_69_29,4.458655803,EX01,MAG140
MAG140_MAG140_MAG140_69_3,24.16799602,EX01,MAG140
MAG140_MAG140_MAG140_69_30,1.11435154,EX01,MAG140
MAG140_MAG140_MAG140_69_31,1.608547325,EX01,MAG140
MAG140_MAG140_MAG140_69_32,5.191777103,EX01,MAG140
MAG140_MAG140_MAG140_69_33,3.296551057,EX01,MAG140
MAG140_MAG140_MAG140_69_34,0.951136112,EX01,MAG140
MAG140_MAG140_MAG140_69_35,4.077401806,EX01,MAG140
MAG140_MAG140_MAG140_69_36,1.068861769,EX01,MAG140
MAG140_MAG140_MAG140_69_37,0.708640862,EX01,MAG140
MAG140_MAG140_MAG140_69_38,0.603266506,EX01,MAG140
MAG140_MAG140_MAG140_69_39,1.507350547,EX01,MAG140
MAG140_MAG140_MAG140_69_4,2.187339171,EX01,MAG140
MAG140_MAG140_MAG140_69_40,8.913989736,EX01,MAG140
MAG140_MAG140_MAG140_69_41,0.0,EX01,MAG140
MAG140_MAG140_MAG140_69_42,0.0,EX01,MAG140
MAG140_MAG140_MAG140_69_43,2.074322391,EX01,MAG140
MAG140_MAG140_MAG140_69_44,13.93052533,EX01,MAG140
MAG140_MAG140_MAG140_69_45,7.095237785,EX01,MAG140
MAG140_MAG140_MAG140_69_46,55.13593683,EX01,MAG140
MAG140_MAG140_MAG140_69_47,5.554538119,EX01,MAG140
MAG140_MAG140_MAG140_69_48,0.0,EX01,MAG140
MAG140_MAG140_MAG140_69_49,2.192955868,EX01,MAG140
MAG140_MAG140_MAG140_69_5,0.0,EX01,MAG140
MAG140_MAG140_MAG140_69_50,0.086085741,EX01,MAG140
MAG140_MAG140_MAG140_69_51,0.081116145,EX01,MAG140
MAG140_MAG140_MAG140_69_52,0.486332131,EX01,MAG140
MAG140_MAG140_MAG140_69_53,3.178840991,EX01,MAG140
MAG140_MAG140_MAG140_69_54,1.423669737,EX01,MAG140
MAG140_MAG140_MAG140_69_55,0.660880759,EX01,MAG140
MAG140_MAG140_MAG140_69_56,112.3605996,EX01,MAG140
MAG140_MAG140_MAG140_69_57,0.0,EX01,MAG140
MAG140_MAG140_MAG140_69_58,41.02065732,EX01,MAG140
MAG140_MAG140_MAG140_69_59,18.72861887,EX01,MAG140
MAG140_MAG140_MAG140_69_6,0.0,EX01,MAG140
MAG140_MAG140_MAG140_69_60,2.626105222,EX01,MAG140
MAG140_MAG140_MAG140_69_61,4.917646965,EX01,MAG140
MAG140_MAG140_MAG140_69_62,10.59567632,EX01,MAG140
MAG140_MAG140_MAG140_69_63,0.939115874,EX01,MAG140
MAG140_MAG140_MAG140_69_64,0.404828203,EX01,MAG140
MAG140_MAG140_MAG140_69_65,3.020530216,EX01,MAG140
MAG140_MAG140_MAG140_69_66,0.0,EX01,MAG140
MAG140_MAG140_MAG140_69_67,1.265184247,EX01,MAG140
MAG140_MAG140_MAG140_69_68,0.0,EX01,MAG140
MAG140_MAG140_MAG140_69_69,1.418239116,EX01,MAG140
MAG140_MAG140_MAG140_69_7,3.359034776,EX01,MAG140
MAG140_MAG140_MAG140_69_70,1.000322222,EX01,MAG140
MAG140_MAG140_MAG140_69_71,2.982231308,EX01,MAG140
MAG140_MAG140_MAG140_69_72,0.0,EX01,MAG140
MAG140_MAG140_MAG140_69_73,2.236863569,EX01,MAG140
MAG140_MAG140_MAG140_69_74,0.0,EX01,MAG140
MAG140_MAG140_MAG140_69_75,16.27574974,EX01,MAG140
MAG140_MAG140_MAG140_69_76,0.0,EX01,MAG140
MAG140_MAG140_MAG140_69_77,1.149263513,EX01,MAG140
MAG140_MAG140_MAG140_69_78,0.0,EX01,MAG140
MAG140_MAG140_MAG140_69_79,0.0,EX01,MAG140
MAG140_MAG140_MAG140_69_8,7.477218389,EX01,MAG140
MAG140_MAG140_MAG140_69_80,0.769799107,EX01,MAG140
MAG140_MAG140_MAG140_69_81,0.0,EX01,MAG140
MAG140_MAG140_MAG140_69_82,0.632290133,EX01,MAG140
MAG140_MAG140_MAG140_69_83,9.809623842,EX01,MAG140
MAG140_MAG140_MAG140_69_84,0.130985083,EX01,MAG140
MAG140_MAG140_MAG140_69_85,6.815161223,EX01,MAG140
MAG140_MAG140_MAG140_69_86,1.726169155,EX01,MAG140
MAG140_MAG140_MAG140_69_87,4.410940488,EX01,MAG140
MAG140_MAG140_MAG140_69_88,3.422201049,EX01,MAG140
MAG140_MAG140_MAG140_69_89,0.756603737,EX01,MAG140
MAG140_MAG140_MAG140_69_9,0.0,EX01,MAG140
MAG140_MAG140_MAG140_69_90,3.228812138,EX01,MAG140
MAG140_MAG140_MAG140_69_91,0.682187985,EX01,MAG140
MAG140_MAG140_MAG140_69_92,0.0,EX01,MAG140
MAG140_MAG140_MAG140_69_93,25.00458858,EX01,MAG140
MAG140_MAG140_MAG140_69_94,37.20220862,EX01,MAG140
MAG140_MAG140_MAG140_69_95,13.63117622,EX01,MAG140
MAG140_MAG140_MAG140_69_96,0.0,EX01,MAG140
MAG140_MAG140_MAG140_69_97,0.0,EX01,MAG140
MAG140_MAG140_MAG140_69_98,0.0,EX01,MAG140
MAG140_MAG140_MAG140_69_99,18.00368447,EX01,MAG140
MAG140_MAG140_MAG140_6_1,0.0,EX01,MAG140
MAG140_MAG140_MAG140_6_10,4.83030791,EX01,MAG140
MAG140_MAG140_MAG140_6_11,0.955509094,EX01,MAG140
MAG140_MAG140_MAG140_6_12,6.519489571,EX01,MAG140
MAG140_MAG140_MAG140_6_13,10.26644669,EX01,MAG140
MAG140_MAG140_MAG140_6_14,0.0,EX01,MAG140
MAG140_MAG140_MAG140_6_15,0.0,EX01,MAG140
MAG140_MAG140_MAG140_6_16,0.0,EX01,MAG140
MAG140_MAG140_MAG140_6_17,0.0,EX01,MAG140
MAG140_MAG140_MAG140_6_18,0.0,EX01,MAG140
MAG140_MAG140_MAG140_6_19,1.302876307,EX01,MAG140
MAG140_MAG140_MAG140_6_2,0.0,EX01,MAG140
MAG140_MAG140_MAG140_6_20,0.0,EX01,MAG140
MAG140_MAG140_MAG140_6_21,0.0,EX01,MAG140
MAG140_MAG140_MAG140_6_22,9.498708183,EX01,MAG140
MAG140_MAG140_MAG140_6_23,2.024924058,EX01,MAG140
MAG140_MAG140_MAG140_6_24,52.66878363,EX01,MAG140
MAG140_MAG140_MAG140_6_25,45.18733696,EX01,MAG140
MAG140_MAG140_MAG140_6_26,0.0,EX01,MAG140
MAG140_MAG140_MAG140_6_27,0.0,EX01,MAG140
MAG140_MAG140_MAG140_6_28,0.0,EX01,MAG140
MAG140_MAG140_MAG140_6_29,2.400584806,EX01,MAG140
MAG140_MAG140_MAG140_6_3,0.0,EX01,MAG140
MAG140_MAG140_MAG140_6_30,2.155676672,EX01,MAG140
MAG140_MAG140_MAG140_6_31,0.0,EX01,MAG140
MAG140_MAG140_MAG140_6_32,0.0,EX01,MAG140
MAG140_MAG140_MAG140_6_33,1.592933034,EX01,MAG140
MAG140_MAG140_MAG140_6_34,3.888179675,EX01,MAG140
MAG140_MAG140_MAG140_6_35,0.0,EX01,MAG140
MAG140_MAG140_MAG140_6_36,10.64139603,EX01,MAG140
MAG140_MAG140_MAG140_6_37,0.0,EX01,MAG140
MAG140_MAG140_MAG140_6_38,10.01201265,EX01,MAG140
MAG140_MAG140_MAG140_6_39,8.676674969,EX01,MAG140
MAG140_MAG140_MAG140_6_4,4.013729205,EX01,MAG140
MAG140_MAG140_MAG140_6_40,148.5366978,EX01,MAG140
MAG140_MAG140_MAG140_6_41,0.0,EX01,MAG140
MAG140_MAG140_MAG140_6_42,0.0,EX01,MAG140
MAG140_MAG140_MAG140_6_43,8.254071411,EX01,MAG140
MAG140_MAG140_MAG140_6_44,8.93325655,EX01,MAG140
MAG140_MAG140_MAG140_6_45,1.702226628,EX01,MAG140
MAG140_MAG140_MAG140_6_46,3.11662607,EX01,MAG140
MAG140_MAG140_MAG140_6_47,2.4346275,EX01,MAG140
MAG140_MAG140_MAG140_6_48,0.0,EX01,MAG140
MAG140_MAG140_MAG140_6_49,0.0,EX01,MAG140
MAG140_MAG140_MAG140_6_5,12.05912174,EX01,MAG140
MAG140_MAG140_MAG140_6_50,27.9785998,EX01,MAG140
MAG140_MAG140_MAG140_6_51,44.46375678,EX01,MAG140
MAG140_MAG140_MAG140_6_52,0.0,EX01,MAG140
MAG140_MAG140_MAG140_6_53,45.81352217,EX01,MAG140
MAG140_MAG140_MAG140_6_54,81.18572262,EX01,MAG140
MAG140_MAG140_MAG140_6_55,27.31345886,EX01,MAG140
MAG140_MAG140_MAG140_6_56,32.66492497,EX01,MAG140
MAG140_MAG140_MAG140_6_57,0.0,EX01,MAG140
MAG140_MAG140_MAG140_6_58,0.0,EX01,MAG140
MAG140_MAG140_MAG140_6_59,22.38944132,EX01,MAG140
MAG140_MAG140_MAG140_6_6,0.0,EX01,MAG140
MAG140_MAG140_MAG140_6_60,0.0,EX01,MAG140
MAG140_MAG140_MAG140_6_61,2.559069819,EX01,MAG140
MAG140_MAG140_MAG140_6_62,122.5233079,EX01,MAG140
MAG140_MAG140_MAG140_6_63,0.0,EX01,MAG140
MAG140_MAG140_MAG140_6_64,1.326153886,EX01,MAG140
MAG140_MAG140_MAG140_6_65,0.825877349,EX01,MAG140
MAG140_MAG140_MAG140_6_66,12.57912465,EX01,MAG140
MAG140_MAG140_MAG140_6_67,0.0,EX01,MAG140
MAG140_MAG140_MAG140_6_68,3.568897557,EX01,MAG140
MAG140_MAG140_MAG140_6_69,0.0,EX01,MAG140
MAG140_MAG140_MAG140_6_7,14.2399286,EX01,MAG140
MAG140_MAG140_MAG140_6_70,1.021141123,EX01,MAG140
MAG140_MAG140_MAG140_6_71,0.0,EX01,MAG140
MAG140_MAG140_MAG140_6_72,0.0,EX01,MAG140
MAG140_MAG140_MAG140_6_73,1.416307758,EX01,MAG140
MAG140_MAG140_MAG140_6_74,19.59921591,EX01,MAG140
MAG140_MAG140_MAG140_6_75,18.96277107,EX01,MAG140
MAG140_MAG140_MAG140_6_76,67.6394087,EX01,MAG140
MAG140_MAG140_MAG140_6_77,0.0,EX01,MAG140
MAG140_MAG140_MAG140_6_78,0.0,EX01,MAG140
MAG140_MAG140_MAG140_6_79,25.59302761,EX01,MAG140
MAG140_MAG140_MAG140_6_8,0.0,EX01,MAG140
MAG140_MAG140_MAG140_6_80,24.8316895,EX01,MAG140
MAG140_MAG140_MAG140_6_81,3.403969401,EX01,MAG140
MAG140_MAG140_MAG140_6_82,7.831842856,EX01,MAG140
MAG140_MAG140_MAG140_6_83,19.98056733,EX01,MAG140
MAG140_MAG140_MAG140_6_84,59.66617383,EX01,MAG140
MAG140_MAG140_MAG140_6_9,0.69013054,EX01,MAG140
MAG140_MAG140_MAG140_70_1,0.0,EX01,MAG140
MAG140_MAG140_MAG140_70_10,3.751877024,EX01,MAG140
MAG140_MAG140_MAG140_70_11,8.335324317,EX01,MAG140
MAG140_MAG140_MAG140_70_12,3.386397226,EX01,MAG140
MAG140_MAG140_MAG140_70_13,0.0,EX01,MAG140
MAG140_MAG140_MAG140_70_14,0.0,EX01,MAG140
MAG140_MAG140_MAG140_70_15,0.0,EX01,MAG140
MAG140_MAG140_MAG140_70_16,5.968814641,EX01,MAG140
MAG140_MAG140_MAG140_70_17,2.337708802,EX01,MAG140
MAG140_MAG140_MAG140_70_18,1.977951612,EX01,MAG140
MAG140_MAG140_MAG140_70_19,0.0,EX01,MAG140
MAG140_MAG140_MAG140_70_2,0.0,EX01,MAG140
MAG140_MAG140_MAG140_70_3,0.0,EX01,MAG140
MAG140_MAG140_MAG140_70_4,9.161496428,EX01,MAG140
MAG140_MAG140_MAG140_70_5,9.818600837,EX01,MAG140
MAG140_MAG140_MAG140_70_6,0.0,EX01,MAG140
MAG140_MAG140_MAG140_70_7,1.014506052,EX01,MAG140
MAG140_MAG140_MAG140_70_8,0.0,EX01,MAG140
MAG140_MAG140_MAG140_70_9,35.59003507,EX01,MAG140
MAG140_MAG140_MAG140_71_1,15.24981082,EX01,MAG140
MAG140_MAG140_MAG140_71_10,2.393329965,EX01,MAG140
MAG140_MAG140_MAG140_71_11,2.838616614,EX01,MAG140
MAG140_MAG140_MAG140_71_12,3.49181114,EX01,MAG140
MAG140_MAG140_MAG140_71_13,3.023171488,EX01,MAG140
MAG140_MAG140_MAG140_71_14,0.0,EX01,MAG140
MAG140_MAG140_MAG140_71_15,6.01005378,EX01,MAG140
MAG140_MAG140_MAG140_71_16,0.0,EX01,MAG140
MAG140_MAG140_MAG140_71_17,10.85693902,EX01,MAG140
MAG140_MAG140_MAG140_71_18,0.0,EX01,MAG140
MAG140_MAG140_MAG140_71_19,9.60440362,EX01,MAG140
MAG140_MAG140_MAG140_71_2,5.18850796,EX01,MAG140
MAG140_MAG140_MAG140_71_20,5.160668437,EX01,MAG140
MAG140_MAG140_MAG140_71_21,0.0,EX01,MAG140
MAG140_MAG140_MAG140_71_22,1.193883875,EX01,MAG140
MAG140_MAG140_MAG140_71_23,0.136448931,EX01,MAG140
MAG140_MAG140_MAG140_71_24,0.0,EX01,MAG140
MAG140_MAG140_MAG140_71_25,18.71102151,EX01,MAG140
MAG140_MAG140_MAG140_71_26,23.08616839,EX01,MAG140
MAG140_MAG140_MAG140_71_27,219.7875008,EX01,MAG140
MAG140_MAG140_MAG140_71_28,126.069219,EX01,MAG140
MAG140_MAG140_MAG140_71_29,6.811786995,EX01,MAG140
MAG140_MAG140_MAG140_71_3,0.518241125,EX01,MAG140
MAG140_MAG140_MAG140_71_30,11.54109749,EX01,MAG140
MAG140_MAG140_MAG140_71_31,25.38492139,EX01,MAG140
MAG140_MAG140_MAG140_71_32,7.913072634,EX01,MAG140
MAG140_MAG140_MAG140_71_33,265.5748815,EX01,MAG140
MAG140_MAG140_MAG140_71_34,0.0,EX01,MAG140
MAG140_MAG140_MAG140_71_35,0.0,EX01,MAG140
MAG140_MAG140_MAG140_71_4,0.0,EX01,MAG140
MAG140_MAG140_MAG140_71_5,44.91300559,EX01,MAG140
MAG140_MAG140_MAG140_71_6,12.93745447,EX01,MAG140
MAG140_MAG140_MAG140_71_7,0.0,EX01,MAG140
MAG140_MAG140_MAG140_71_8,0.0,EX01,MAG140
MAG140_MAG140_MAG140_71_9,0.245550237,EX01,MAG140
MAG140_MAG140_MAG140_72_1,0.0,EX01,MAG140
MAG140_MAG140_MAG140_72_2,11.79735476,EX01,MAG140
MAG140_MAG140_MAG140_72_3,9.157523262,EX01,MAG140
MAG140_MAG140_MAG140_72_4,23.21366365,EX01,MAG140
MAG140_MAG140_MAG140_72_5,0.0,EX01,MAG140
MAG140_MAG140_MAG140_72_6,0.0,EX01,MAG140
MAG140_MAG140_MAG140_72_7,0.538660848,EX01,MAG140
MAG140_MAG140_MAG140_73_1,0.0,EX01,MAG140
MAG140_MAG140_MAG140_73_2,6.30067506,EX01,MAG140
MAG140_MAG140_MAG140_73_3,12.96826275,EX01,MAG140
MAG140_MAG140_MAG140_74_1,0.0,EX01,MAG140
MAG140_MAG140_MAG140_74_10,0.099404773,EX01,MAG140
MAG140_MAG140_MAG140_74_11,0.0,EX01,MAG140
MAG140_MAG140_MAG140_74_12,5.71043856,EX01,MAG140
MAG140_MAG140_MAG140_74_13,0.0,EX01,MAG140
MAG140_MAG140_MAG140_74_14,0.0,EX01,MAG140
MAG140_MAG140_MAG140_74_15,1.719597203,EX01,MAG140
MAG140_MAG140_MAG140_74_16,3.4546665,EX01,MAG140
MAG140_MAG140_MAG140_74_17,12.1377614,EX01,MAG140
MAG140_MAG140_MAG140_74_18,2.462538336,EX01,MAG140
MAG140_MAG140_MAG140_74_19,7.158687751,EX01,MAG140
MAG140_MAG140_MAG140_74_2,7.575053803,EX01,MAG140
MAG140_MAG140_MAG140_74_20,9.508396749,EX01,MAG140
MAG140_MAG140_MAG140_74_21,5.33893261,EX01,MAG140
MAG140_MAG140_MAG140_74_3,3.033148891,EX01,MAG140
MAG140_MAG140_MAG140_74_4,5.152654115,EX01,MAG140
MAG140_MAG140_MAG140_74_5,0.0,EX01,MAG140
MAG140_MAG140_MAG140_74_6,0.0,EX01,MAG140
MAG140_MAG140_MAG140_74_7,6.693442282,EX01,MAG140
MAG140_MAG140_MAG140_74_8,0.0,EX01,MAG140
MAG140_MAG140_MAG140_74_9,2.244364236,EX01,MAG140
MAG140_MAG140_MAG140_75_1,0.0,EX01,MAG140
MAG140_MAG140_MAG140_75_10,0.0,EX01,MAG140
MAG140_MAG140_MAG140_75_11,12.97941938,EX01,MAG140
MAG140_MAG140_MAG140_75_12,0.0,EX01,MAG140
MAG140_MAG140_MAG140_75_13,0.0,EX01,MAG140
MAG140_MAG140_MAG140_75_14,0.0,EX01,MAG140
MAG140_MAG140_MAG140_75_15,0.0,EX01,MAG140
MAG140_MAG140_MAG140_75_16,5.28498689,EX01,MAG140
MAG140_MAG140_MAG140_75_17,0.0,EX01,MAG140
MAG140_MAG140_MAG140_75_18,0.0,EX01,MAG140
MAG140_MAG140_MAG140_75_19,4.099648046,EX01,MAG140
MAG140_MAG140_MAG140_75_2,304.4922536,EX01,MAG140
MAG140_MAG140_MAG140_75_20,0.0,EX01,MAG140
MAG140_MAG140_MAG140_75_21,0.0,EX01,MAG140
MAG140_MAG140_MAG140_75_22,8.316995849,EX01,MAG140
MAG140_MAG140_MAG140_75_23,7.320338181,EX01,MAG140
MAG140_MAG140_MAG140_75_24,2.747444044,EX01,MAG140
MAG140_MAG140_MAG140_75_25,3.32528811,EX01,MAG140
MAG140_MAG140_MAG140_75_26,6.848980893,EX01,MAG140
MAG140_MAG140_MAG140_75_27,0.0,EX01,MAG140
MAG140_MAG140_MAG140_75_28,3.778878349,EX01,MAG140
MAG140_MAG140_MAG140_75_29,4.937514713,EX01,MAG140
MAG140_MAG140_MAG140_75_3,4.892279965,EX01,MAG140
MAG140_MAG140_MAG140_75_30,9.291836984,EX01,MAG140
MAG140_MAG140_MAG140_75_31,0.0,EX01,MAG140
MAG140_MAG140_MAG140_75_32,104.5017808,EX01,MAG140
MAG140_MAG140_MAG140_75_33,0.0,EX01,MAG140
MAG140_MAG140_MAG140_75_34,3.866532566,EX01,MAG140
MAG140_MAG140_MAG140_75_35,13.37842873,EX01,MAG140
MAG140_MAG140_MAG140_75_36,3.297173355,EX01,MAG140
MAG140_MAG140_MAG140_75_37,19.05208746,EX01,MAG140
MAG140_MAG140_MAG140_75_38,1.412340892,EX01,MAG140
MAG140_MAG140_MAG140_75_39,0.0,EX01,MAG140
MAG140_MAG140_MAG140_75_4,2.448372943,EX01,MAG140
MAG140_MAG140_MAG140_75_40,4.142165508,EX01,MAG140
MAG140_MAG140_MAG140_75_41,0.0,EX01,MAG140
MAG140_MAG140_MAG140_75_42,0.0,EX01,MAG140
MAG140_MAG140_MAG140_75_43,12.47868592,EX01,MAG140
MAG140_MAG140_MAG140_75_44,0.0,EX01,MAG140
MAG140_MAG140_MAG140_75_45,105.9583741,EX01,MAG140
MAG140_MAG140_MAG140_75_46,21.78140257,EX01,MAG140
MAG140_MAG140_MAG140_75_47,0.0,EX01,MAG140
MAG140_MAG140_MAG140_75_48,0.0,EX01,MAG140
MAG140_MAG140_MAG140_75_49,221.3986036,EX01,MAG140
MAG140_MAG140_MAG140_75_5,44.56318039,EX01,MAG140
MAG140_MAG140_MAG140_75_50,0.0,EX01,MAG140
MAG140_MAG140_MAG140_75_51,0.0,EX01,MAG140
MAG140_MAG140_MAG140_75_52,3.463513554,EX01,MAG140
MAG140_MAG140_MAG140_75_53,73.19352916,EX01,MAG140
MAG140_MAG140_MAG140_75_6,3.331547856,EX01,MAG140
MAG140_MAG140_MAG140_75_7,0.354750758,EX01,MAG140
MAG140_MAG140_MAG140_75_8,71.27270674,EX01,MAG140
MAG140_MAG140_MAG140_75_9,120.7983083,EX01,MAG140
MAG140_MAG140_MAG140_76_1,35.67899926,EX01,MAG140
MAG140_MAG140_MAG140_76_10,0.0,EX01,MAG140
MAG140_MAG140_MAG140_76_11,0.0,EX01,MAG140
MAG140_MAG140_MAG140_76_12,22.75040916,EX01,MAG140
MAG140_MAG140_MAG140_76_13,2.069920983,EX01,MAG140
MAG140_MAG140_MAG140_76_14,2.547849443,EX01,MAG140
MAG140_MAG140_MAG140_76_15,5.132149257,EX01,MAG140
MAG140_MAG140_MAG140_76_16,15.49742699,EX01,MAG140
MAG140_MAG140_MAG140_76_17,14.78632867,EX01,MAG140
MAG140_MAG140_MAG140_76_18,1.845978667,EX01,MAG140
MAG140_MAG140_MAG140_76_19,23.92332342,EX01,MAG140
MAG140_MAG140_MAG140_76_2,75.50563756,EX01,MAG140
MAG140_MAG140_MAG140_76_20,21.47397522,EX01,MAG140
MAG140_MAG140_MAG140_76_21,0.0,EX01,MAG140
MAG140_MAG140_MAG140_76_22,128.2346406,EX01,MAG140
MAG140_MAG140_MAG140_76_3,45.39878974,EX01,MAG140
MAG140_MAG140_MAG140_76_4,54.71918311,EX01,MAG140
MAG140_MAG140_MAG140_76_5,192.7811796,EX01,MAG140
MAG140_MAG140_MAG140_76_6,32.77996983,EX01,MAG140
MAG140_MAG140_MAG140_76_7,0.0,EX01,MAG140
MAG140_MAG140_MAG140_76_8,0.0,EX01,MAG140
MAG140_MAG140_MAG140_76_9,20.19160972,EX01,MAG140
MAG140_MAG140_MAG140_77_1,0.0,EX01,MAG140
MAG140_MAG140_MAG140_77_10,0.0,EX01,MAG140
MAG140_MAG140_MAG140_77_11,17.79390558,EX01,MAG140
MAG140_MAG140_MAG140_77_12,17.24025503,EX01,MAG140
MAG140_MAG140_MAG140_77_13,120.8365419,EX01,MAG140
MAG140_MAG140_MAG140_77_14,28.8710238,EX01,MAG140
MAG140_MAG140_MAG140_77_15,39.19411147,EX01,MAG140
MAG140_MAG140_MAG140_77_16,0.0,EX01,MAG140
MAG140_MAG140_MAG140_77_17,57.62406757,EX01,MAG140
MAG140_MAG140_MAG140_77_18,2.367565034,EX01,MAG140
MAG140_MAG140_MAG140_77_19,3.080034856,EX01,MAG140
MAG140_MAG140_MAG140_77_2,6.567019637,EX01,MAG140
MAG140_MAG140_MAG140_77_20,11.10577716,EX01,MAG140
MAG140_MAG140_MAG140_77_21,0.0,EX01,MAG140
MAG140_MAG140_MAG140_77_22,0.0,EX01,MAG140
MAG140_MAG140_MAG140_77_23,2.413571614,EX01,MAG140
MAG140_MAG140_MAG140_77_24,2.957849472,EX01,MAG140
MAG140_MAG140_MAG140_77_25,8.32861625,EX01,MAG140
MAG140_MAG140_MAG140_77_3,0.0,EX01,MAG140
MAG140_MAG140_MAG140_77_4,0.0,EX01,MAG140
MAG140_MAG140_MAG140_77_5,6.329918188,EX01,MAG140
MAG140_MAG140_MAG140_77_6,2.242117053,EX01,MAG140
MAG140_MAG140_MAG140_77_7,8.169904663,EX01,MAG140
MAG140_MAG140_MAG140_77_8,0.0,EX01,MAG140
MAG140_MAG140_MAG140_77_9,0.0,EX01,MAG140
MAG140_MAG140_MAG140_78_1,6.81876002,EX01,MAG140
MAG140_MAG140_MAG140_78_2,136.6856573,EX01,MAG140
MAG140_MAG140_MAG140_78_3,92.00287078,EX01,MAG140
MAG140_MAG140_MAG140_78_4,56.20565877,EX01,MAG140
MAG140_MAG140_MAG140_78_5,14.82945488,EX01,MAG140
MAG140_MAG140_MAG140_79_1,3.94757449,EX01,MAG140
MAG140_MAG140_MAG140_79_10,0.0,EX01,MAG140
MAG140_MAG140_MAG140_79_11,0.0,EX01,MAG140
MAG140_MAG140_MAG140_79_12,0.415018817,EX01,MAG140
MAG140_MAG140_MAG140_79_13,0.0,EX01,MAG140
MAG140_MAG140_MAG140_79_14,0.0,EX01,MAG140
MAG140_MAG140_MAG140_79_15,0.0,EX01,MAG140
MAG140_MAG140_MAG140_79_16,0.0,EX01,MAG140
MAG140_MAG140_MAG140_79_17,0.0,EX01,MAG140
MAG140_MAG140_MAG140_79_18,10.68949639,EX01,MAG140
MAG140_MAG140_MAG140_79_19,3.307417162,EX01,MAG140
MAG140_MAG140_MAG140_79_2,0.0,EX01,MAG140
MAG140_MAG140_MAG140_79_20,11.31752105,EX01,MAG140
MAG140_MAG140_MAG140_79_21,0.0,EX01,MAG140
MAG140_MAG140_MAG140_79_22,1.569278621,EX01,MAG140
MAG140_MAG140_MAG140_79_23,0.0,EX01,MAG140
MAG140_MAG140_MAG140_79_24,0.0,EX01,MAG140
MAG140_MAG140_MAG140_79_25,1.101822173,EX01,MAG140
MAG140_MAG140_MAG140_79_26,0.0,EX01,MAG140
MAG140_MAG140_MAG140_79_27,3.015028127,EX01,MAG140
MAG140_MAG140_MAG140_79_28,1.94544608,EX01,MAG140
MAG140_MAG140_MAG140_79_29,2.54253049,EX01,MAG140
MAG140_MAG140_MAG140_79_3,0.0,EX01,MAG140
MAG140_MAG140_MAG140_79_30,7.599692826,EX01,MAG140
MAG140_MAG140_MAG140_79_31,1.923961637,EX01,MAG140
MAG140_MAG140_MAG140_79_32,2.562737375,EX01,MAG140
MAG140_MAG140_MAG140_79_33,0.0,EX01,MAG140
MAG140_MAG140_MAG140_79_34,3.407546856,EX01,MAG140
MAG140_MAG140_MAG140_79_35,5.590572645,EX01,MAG140
MAG140_MAG140_MAG140_79_36,1.276155231,EX01,MAG140
MAG140_MAG140_MAG140_79_37,1.731031629,EX01,MAG140
MAG140_MAG140_MAG140_79_38,0.920273431,EX01,MAG140
MAG140_MAG140_MAG140_79_39,8.504457324,EX01,MAG140
MAG140_MAG140_MAG140_79_4,0.0,EX01,MAG140
MAG140_MAG140_MAG140_79_40,3.041645151,EX01,MAG140
MAG140_MAG140_MAG140_79_41,4.31558342,EX01,MAG140
MAG140_MAG140_MAG140_79_42,3.016705227,EX01,MAG140
MAG140_MAG140_MAG140_79_43,4.57918988,EX01,MAG140
MAG140_MAG140_MAG140_79_44,0.0,EX01,MAG140
MAG140_MAG140_MAG140_79_45,0.0,EX01,MAG140
MAG140_MAG140_MAG140_79_46,8.724286535,EX01,MAG140
MAG140_MAG140_MAG140_79_47,39.42294107,EX01,MAG140
MAG140_MAG140_MAG140_79_48,7.641171131,EX01,MAG140
MAG140_MAG140_MAG140_79_49,310.4401632,EX01,MAG140
MAG140_MAG140_MAG140_79_5,6.980656203,EX01,MAG140
MAG140_MAG140_MAG140_79_50,10.35292994,EX01,MAG140
MAG140_MAG140_MAG140_79_51,0.0,EX01,MAG140
MAG140_MAG140_MAG140_79_52,3.363863762,EX01,MAG140
MAG140_MAG140_MAG140_79_53,8.472826566,EX01,MAG140
MAG140_MAG140_MAG140_79_54,20.15251178,EX01,MAG140
MAG140_MAG140_MAG140_79_55,0.0,EX01,MAG140
MAG140_MAG140_MAG140_79_56,0.0,EX01,MAG140
MAG140_MAG140_MAG140_79_57,52.58365851,EX01,MAG140
MAG140_MAG140_MAG140_79_58,3.309677469,EX01,MAG140
MAG140_MAG140_MAG140_79_59,1.328375963,EX01,MAG140
MAG140_MAG140_MAG140_79_6,0.0,EX01,MAG140
MAG140_MAG140_MAG140_79_60,1.32978972,EX01,MAG140
MAG140_MAG140_MAG140_79_61,0.0,EX01,MAG140
MAG140_MAG140_MAG140_79_62,53.39595738,EX01,MAG140
MAG140_MAG140_MAG140_79_63,2.632216679,EX01,MAG140
MAG140_MAG140_MAG140_79_64,10.13022819,EX01,MAG140
MAG140_MAG140_MAG140_79_65,5.482658787,EX01,MAG140
MAG140_MAG140_MAG140_79_66,13.7313872,EX01,MAG140
MAG140_MAG140_MAG140_79_67,0.0,EX01,MAG140
MAG140_MAG140_MAG140_79_7,0.0,EX01,MAG140
MAG140_MAG140_MAG140_79_8,1.752943012,EX01,MAG140
MAG140_MAG140_MAG140_79_9,0.0,EX01,MAG140
MAG140_MAG140_MAG140_7_1,0.0,EX01,MAG140
MAG140_MAG140_MAG140_7_10,40.66666397,EX01,MAG140
MAG140_MAG140_MAG140_7_11,6.431858861,EX01,MAG140
MAG140_MAG140_MAG140_7_12,0.0,EX01,MAG140
MAG140_MAG140_MAG140_7_13,16.79936483,EX01,MAG140
MAG140_MAG140_MAG140_7_14,2.005155306,EX01,MAG140
MAG140_MAG140_MAG140_7_15,12.14887394,EX01,MAG140
MAG140_MAG140_MAG140_7_16,1.665717978,EX01,MAG140
MAG140_MAG140_MAG140_7_17,2.394771591,EX01,MAG140
MAG140_MAG140_MAG140_7_18,0.0,EX01,MAG140
MAG140_MAG140_MAG140_7_19,0.0,EX01,MAG140
MAG140_MAG140_MAG140_7_2,14.85999735,EX01,MAG140
MAG140_MAG140_MAG140_7_20,4.925488316,EX01,MAG140
MAG140_MAG140_MAG140_7_21,0.0,EX01,MAG140
MAG140_MAG140_MAG140_7_22,2.969763296,EX01,MAG140
MAG140_MAG140_MAG140_7_23,0.0,EX01,MAG140
MAG140_MAG140_MAG140_7_24,10.70822994,EX01,MAG140
MAG140_MAG140_MAG140_7_25,4.93928086,EX01,MAG140
MAG140_MAG140_MAG140_7_26,0.0,EX01,MAG140
MAG140_MAG140_MAG140_7_3,3.819872877,EX01,MAG140
MAG140_MAG140_MAG140_7_4,0.0,EX01,MAG140
MAG140_MAG140_MAG140_7_5,13.10935758,EX01,MAG140
MAG140_MAG140_MAG140_7_6,5.847640352,EX01,MAG140
MAG140_MAG140_MAG140_7_7,0.0,EX01,MAG140
MAG140_MAG140_MAG140_7_8,0.0,EX01,MAG140
MAG140_MAG140_MAG140_7_9,1.850813764,EX01,MAG140
MAG140_MAG140_MAG140_80_1,0.0,EX01,MAG140
MAG140_MAG140_MAG140_80_10,4.045069174,EX01,MAG140
MAG140_MAG140_MAG140_80_11,0.0,EX01,MAG140
MAG140_MAG140_MAG140_80_12,0.0,EX01,MAG140
MAG140_MAG140_MAG140_80_13,9.27455876,EX01,MAG140
MAG140_MAG140_MAG140_80_14,0.0,EX01,MAG140
MAG140_MAG140_MAG140_80_15,4.198147477,EX01,MAG140
MAG140_MAG140_MAG140_80_16,0.0,EX01,MAG140
MAG140_MAG140_MAG140_80_17,0.0,EX01,MAG140
MAG140_MAG140_MAG140_80_18,0.0,EX01,MAG140
MAG140_MAG140_MAG140_80_19,0.0,EX01,MAG140
MAG140_MAG140_MAG140_80_2,19.54436951,EX01,MAG140
MAG140_MAG140_MAG140_80_20,0.0,EX01,MAG140
MAG140_MAG140_MAG140_80_21,1.483158776,EX01,MAG140
MAG140_MAG140_MAG140_80_22,4.07201482,EX01,MAG140
MAG140_MAG140_MAG140_80_23,4.198361514,EX01,MAG140
MAG140_MAG140_MAG140_80_24,0.0,EX01,MAG140
MAG140_MAG140_MAG140_80_25,0.0,EX01,MAG140
MAG140_MAG140_MAG140_80_26,0.0,EX01,MAG140
MAG140_MAG140_MAG140_80_27,0.0,EX01,MAG140
MAG140_MAG140_MAG140_80_28,0.0,EX01,MAG140
MAG140_MAG140_MAG140_80_29,0.0,EX01,MAG140
MAG140_MAG140_MAG140_80_3,29.9385984,EX01,MAG140
MAG140_MAG140_MAG140_80_30,0.426604319,EX01,MAG140
MAG140_MAG140_MAG140_80_31,0.956255249,EX01,MAG140
MAG140_MAG140_MAG140_80_32,0.0,EX01,MAG140
MAG140_MAG140_MAG140_80_33,49.44486928,EX01,MAG140
MAG140_MAG140_MAG140_80_34,17.8119581,EX01,MAG140
MAG140_MAG140_MAG140_80_35,145.9349404,EX01,MAG140
MAG140_MAG140_MAG140_80_36,180.351054,EX01,MAG140
MAG140_MAG140_MAG140_80_37,67.68597028,EX01,MAG140
MAG140_MAG140_MAG140_80_38,13.69617061,EX01,MAG140
MAG140_MAG140_MAG140_80_39,44.33685782,EX01,MAG140
MAG140_MAG140_MAG140_80_4,26.1026201,EX01,MAG140
MAG140_MAG140_MAG140_80_40,16.03233356,EX01,MAG140
MAG140_MAG140_MAG140_80_41,73.28018068,EX01,MAG140
MAG140_MAG140_MAG140_80_42,33.34940626,EX01,MAG140
MAG140_MAG140_MAG140_80_43,18.41743409,EX01,MAG140
MAG140_MAG140_MAG140_80_44,15.92992094,EX01,MAG140
MAG140_MAG140_MAG140_80_45,22.83066084,EX01,MAG140
MAG140_MAG140_MAG140_80_46,48.25007273,EX01,MAG140
MAG140_MAG140_MAG140_80_47,47.80026941,EX01,MAG140
MAG140_MAG140_MAG140_80_48,75.90671761,EX01,MAG140
MAG140_MAG140_MAG140_80_49,15.91476946,EX01,MAG140
MAG140_MAG140_MAG140_80_5,17.39270395,EX01,MAG140
MAG140_MAG140_MAG140_80_50,55.58424595,EX01,MAG140
MAG140_MAG140_MAG140_80_51,10.25428059,EX01,MAG140
MAG140_MAG140_MAG140_80_52,15.52145709,EX01,MAG140
MAG140_MAG140_MAG140_80_53,47.75186903,EX01,MAG140
MAG140_MAG140_MAG140_80_54,9.842832115,EX01,MAG140
MAG140_MAG140_MAG140_80_55,10.74693168,EX01,MAG140
MAG140_MAG140_MAG140_80_56,14.27234534,EX01,MAG140
MAG140_MAG140_MAG140_80_57,9.95391338,EX01,MAG140
MAG140_MAG140_MAG140_80_58,113.7949773,EX01,MAG140
MAG140_MAG140_MAG140_80_59,22.21012859,EX01,MAG140
MAG140_MAG140_MAG140_80_6,2.34950611,EX01,MAG140
MAG140_MAG140_MAG140_80_60,21.04921909,EX01,MAG140
MAG140_MAG140_MAG140_80_61,22.35093922,EX01,MAG140
MAG140_MAG140_MAG140_80_62,27.74366948,EX01,MAG140
MAG140_MAG140_MAG140_80_63,41.40829022,EX01,MAG140
MAG140_MAG140_MAG140_80_64,198.6846635,EX01,MAG140
MAG140_MAG140_MAG140_80_65,16.4422091,EX01,MAG140
MAG140_MAG140_MAG140_80_66,2.373022042,EX01,MAG140
MAG140_MAG140_MAG140_80_67,1.37374394,EX01,MAG140
MAG140_MAG140_MAG140_80_68,0.762814406,EX01,MAG140
MAG140_MAG140_MAG140_80_69,4.019317392,EX01,MAG140
MAG140_MAG140_MAG140_80_7,0.0,EX01,MAG140
MAG140_MAG140_MAG140_80_70,3.20864693,EX01,MAG140
MAG140_MAG140_MAG140_80_71,0.0,EX01,MAG140
MAG140_MAG140_MAG140_80_72,112.1335579,EX01,MAG140
MAG140_MAG140_MAG140_80_73,56.94028007,EX01,MAG140
MAG140_MAG140_MAG140_80_74,5.473836312,EX01,MAG140
MAG140_MAG140_MAG140_80_75,0.0,EX01,MAG140
MAG140_MAG140_MAG140_80_76,4.577299726,EX01,MAG140
MAG140_MAG140_MAG140_80_77,3.837408038,EX01,MAG140
MAG140_MAG140_MAG140_80_78,37.08330211,EX01,MAG140
MAG140_MAG140_MAG140_80_79,10.14546537,EX01,MAG140
MAG140_MAG140_MAG140_80_8,0.0,EX01,MAG140
MAG140_MAG140_MAG140_80_80,7.512784928,EX01,MAG140
MAG140_MAG140_MAG140_80_81,5.417386626,EX01,MAG140
MAG140_MAG140_MAG140_80_82,0.0,EX01,MAG140
MAG140_MAG140_MAG140_80_9,38.20725423,EX01,MAG140
MAG140_MAG140_MAG140_81_1,4.072900043,EX01,MAG140
MAG140_MAG140_MAG140_81_2,6.331287167,EX01,MAG140
MAG140_MAG140_MAG140_81_3,0.0,EX01,MAG140
MAG140_MAG140_MAG140_81_4,0.0,EX01,MAG140
MAG140_MAG140_MAG140_81_5,0.0,EX01,MAG140
MAG140_MAG140_MAG140_81_6,17.85110425,EX01,MAG140
MAG140_MAG140_MAG140_81_7,0.0,EX01,MAG140
MAG140_MAG140_MAG140_81_8,10.60454503,EX01,MAG140
MAG140_MAG140_MAG140_82_1,2.09943178,EX01,MAG140
MAG140_MAG140_MAG140_82_10,0.0,EX01,MAG140
MAG140_MAG140_MAG140_82_11,4.389877607,EX01,MAG140
MAG140_MAG140_MAG140_82_12,0.0,EX01,MAG140
MAG140_MAG140_MAG140_82_13,0.0,EX01,MAG140
MAG140_MAG140_MAG140_82_14,0.565464312,EX01,MAG140
MAG140_MAG140_MAG140_82_15,28.94935456,EX01,MAG140
MAG140_MAG140_MAG140_82_16,0.0,EX01,MAG140
MAG140_MAG140_MAG140_82_17,10.12073103,EX01,MAG140
MAG140_MAG140_MAG140_82_18,0.0,EX01,MAG140
MAG140_MAG140_MAG140_82_2,16.9481041,EX01,MAG140
MAG140_MAG140_MAG140_82_3,8.608351647,EX01,MAG140
MAG140_MAG140_MAG140_82_4,0.0,EX01,MAG140
MAG140_MAG140_MAG140_82_5,5.78458572,EX01,MAG140
MAG140_MAG140_MAG140_82_6,124.6420881,EX01,MAG140
MAG140_MAG140_MAG140_82_7,3.002655926,EX01,MAG140
MAG140_MAG140_MAG140_82_8,3.173772142,EX01,MAG140
MAG140_MAG140_MAG140_82_9,31.36080044,EX01,MAG140
MAG140_MAG140_MAG140_83_1,0.0,EX01,MAG140
MAG140_MAG140_MAG140_83_10,5.939861177,EX01,MAG140
MAG140_MAG140_MAG140_83_2,0.0,EX01,MAG140
MAG140_MAG140_MAG140_83_3,0.949631422,EX01,MAG140
MAG140_MAG140_MAG140_83_4,1.319203198,EX01,MAG140
MAG140_MAG140_MAG140_83_5,0.643791961,EX01,MAG140
MAG140_MAG140_MAG140_83_6,4.094953415,EX01,MAG140
MAG140_MAG140_MAG140_83_7,15.96436516,EX01,MAG140
MAG140_MAG140_MAG140_83_8,1.241856455,EX01,MAG140
MAG140_MAG140_MAG140_83_9,2.098339101,EX01,MAG140
MAG140_MAG140_MAG140_84_1,0.51308845,EX01,MAG140
MAG140_MAG140_MAG140_84_10,28.59171337,EX01,MAG140
MAG140_MAG140_MAG140_84_11,10.03518328,EX01,MAG140
MAG140_MAG140_MAG140_84_12,3.483673811,EX01,MAG140
MAG140_MAG140_MAG140_84_13,0.0,EX01,MAG140
MAG140_MAG140_MAG140_84_14,8.177643383,EX01,MAG140
MAG140_MAG140_MAG140_84_15,0.0,EX01,MAG140
MAG140_MAG140_MAG140_84_16,0.0,EX01,MAG140
MAG140_MAG140_MAG140_84_17,0.0,EX01,MAG140
MAG140_MAG140_MAG140_84_18,0.0,EX01,MAG140
MAG140_MAG140_MAG140_84_19,0.0,EX01,MAG140
MAG140_MAG140_MAG140_84_2,8.780094006,EX01,MAG140
MAG140_MAG140_MAG140_84_20,17.87928009,EX01,MAG140
MAG140_MAG140_MAG140_84_21,2.625889589,EX01,MAG140
MAG140_MAG140_MAG140_84_22,105.6695994,EX01,MAG140
MAG140_MAG140_MAG140_84_23,0.0,EX01,MAG140
MAG140_MAG140_MAG140_84_24,13.90952537,EX01,MAG140
MAG140_MAG140_MAG140_84_25,0.0,EX01,MAG140
MAG140_MAG140_MAG140_84_26,0.0,EX01,MAG140
MAG140_MAG140_MAG140_84_27,0.0,EX01,MAG140
MAG140_MAG140_MAG140_84_28,0.0,EX01,MAG140
MAG140_MAG140_MAG140_84_29,81.66166026,EX01,MAG140
MAG140_MAG140_MAG140_84_3,1.078034675,EX01,MAG140
MAG140_MAG140_MAG140_84_30,4.827462236,EX01,MAG140
MAG140_MAG140_MAG140_84_4,0.0,EX01,MAG140
MAG140_MAG140_MAG140_84_5,8.25358555,EX01,MAG140
MAG140_MAG140_MAG140_84_6,11.99834256,EX01,MAG140
MAG140_MAG140_MAG140_84_7,15.29475148,EX01,MAG140
MAG140_MAG140_MAG140_84_8,0.0,EX01,MAG140
MAG140_MAG140_MAG140_84_9,0.0,EX01,MAG140
MAG140_MAG140_MAG140_85_1,11.99496603,EX01,MAG140
MAG140_MAG140_MAG140_85_10,0.0,EX01,MAG140
MAG140_MAG140_MAG140_85_11,0.0,EX01,MAG140
MAG140_MAG140_MAG140_85_12,0.0,EX01,MAG140
MAG140_MAG140_MAG140_85_2,6.16645611,EX01,MAG140
MAG140_MAG140_MAG140_85_3,6.3601045,EX01,MAG140
MAG140_MAG140_MAG140_85_4,3.574787361,EX01,MAG140
MAG140_MAG140_MAG140_85_5,0.0,EX01,MAG140
MAG140_MAG140_MAG140_85_6,1.644893561,EX01,MAG140
MAG140_MAG140_MAG140_85_7,4.042349323,EX01,MAG140
MAG140_MAG140_MAG140_85_8,8.525989401,EX01,MAG140
MAG140_MAG140_MAG140_85_9,0.0,EX01,MAG140
MAG140_MAG140_MAG140_86_1,1.647391673,EX01,MAG140
MAG140_MAG140_MAG140_86_2,0.644208868,EX01,MAG140
MAG140_MAG140_MAG140_87_1,56.31096084,EX01,MAG140
MAG140_MAG140_MAG140_87_10,0.0,EX01,MAG140
MAG140_MAG140_MAG140_87_11,22.52747041,EX01,MAG140
MAG140_MAG140_MAG140_87_12,3.675212468,EX01,MAG140
MAG140_MAG140_MAG140_87_13,3.788620442,EX01,MAG140
MAG140_MAG140_MAG140_87_14,1.817770079,EX01,MAG140
MAG140_MAG140_MAG140_87_15,1.723537833,EX01,MAG140
MAG140_MAG140_MAG140_87_16,147.0023111,EX01,MAG140
MAG140_MAG140_MAG140_87_17,16.34981627,EX01,MAG140
MAG140_MAG140_MAG140_87_18,5.056133892,EX01,MAG140
MAG140_MAG140_MAG140_87_19,0.39176911,EX01,MAG140
MAG140_MAG140_MAG140_87_2,13.70052121,EX01,MAG140
MAG140_MAG140_MAG140_87_20,4.276472311,EX01,MAG140
MAG140_MAG140_MAG140_87_21,1.060419475,EX01,MAG140
MAG140_MAG140_MAG140_87_22,6.702065911,EX01,MAG140
MAG140_MAG140_MAG140_87_23,4.183038232,EX01,MAG140
MAG140_MAG140_MAG140_87_24,0.0,EX01,MAG140
MAG140_MAG140_MAG140_87_25,0.0,EX01,MAG140
MAG140_MAG140_MAG140_87_3,9.429602991,EX01,MAG140
MAG140_MAG140_MAG140_87_4,3.330929149,EX01,MAG140
MAG140_MAG140_MAG140_87_5,18.54219019,EX01,MAG140
MAG140_MAG140_MAG140_87_6,0.0,EX01,MAG140
MAG140_MAG140_MAG140_87_7,10.30795819,EX01,MAG140
MAG140_MAG140_MAG140_87_8,2.027490629,EX01,MAG140
MAG140_MAG140_MAG140_87_9,11.85762698,EX01,MAG140
MAG140_MAG140_MAG140_88_1,2.623439197,EX01,MAG140
MAG140_MAG140_MAG140_88_10,4.218901061,EX01,MAG140
MAG140_MAG140_MAG140_88_11,5.315291292,EX01,MAG140
MAG140_MAG140_MAG140_88_12,0.0,EX01,MAG140
MAG140_MAG140_MAG140_88_13,6.085595624,EX01,MAG140
MAG140_MAG140_MAG140_88_14,12.88936042,EX01,MAG140
MAG140_MAG140_MAG140_88_15,0.0,EX01,MAG140
MAG140_MAG140_MAG140_88_16,0.0,EX01,MAG140
MAG140_MAG140_MAG140_88_2,29.74842159,EX01,MAG140
MAG140_MAG140_MAG140_88_3,66.99035302,EX01,MAG140
MAG140_MAG140_MAG140_88_4,11.6700543,EX01,MAG140
MAG140_MAG140_MAG140_88_5,2.332430331,EX01,MAG140
MAG140_MAG140_MAG140_88_6,1.636260314,EX01,MAG140
MAG140_MAG140_MAG140_88_7,0.949528462,EX01,MAG140
MAG140_MAG140_MAG140_88_8,2.358228089,EX01,MAG140
MAG140_MAG140_MAG140_88_9,0.0,EX01,MAG140
MAG140_MAG140_MAG140_89_1,38.18431292,EX01,MAG140
MAG140_MAG140_MAG140_89_2,0.389659738,EX01,MAG140
MAG140_MAG140_MAG140_89_3,0.0,EX01,MAG140
MAG140_MAG140_MAG140_89_4,0.0,EX01,MAG140
MAG140_MAG140_MAG140_89_5,35.69958762,EX01,MAG140
MAG140_MAG140_MAG140_8_1,0.0,EX01,MAG140
MAG140_MAG140_MAG140_8_10,301.7560937,EX01,MAG140
MAG140_MAG140_MAG140_8_11,200.6730977,EX01,MAG140
MAG140_MAG140_MAG140_8_12,241.1244122,EX01,MAG140
MAG140_MAG140_MAG140_8_13,54.11420096,EX01,MAG140
MAG140_MAG140_MAG140_8_14,71.03767691,EX01,MAG140
MAG140_MAG140_MAG140_8_15,44.1769444,EX01,MAG140
MAG140_MAG140_MAG140_8_16,65.63967556,EX01,MAG140
MAG140_MAG140_MAG140_8_17,70.82203182,EX01,MAG140
MAG140_MAG140_MAG140_8_18,38.4696817,EX01,MAG140
MAG140_MAG140_MAG140_8_19,190.6983441,EX01,MAG140
MAG140_MAG140_MAG140_8_2,0.686826852,EX01,MAG140
MAG140_MAG140_MAG140_8_3,3.445156263,EX01,MAG140
MAG140_MAG140_MAG140_8_4,11.98703269,EX01,MAG140
MAG140_MAG140_MAG140_8_5,287.982865,EX01,MAG140
MAG140_MAG140_MAG140_8_6,91.46577956,EX01,MAG140
MAG140_MAG140_MAG140_8_7,94.75669288,EX01,MAG140
MAG140_MAG140_MAG140_8_8,38.92177423,EX01,MAG140
MAG140_MAG140_MAG140_8_9,4.597183386,EX01,MAG140
MAG140_MAG140_MAG140_90_1,0.0,EX01,MAG140
MAG140_MAG140_MAG140_90_10,0.0,EX01,MAG140
MAG140_MAG140_MAG140_90_11,30.93597506,EX01,MAG140
MAG140_MAG140_MAG140_90_12,41.922566,EX01,MAG140
MAG140_MAG140_MAG140_90_13,11.16403271,EX01,MAG140
MAG140_MAG140_MAG140_90_14,17.79545813,EX01,MAG140
MAG140_MAG140_MAG140_90_15,4.360825084,EX01,MAG140
MAG140_MAG140_MAG140_90_16,0.0,EX01,MAG140
MAG140_MAG140_MAG140_90_17,1.354785795,EX01,MAG140
MAG140_MAG140_MAG140_90_18,3.539434014,EX01,MAG140
MAG140_MAG140_MAG140_90_19,0.0,EX01,MAG140
MAG140_MAG140_MAG140_90_2,2.296616676,EX01,MAG140
MAG140_MAG140_MAG140_90_20,0.042823713,EX01,MAG140
MAG140_MAG140_MAG140_90_21,0.0,EX01,MAG140
MAG140_MAG140_MAG140_90_22,1.58352768,EX01,MAG140
MAG140_MAG140_MAG140_90_23,0.473052009,EX01,MAG140
MAG140_MAG140_MAG140_90_24,5.765736818,EX01,MAG140
MAG140_MAG140_MAG140_90_25,1.994609375,EX01,MAG140
MAG140_MAG140_MAG140_90_26,9.364621939,EX01,MAG140
MAG140_MAG140_MAG140_90_3,2.078021028,EX01,MAG140
MAG140_MAG140_MAG140_90_4,2.302519695,EX01,MAG140
MAG140_MAG140_MAG140_90_5,1.507920451,EX01,MAG140
MAG140_MAG140_MAG140_90_6,0.0,EX01,MAG140
MAG140_MAG140_MAG140_90_7,0.0,EX01,MAG140
MAG140_MAG140_MAG140_90_8,0.0,EX01,MAG140
MAG140_MAG140_MAG140_90_9,0.0,EX01,MAG140
MAG140_MAG140_MAG140_91_1,14.33942585,EX01,MAG140
MAG140_MAG140_MAG140_91_10,0.0,EX01,MAG140
MAG140_MAG140_MAG140_91_100,2.318563346,EX01,MAG140
MAG140_MAG140_MAG140_91_101,0.0,EX01,MAG140
MAG140_MAG140_MAG140_91_102,0.0,EX01,MAG140
MAG140_MAG140_MAG140_91_103,0.0,EX01,MAG140
MAG140_MAG140_MAG140_91_104,0.0,EX01,MAG140
MAG140_MAG140_MAG140_91_105,0.0,EX01,MAG140
MAG140_MAG140_MAG140_91_106,3.927466549,EX01,MAG140
MAG140_MAG140_MAG140_91_107,38.24403787,EX01,MAG140
MAG140_MAG140_MAG140_91_108,0.0,EX01,MAG140
MAG140_MAG140_MAG140_91_109,5.229749814,EX01,MAG140
MAG140_MAG140_MAG140_91_11,4.212959117,EX01,MAG140
MAG140_MAG140_MAG140_91_110,0.439987544,EX01,MAG140
MAG140_MAG140_MAG140_91_111,0.0,EX01,MAG140
MAG140_MAG140_MAG140_91_112,0.0,EX01,MAG140
MAG140_MAG140_MAG140_91_113,0.0,EX01,MAG140
MAG140_MAG140_MAG140_91_114,0.0,EX01,MAG140
MAG140_MAG140_MAG140_91_115,0.0,EX01,MAG140
MAG140_MAG140_MAG140_91_116,5.441539248,EX01,MAG140
MAG140_MAG140_MAG140_91_117,0.833991887,EX01,MAG140
MAG140_MAG140_MAG140_91_118,8.12387111,EX01,MAG140
MAG140_MAG140_MAG140_91_119,1.340225884,EX01,MAG140
MAG140_MAG140_MAG140_91_12,3.2751301,EX01,MAG140
MAG140_MAG140_MAG140_91_120,4.14739806,EX01,MAG140
MAG140_MAG140_MAG140_91_121,0.0,EX01,MAG140
MAG140_MAG140_MAG140_91_122,0.417858871,EX01,MAG140
MAG140_MAG140_MAG140_91_123,0.282904059,EX01,MAG140
MAG140_MAG140_MAG140_91_124,1.481267232,EX01,MAG140
MAG140_MAG140_MAG140_91_125,2.735125302,EX01,MAG140
MAG140_MAG140_MAG140_91_126,1.70012477,EX01,MAG140
MAG140_MAG140_MAG140_91_127,0.0,EX01,MAG140
MAG140_MAG140_MAG140_91_13,1.462665287,EX01,MAG140
MAG140_MAG140_MAG140_91_14,3.585329256,EX01,MAG140
MAG140_MAG140_MAG140_91_15,0.0,EX01,MAG140
MAG140_MAG140_MAG140_91_16,0.0,EX01,MAG140
MAG140_MAG140_MAG140_91_17,0.0,EX01,MAG140
MAG140_MAG140_MAG140_91_18,0.0,EX01,MAG140
MAG140_MAG140_MAG140_91_19,0.0,EX01,MAG140
MAG140_MAG140_MAG140_91_2,10.530721,EX01,MAG140
MAG140_MAG140_MAG140_91_20,0.0,EX01,MAG140
MAG140_MAG140_MAG140_91_21,1.172868876,EX01,MAG140
MAG140_MAG140_MAG140_91_22,4.23323475,EX01,MAG140
MAG140_MAG140_MAG140_91_23,1248.67362,EX01,MAG140
MAG140_MAG140_MAG140_91_24,429.8503711,EX01,MAG140
MAG140_MAG140_MAG140_91_25,114.6980991,EX01,MAG140
MAG140_MAG140_MAG140_91_26,0.0,EX01,MAG140
MAG140_MAG140_MAG140_91_27,14.73643426,EX01,MAG140
MAG140_MAG140_MAG140_91_28,4.491217355,EX01,MAG140
MAG140_MAG140_MAG140_91_29,2.080367509,EX01,MAG140
MAG140_MAG140_MAG140_91_3,0.0,EX01,MAG140
MAG140_MAG140_MAG140_91_30,2.668501203,EX01,MAG140
MAG140_MAG140_MAG140_91_31,0.0,EX01,MAG140
MAG140_MAG140_MAG140_91_32,0.0,EX01,MAG140
MAG140_MAG140_MAG140_91_33,0.0,EX01,MAG140
MAG140_MAG140_MAG140_91_34,84.86481921,EX01,MAG140
MAG140_MAG140_MAG140_91_35,0.0,EX01,MAG140
MAG140_MAG140_MAG140_91_36,3.483436409,EX01,MAG140
MAG140_MAG140_MAG140_91_37,4.232174652,EX01,MAG140
MAG140_MAG140_MAG140_91_38,0.0,EX01,MAG140
MAG140_MAG140_MAG140_91_39,16.63134726,EX01,MAG140
MAG140_MAG140_MAG140_91_4,19.00855777,EX01,MAG140
MAG140_MAG140_MAG140_91_40,0.0,EX01,MAG140
MAG140_MAG140_MAG140_91_41,0.0,EX01,MAG140
MAG140_MAG140_MAG140_91_42,0.0,EX01,MAG140
MAG140_MAG140_MAG140_91_43,0.0,EX01,MAG140
MAG140_MAG140_MAG140_91_44,28.75253059,EX01,MAG140
MAG140_MAG140_MAG140_91_45,0.0,EX01,MAG140
MAG140_MAG140_MAG140_91_46,0.0,EX01,MAG140
MAG140_MAG140_MAG140_91_47,6.07154477,EX01,MAG140
MAG140_MAG140_MAG140_91_48,0.0,EX01,MAG140
MAG140_MAG140_MAG140_91_49,11.05598206,EX01,MAG140
MAG140_MAG140_MAG140_91_5,0.0,EX01,MAG140
MAG140_MAG140_MAG140_91_50,29.32516137,EX01,MAG140
MAG140_MAG140_MAG140_91_51,0.0,EX01,MAG140
MAG140_MAG140_MAG140_91_52,0.0,EX01,MAG140
MAG140_MAG140_MAG140_91_53,8.863762719,EX01,MAG140
MAG140_MAG140_MAG140_91_54,0.0,EX01,MAG140
MAG140_MAG140_MAG140_91_55,5.539900818,EX01,MAG140
MAG140_MAG140_MAG140_91_56,28.50923545,EX01,MAG140
MAG140_MAG140_MAG140_91_57,10.70032276,EX01,MAG140
MAG140_MAG140_MAG140_91_58,77.38198545,EX01,MAG140
MAG140_MAG140_MAG140_91_59,27.54663315,EX01,MAG140
MAG140_MAG140_MAG140_91_6,2.884741234,EX01,MAG140
MAG140_MAG140_MAG140_91_60,26.34856813,EX01,MAG140
MAG140_MAG140_MAG140_91_61,0.0,EX01,MAG140
MAG140_MAG140_MAG140_91_62,0.0,EX01,MAG140
MAG140_MAG140_MAG140_91_63,17.79610272,EX01,MAG140
MAG140_MAG140_MAG140_91_64,2.735103108,EX01,MAG140
MAG140_MAG140_MAG140_91_65,1.969922895,EX01,MAG140
MAG140_MAG140_MAG140_91_66,0.0,EX01,MAG140
MAG140_MAG140_MAG140_91_67,6.254119032,EX01,MAG140
MAG140_MAG140_MAG140_91_68,1.177645277,EX01,MAG140
MAG140_MAG140_MAG140_91_69,3.366665558,EX01,MAG140
MAG140_MAG140_MAG140_91_7,0.0,EX01,MAG140
MAG140_MAG140_MAG140_91_70,4.460631329,EX01,MAG140
MAG140_MAG140_MAG140_91_71,0.0,EX01,MAG140
MAG140_MAG140_MAG140_91_72,0.0,EX01,MAG140
MAG140_MAG140_MAG140_91_73,0.0,EX01,MAG140
MAG140_MAG140_MAG140_91_74,20.28677074,EX01,MAG140
MAG140_MAG140_MAG140_91_75,9.144944819,EX01,MAG140
MAG140_MAG140_MAG140_91_76,33.25806351,EX01,MAG140
MAG140_MAG140_MAG140_91_77,1.676820827,EX01,MAG140
MAG140_MAG140_MAG140_91_78,1.131085753,EX01,MAG140
MAG140_MAG140_MAG140_91_79,2.525276754,EX01,MAG140
MAG140_MAG140_MAG140_91_8,0.0,EX01,MAG140
MAG140_MAG140_MAG140_91_80,3.592715178,EX01,MAG140
MAG140_MAG140_MAG140_91_81,7.447857544,EX01,MAG140
MAG140_MAG140_MAG140_91_82,2.410868389,EX01,MAG140
MAG140_MAG140_MAG140_91_83,5.579449428,EX01,MAG140
MAG140_MAG140_MAG140_91_84,11.45797681,EX01,MAG140
MAG140_MAG140_MAG140_91_85,1.843223475,EX01,MAG140
MAG140_MAG140_MAG140_91_86,33.78052759,EX01,MAG140
MAG140_MAG140_MAG140_91_87,10.15831182,EX01,MAG140
MAG140_MAG140_MAG140_91_88,0.0,EX01,MAG140
MAG140_MAG140_MAG140_91_89,2.526999317,EX01,MAG140
MAG140_MAG140_MAG140_91_9,4.093492296,EX01,MAG140
MAG140_MAG140_MAG140_91_90,2.339012608,EX01,MAG140
MAG140_MAG140_MAG140_91_91,22.92872537,EX01,MAG140
MAG140_MAG140_MAG140_91_92,18.1926044,EX01,MAG140
MAG140_MAG140_MAG140_91_93,2.849416656,EX01,MAG140
MAG140_MAG140_MAG140_91_94,67.20787581,EX01,MAG140
MAG140_MAG140_MAG140_91_95,23.79036423,EX01,MAG140
MAG140_MAG140_MAG140_91_96,2.497619974,EX01,MAG140
MAG140_MAG140_MAG140_91_97,0.0,EX01,MAG140
MAG140_MAG140_MAG140_91_98,12.90901108,EX01,MAG140
MAG140_MAG140_MAG140_91_99,0.0,EX01,MAG140
MAG140_MAG140_MAG140_92_1,18.32030004,EX01,MAG140
MAG140_MAG140_MAG140_92_10,0.0,EX01,MAG140
MAG140_MAG140_MAG140_92_11,0.0,EX01,MAG140
MAG140_MAG140_MAG140_92_12,0.0,EX01,MAG140
MAG140_MAG140_MAG140_92_13,0.0,EX01,MAG140
MAG140_MAG140_MAG140_92_14,0.0,EX01,MAG140
MAG140_MAG140_MAG140_92_15,54.70717084,EX01,MAG140
MAG140_MAG140_MAG140_92_16,8.480252354,EX01,MAG140
MAG140_MAG140_MAG140_92_17,0.320433684,EX01,MAG140
MAG140_MAG140_MAG140_92_18,4.368707095,EX01,MAG140
MAG140_MAG140_MAG140_92_19,27.59493514,EX01,MAG140
MAG140_MAG140_MAG140_92_2,27.45095163,EX01,MAG140
MAG140_MAG140_MAG140_92_20,24.61665319,EX01,MAG140
MAG140_MAG140_MAG140_92_21,24.56859749,EX01,MAG140
MAG140_MAG140_MAG140_92_22,3.28196532,EX01,MAG140
MAG140_MAG140_MAG140_92_23,1.964154906,EX01,MAG140
MAG140_MAG140_MAG140_92_24,5.904431775,EX01,MAG140
MAG140_MAG140_MAG140_92_25,2.254387542,EX01,MAG140
MAG140_MAG140_MAG140_92_26,0.0,EX01,MAG140
MAG140_MAG140_MAG140_92_27,8.308374651,EX01,MAG140
MAG140_MAG140_MAG140_92_28,44.89139259,EX01,MAG140
MAG140_MAG140_MAG140_92_29,6.119679424,EX01,MAG140
MAG140_MAG140_MAG140_92_3,4.687961463,EX01,MAG140
MAG140_MAG140_MAG140_92_30,26.57569486,EX01,MAG140
MAG140_MAG140_MAG140_92_31,11.57461658,EX01,MAG140
MAG140_MAG140_MAG140_92_32,21.3709293,EX01,MAG140
MAG140_MAG140_MAG140_92_33,0.931747645,EX01,MAG140
MAG140_MAG140_MAG140_92_34,0.701020373,EX01,MAG140
MAG140_MAG140_MAG140_92_35,2.441559332,EX01,MAG140
MAG140_MAG140_MAG140_92_36,0.494325008,EX01,MAG140
MAG140_MAG140_MAG140_92_37,2.208792336,EX01,MAG140
MAG140_MAG140_MAG140_92_38,0.94739456,EX01,MAG140
MAG140_MAG140_MAG140_92_39,12.86878874,EX01,MAG140
MAG140_MAG140_MAG140_92_4,0.0,EX01,MAG140
MAG140_MAG140_MAG140_92_40,0.0,EX01,MAG140
MAG140_MAG140_MAG140_92_41,0.0,EX01,MAG140
MAG140_MAG140_MAG140_92_42,47.47627791,EX01,MAG140
MAG140_MAG140_MAG140_92_43,0.0,EX01,MAG140
MAG140_MAG140_MAG140_92_44,0.0,EX01,MAG140
MAG140_MAG140_MAG140_92_5,0.946062361,EX01,MAG140
MAG140_MAG140_MAG140_92_6,0.0,EX01,MAG140
MAG140_MAG140_MAG140_92_7,1.759820225,EX01,MAG140
MAG140_MAG140_MAG140_92_8,0.0,EX01,MAG140
MAG140_MAG140_MAG140_92_9,0.269616172,EX01,MAG140
MAG140_MAG140_MAG140_93_1,82.7349577,EX01,MAG140
MAG140_MAG140_MAG140_93_10,0.0,EX01,MAG140
MAG140_MAG140_MAG140_93_11,29.35754462,EX01,MAG140
MAG140_MAG140_MAG140_93_12,42.17308706,EX01,MAG140
MAG140_MAG140_MAG140_93_13,15.0199758,EX01,MAG140
MAG140_MAG140_MAG140_93_14,0.0,EX01,MAG140
MAG140_MAG140_MAG140_93_15,3.846462625,EX01,MAG140
MAG140_MAG140_MAG140_93_16,4.223069652,EX01,MAG140
MAG140_MAG140_MAG140_93_17,4.690468942,EX01,MAG140
MAG140_MAG140_MAG140_93_18,5.487842576,EX01,MAG140
MAG140_MAG140_MAG140_93_19,0.0,EX01,MAG140
MAG140_MAG140_MAG140_93_2,0.0,EX01,MAG140
MAG140_MAG140_MAG140_93_20,43.13255799,EX01,MAG140
MAG140_MAG140_MAG140_93_21,0.0,EX01,MAG140
MAG140_MAG140_MAG140_93_22,14.8405101,EX01,MAG140
MAG140_MAG140_MAG140_93_23,34.72982038,EX01,MAG140
MAG140_MAG140_MAG140_93_24,24.03603486,EX01,MAG140
MAG140_MAG140_MAG140_93_25,58.5244235,EX01,MAG140
MAG140_MAG140_MAG140_93_26,82.89557845,EX01,MAG140
MAG140_MAG140_MAG140_93_27,16.3062567,EX01,MAG140
MAG140_MAG140_MAG140_93_28,15.76182048,EX01,MAG140
MAG140_MAG140_MAG140_93_29,6.244058249,EX01,MAG140
MAG140_MAG140_MAG140_93_3,47.6684639,EX01,MAG140
MAG140_MAG140_MAG140_93_30,0.0,EX01,MAG140
MAG140_MAG140_MAG140_93_31,18.90329094,EX01,MAG140
MAG140_MAG140_MAG140_93_32,56.97804757,EX01,MAG140
MAG140_MAG140_MAG140_93_33,6.505882097,EX01,MAG140
MAG140_MAG140_MAG140_93_34,7.781205097,EX01,MAG140
MAG140_MAG140_MAG140_93_35,0.0,EX01,MAG140
MAG140_MAG140_MAG140_93_36,0.0,EX01,MAG140
MAG140_MAG140_MAG140_93_37,0.0,EX01,MAG140
MAG140_MAG140_MAG140_93_4,12.89093306,EX01,MAG140
MAG140_MAG140_MAG140_93_5,85.60575568,EX01,MAG140
MAG140_MAG140_MAG140_93_6,0.0,EX01,MAG140
MAG140_MAG140_MAG140_93_7,18.20849212,EX01,MAG140
MAG140_MAG140_MAG140_93_8,0.0,EX01,MAG140
MAG140_MAG140_MAG140_93_9,7.604213007,EX01,MAG140
MAG140_MAG140_MAG140_94_1,0.0,EX01,MAG140
MAG140_MAG140_MAG140_94_10,0.0,EX01,MAG140
MAG140_MAG140_MAG140_94_11,0.0,EX01,MAG140
MAG140_MAG140_MAG140_94_12,98.86526802,EX01,MAG140
MAG140_MAG140_MAG140_94_13,45.41728447,EX01,MAG140
MAG140_MAG140_MAG140_94_14,10.43136984,EX01,MAG140
MAG140_MAG140_MAG140_94_15,28.17276847,EX01,MAG140
MAG140_MAG140_MAG140_94_16,0.0,EX01,MAG140
MAG140_MAG140_MAG140_94_17,0.0,EX01,MAG140
MAG140_MAG140_MAG140_94_18,30.35605186,EX01,MAG140
MAG140_MAG140_MAG140_94_19,0.0,EX01,MAG140
MAG140_MAG140_MAG140_94_2,0.0,EX01,MAG140
MAG140_MAG140_MAG140_94_20,0.0,EX01,MAG140
MAG140_MAG140_MAG140_94_21,0.0,EX01,MAG140
MAG140_MAG140_MAG140_94_22,0.0,EX01,MAG140
MAG140_MAG140_MAG140_94_23,81.53741689,EX01,MAG140
MAG140_MAG140_MAG140_94_24,207.943717,EX01,MAG140
MAG140_MAG140_MAG140_94_25,0.0,EX01,MAG140
MAG140_MAG140_MAG140_94_26,0.0,EX01,MAG140
MAG140_MAG140_MAG140_94_27,0.594809707,EX01,MAG140
MAG140_MAG140_MAG140_94_3,0.0,EX01,MAG140
MAG140_MAG140_MAG140_94_4,1.484263403,EX01,MAG140
MAG140_MAG140_MAG140_94_5,0.0,EX01,MAG140
MAG140_MAG140_MAG140_94_6,0.0,EX01,MAG140
MAG140_MAG140_MAG140_94_7,0.0,EX01,MAG140
MAG140_MAG140_MAG140_94_8,223.2313643,EX01,MAG140
MAG140_MAG140_MAG140_94_9,0.0,EX01,MAG140
MAG140_MAG140_MAG140_95_1,1.793407572,EX01,MAG140
MAG140_MAG140_MAG140_95_10,1.843046668,EX01,MAG140
MAG140_MAG140_MAG140_95_11,0.0,EX01,MAG140
MAG140_MAG140_MAG140_95_12,0.0,EX01,MAG140
MAG140_MAG140_MAG140_95_13,0.0,EX01,MAG140
MAG140_MAG140_MAG140_95_14,44.81756048,EX01,MAG140
MAG140_MAG140_MAG140_95_15,60.36032362,EX01,MAG140
MAG140_MAG140_MAG140_95_16,117.0858021,EX01,MAG140
MAG140_MAG140_MAG140_95_17,61.41575443,EX01,MAG140
MAG140_MAG140_MAG140_95_18,142.8771716,EX01,MAG140
MAG140_MAG140_MAG140_95_19,21.7062153,EX01,MAG140
MAG140_MAG140_MAG140_95_2,6.064308416,EX01,MAG140
MAG140_MAG140_MAG140_95_20,11.29278563,EX01,MAG140
MAG140_MAG140_MAG140_95_21,11.76744876,EX01,MAG140
MAG140_MAG140_MAG140_95_22,450.4166643,EX01,MAG140
MAG140_MAG140_MAG140_95_23,0.0,EX01,MAG140
MAG140_MAG140_MAG140_95_24,0.0,EX01,MAG140
MAG140_MAG140_MAG140_95_25,213.6147122,EX01,MAG140
MAG140_MAG140_MAG140_95_26,0.0,EX01,MAG140
MAG140_MAG140_MAG140_95_27,0.0,EX01,MAG140
MAG140_MAG140_MAG140_95_28,2.587765814,EX01,MAG140
MAG140_MAG140_MAG140_95_29,4.226903377,EX01,MAG140
MAG140_MAG140_MAG140_95_3,0.0,EX01,MAG140
MAG140_MAG140_MAG140_95_30,0.0,EX01,MAG140
MAG140_MAG140_MAG140_95_31,0.0,EX01,MAG140
MAG140_MAG140_MAG140_95_32,0.0,EX01,MAG140
MAG140_MAG140_MAG140_95_33,0.0,EX01,MAG140
MAG140_MAG140_MAG140_95_34,5.419551668,EX01,MAG140
MAG140_MAG140_MAG140_95_35,5.606060743,EX01,MAG140
MAG140_MAG140_MAG140_95_36,102.7813961,EX01,MAG140
MAG140_MAG140_MAG140_95_37,7.881489539,EX01,MAG140
MAG140_MAG140_MAG140_95_38,0.0,EX01,MAG140
MAG140_MAG140_MAG140_95_39,15.34772911,EX01,MAG140
MAG140_MAG140_MAG140_95_4,36.13668629,EX01,MAG140
MAG140_MAG140_MAG140_95_5,1.778126785,EX01,MAG140
MAG140_MAG140_MAG140_95_6,4.399698286,EX01,MAG140
MAG140_MAG140_MAG140_95_7,0.0,EX01,MAG140
MAG140_MAG140_MAG140_95_8,3.513857169,EX01,MAG140
MAG140_MAG140_MAG140_95_9,0.0,EX01,MAG140
MAG140_MAG140_MAG140_96_1,23.82027909,EX01,MAG140
MAG140_MAG140_MAG140_96_10,92.99680463,EX01,MAG140
MAG140_MAG140_MAG140_96_11,0.0,EX01,MAG140
MAG140_MAG140_MAG140_96_12,0.0,EX01,MAG140
MAG140_MAG140_MAG140_96_13,0.0,EX01,MAG140
MAG140_MAG140_MAG140_96_14,0.0,EX01,MAG140
MAG140_MAG140_MAG140_96_15,0.0,EX01,MAG140
MAG140_MAG140_MAG140_96_16,0.0,EX01,MAG140
MAG140_MAG140_MAG140_96_17,0.0,EX01,MAG140
MAG140_MAG140_MAG140_96_18,1.21564132,EX01,MAG140
MAG140_MAG140_MAG140_96_19,1.528649646,EX01,MAG140
MAG140_MAG140_MAG140_96_2,57.24782064,EX01,MAG140
MAG140_MAG140_MAG140_96_20,1.60571401,EX01,MAG140
MAG140_MAG140_MAG140_96_21,21.44451355,EX01,MAG140
MAG140_MAG140_MAG140_96_22,16.69908928,EX01,MAG140
MAG140_MAG140_MAG140_96_23,29.72352702,EX01,MAG140
MAG140_MAG140_MAG140_96_24,13.06324129,EX01,MAG140
MAG140_MAG140_MAG140_96_25,2.209319649,EX01,MAG140
MAG140_MAG140_MAG140_96_26,1.665271215,EX01,MAG140
MAG140_MAG140_MAG140_96_27,21.50870536,EX01,MAG140
MAG140_MAG140_MAG140_96_28,0.0,EX01,MAG140
MAG140_MAG140_MAG140_96_29,0.0,EX01,MAG140
MAG140_MAG140_MAG140_96_3,6.433113118,EX01,MAG140
MAG140_MAG140_MAG140_96_30,1.704181563,EX01,MAG140
MAG140_MAG140_MAG140_96_31,285.4373757,EX01,MAG140
MAG140_MAG140_MAG140_96_32,0.0,EX01,MAG140
MAG140_MAG140_MAG140_96_33,2.768166093,EX01,MAG140
MAG140_MAG140_MAG140_96_34,3.699528616,EX01,MAG140
MAG140_MAG140_MAG140_96_35,13.61542026,EX01,MAG140
MAG140_MAG140_MAG140_96_36,0.0,EX01,MAG140
MAG140_MAG140_MAG140_96_37,0.0,EX01,MAG140
MAG140_MAG140_MAG140_96_38,4.408689481,EX01,MAG140
MAG140_MAG140_MAG140_96_39,12.51961836,EX01,MAG140
MAG140_MAG140_MAG140_96_4,0.0,EX01,MAG140
MAG140_MAG140_MAG140_96_40,5.712460754,EX01,MAG140
MAG140_MAG140_MAG140_96_41,0.0,EX01,MAG140
MAG140_MAG140_MAG140_96_5,0.0,EX01,MAG140
MAG140_MAG140_MAG140_96_6,0.0,EX01,MAG140
MAG140_MAG140_MAG140_96_7,5.192388417,EX01,MAG140
MAG140_MAG140_MAG140_96_8,0.0,EX01,MAG140
MAG140_MAG140_MAG140_96_9,0.0,EX01,MAG140
MAG140_MAG140_MAG140_97_1,18.78887461,EX01,MAG140
MAG140_MAG140_MAG140_97_10,0.556676063,EX01,MAG140
MAG140_MAG140_MAG140_97_11,0.899978187,EX01,MAG140
MAG140_MAG140_MAG140_97_12,0.0,EX01,MAG140
MAG140_MAG140_MAG140_97_13,17.85721398,EX01,MAG140
MAG140_MAG140_MAG140_97_14,116.960643,EX01,MAG140
MAG140_MAG140_MAG140_97_15,2.417809746,EX01,MAG140
MAG140_MAG140_MAG140_97_16,10.57252567,EX01,MAG140
MAG140_MAG140_MAG140_97_17,0.0,EX01,MAG140
MAG140_MAG140_MAG140_97_18,51.11612075,EX01,MAG140
MAG140_MAG140_MAG140_97_19,211.1534812,EX01,MAG140
MAG140_MAG140_MAG140_97_2,7.160116468,EX01,MAG140
MAG140_MAG140_MAG140_97_20,0.0,EX01,MAG140
MAG140_MAG140_MAG140_97_21,1.684271345,EX01,MAG140
MAG140_MAG140_MAG140_97_22,1.267471422,EX01,MAG140
MAG140_MAG140_MAG140_97_23,0.0,EX01,MAG140
MAG140_MAG140_MAG140_97_24,48.11755319,EX01,MAG140
MAG140_MAG140_MAG140_97_25,25.51790561,EX01,MAG140
MAG140_MAG140_MAG140_97_26,12.59874201,EX01,MAG140
MAG140_MAG140_MAG140_97_27,14.88878627,EX01,MAG140
MAG140_MAG140_MAG140_97_28,11.40074642,EX01,MAG140
MAG140_MAG140_MAG140_97_29,0.0,EX01,MAG140
MAG140_MAG140_MAG140_97_3,0.0,EX01,MAG140
MAG140_MAG140_MAG140_97_30,0.0,EX01,MAG140
MAG140_MAG140_MAG140_97_31,75.55430186,EX01,MAG140
MAG140_MAG140_MAG140_97_32,3.667900394,EX01,MAG140
MAG140_MAG140_MAG140_97_33,30.47772731,EX01,MAG140
MAG140_MAG140_MAG140_97_34,10.5247074,EX01,MAG140
MAG140_MAG140_MAG140_97_35,10.88781208,EX01,MAG140
MAG140_MAG140_MAG140_97_36,0.0,EX01,MAG140
MAG140_MAG140_MAG140_97_37,2.550598641,EX01,MAG140
MAG140_MAG140_MAG140_97_38,2.931127595,EX01,MAG140
MAG140_MAG140_MAG140_97_39,0.0,EX01,MAG140
MAG140_MAG140_MAG140_97_4,4.336133141,EX01,MAG140
MAG140_MAG140_MAG140_97_40,0.0,EX01,MAG140
MAG140_MAG140_MAG140_97_41,11.56885924,EX01,MAG140
MAG140_MAG140_MAG140_97_42,0.0,EX01,MAG140
MAG140_MAG140_MAG140_97_43,0.0,EX01,MAG140
MAG140_MAG140_MAG140_97_44,3.93559806,EX01,MAG140
MAG140_MAG140_MAG140_97_45,0.0,EX01,MAG140
MAG140_MAG140_MAG140_97_46,0.0,EX01,MAG140
MAG140_MAG140_MAG140_97_47,1.840032458,EX01,MAG140
MAG140_MAG140_MAG140_97_48,13.12789441,EX01,MAG140
MAG140_MAG140_MAG140_97_49,0.0,EX01,MAG140
MAG140_MAG140_MAG140_97_5,4.715981053,EX01,MAG140
MAG140_MAG140_MAG140_97_50,2.554096203,EX01,MAG140
MAG140_MAG140_MAG140_97_51,24.32338987,EX01,MAG140
MAG140_MAG140_MAG140_97_52,0.0,EX01,MAG140
MAG140_MAG140_MAG140_97_53,13.26180369,EX01,MAG140
MAG140_MAG140_MAG140_97_54,5.093645452,EX01,MAG140
MAG140_MAG140_MAG140_97_55,3.84851648,EX01,MAG140
MAG140_MAG140_MAG140_97_56,0.0,EX01,MAG140
MAG140_MAG140_MAG140_97_57,0.0,EX01,MAG140
MAG140_MAG140_MAG140_97_58,0.69946856,EX01,MAG140
MAG140_MAG140_MAG140_97_59,4.20533078,EX01,MAG140
MAG140_MAG140_MAG140_97_6,6.076487874,EX01,MAG140
MAG140_MAG140_MAG140_97_60,4.165954658,EX01,MAG140
MAG140_MAG140_MAG140_97_61,6.634978912,EX01,MAG140
MAG140_MAG140_MAG140_97_62,0.0,EX01,MAG140
MAG140_MAG140_MAG140_97_63,9.243304377,EX01,MAG140
MAG140_MAG140_MAG140_97_64,1.609414254,EX01,MAG140
MAG140_MAG140_MAG140_97_65,6.302113409,EX01,MAG140
MAG140_MAG140_MAG140_97_66,5.257379406,EX01,MAG140
MAG140_MAG140_MAG140_97_67,12.88017059,EX01,MAG140
MAG140_MAG140_MAG140_97_68,1.997162638,EX01,MAG140
MAG140_MAG140_MAG140_97_69,8.684993062,EX01,MAG140
MAG140_MAG140_MAG140_97_7,0.0,EX01,MAG140
MAG140_MAG140_MAG140_97_70,4.202093982,EX01,MAG140
MAG140_MAG140_MAG140_97_71,6.93740138,EX01,MAG140
MAG140_MAG140_MAG140_97_72,8.517070701,EX01,MAG140
MAG140_MAG140_MAG140_97_73,6.989350379,EX01,MAG140
MAG140_MAG140_MAG140_97_74,0.0,EX01,MAG140
MAG140_MAG140_MAG140_97_75,9.37272838,EX01,MAG140
MAG140_MAG140_MAG140_97_76,8.312285343,EX01,MAG140
MAG140_MAG140_MAG140_97_77,0.0,EX01,MAG140
MAG140_MAG140_MAG140_97_78,1.438297885,EX01,MAG140
MAG140_MAG140_MAG140_97_79,2.752192724,EX01,MAG140
MAG140_MAG140_MAG140_97_8,0.0,EX01,MAG140
MAG140_MAG140_MAG140_97_80,0.0,EX01,MAG140
MAG140_MAG140_MAG140_97_9,28.1836137,EX01,MAG140
MAG140_MAG140_MAG140_98_1,0.0,EX01,MAG140
MAG140_MAG140_MAG140_98_10,2.847592059,EX01,MAG140
MAG140_MAG140_MAG140_98_11,3.550914541,EX01,MAG140
MAG140_MAG140_MAG140_98_12,0.0,EX01,MAG140
MAG140_MAG140_MAG140_98_13,4.291550711,EX01,MAG140
MAG140_MAG140_MAG140_98_14,5.158081298,EX01,MAG140
MAG140_MAG140_MAG140_98_15,28.31923511,EX01,MAG140
MAG140_MAG140_MAG140_98_16,7.749559224,EX01,MAG140
MAG140_MAG140_MAG140_98_2,4.659060568,EX01,MAG140
MAG140_MAG140_MAG140_98_3,8.39428162,EX01,MAG140
MAG140_MAG140_MAG140_98_4,1.189156785,EX01,MAG140
MAG140_MAG140_MAG140_98_5,20.42554662,EX01,MAG140
MAG140_MAG140_MAG140_98_6,50.28463288,EX01,MAG140
MAG140_MAG140_MAG140_98_7,13.60015957,EX01,MAG140
MAG140_MAG140_MAG140_98_8,0.0,EX01,MAG140
MAG140_MAG140_MAG140_98_9,4.716224976,EX01,MAG140
MAG140_MAG140_MAG140_99_1,102.3614508,EX01,MAG140
MAG140_MAG140_MAG140_99_10,5.299855448,EX01,MAG140
MAG140_MAG140_MAG140_99_11,14.24526528,EX01,MAG140
MAG140_MAG140_MAG140_99_12,13.31207089,EX01,MAG140
MAG140_MAG140_MAG140_99_13,0.0,EX01,MAG140
MAG140_MAG140_MAG140_99_14,0.0,EX01,MAG140
MAG140_MAG140_MAG140_99_15,1.0352281,EX01,MAG140
MAG140_MAG140_MAG140_99_16,1.048117803,EX01,MAG140
MAG140_MAG140_MAG140_99_17,0.0,EX01,MAG140
MAG140_MAG140_MAG140_99_18,0.0,EX01,MAG140
MAG140_MAG140_MAG140_99_19,2.96145223,EX01,MAG140
MAG140_MAG140_MAG140_99_2,14.91611488,EX01,MAG140
MAG140_MAG140_MAG140_99_20,4.150785277,EX01,MAG140
MAG140_MAG140_MAG140_99_21,0.0,EX01,MAG140
MAG140_MAG140_MAG140_99_22,0.0,EX01,MAG140
MAG140_MAG140_MAG140_99_23,2.341581865,EX01,MAG140
MAG140_MAG140_MAG140_99_24,1.661684422,EX01,MAG140
MAG140_MAG140_MAG140_99_25,10.24503436,EX01,MAG140
MAG140_MAG140_MAG140_99_26,18.20150947,EX01,MAG140
MAG140_MAG140_MAG140_99_27,0.0,EX01,MAG140
MAG140_MAG140_MAG140_99_3,0.0,EX01,MAG140
MAG140_MAG140_MAG140_99_4,14.80378217,EX01,MAG140
MAG140_MAG140_MAG140_99_5,0.0,EX01,MAG140
MAG140_MAG140_MAG140_99_6,1.676694348,EX01,MAG140
MAG140_MAG140_MAG140_99_7,0.0,EX01,MAG140
MAG140_MAG140_MAG140_99_8,0.0,EX01,MAG140
MAG140_MAG140_MAG140_99_9,0.0,EX01,MAG140
MAG140_MAG140_MAG140_9_1,1.067021751,EX01,MAG140
MAG140_MAG140_MAG140_9_10,6.891048547,EX01,MAG140
MAG140_MAG140_MAG140_9_11,2.739370492,EX01,MAG140
MAG140_MAG140_MAG140_9_12,1.795145651,EX01,MAG140
MAG140_MAG140_MAG140_9_2,15.95977641,EX01,MAG140
MAG140_MAG140_MAG140_9_3,0.0,EX01,MAG140
MAG140_MAG140_MAG140_9_4,8.517879191,EX01,MAG140
MAG140_MAG140_MAG140_9_5,6.379219603,EX01,MAG140
MAG140_MAG140_MAG140_9_6,13.28565886,EX01,MAG140
MAG140_MAG140_MAG140_9_7,0.0,EX01,MAG140
MAG140_MAG140_MAG140_9_8,0.0,EX01,MAG140
MAG140_MAG140_MAG140_9_9,0.0,EX01,MAG140
MAG016_MAG016_MAG016_10_1,0.0,EX01,MAG016
MAG016_MAG016_MAG016_10_10,0.0,EX01,MAG016
MAG016_MAG016_MAG016_10_100,0.0,EX01,MAG016
MAG016_MAG016_MAG016_10_101,0.0,EX01,MAG016
MAG016_MAG016_MAG016_10_102,2.878754797,EX01,MAG016
MAG016_MAG016_MAG016_10_103,0.525764214,EX01,MAG016
MAG016_MAG016_MAG016_10_104,0.138653994,EX01,MAG016
MAG016_MAG016_MAG016_10_105,0.20394532,EX01,MAG016
MAG016_MAG016_MAG016_10_106,8.691669869,EX01,MAG016
MAG016_MAG016_MAG016_10_107,4.663244953,EX01,MAG016
MAG016_MAG016_MAG016_10_108,7.15379099,EX01,MAG016
MAG016_MAG016_MAG016_10_109,1.960605446,EX01,MAG016
MAG016_MAG016_MAG016_10_11,0.657308946,EX01,MAG016
MAG016_MAG016_MAG016_10_110,5.118320323,EX01,MAG016
MAG016_MAG016_MAG016_10_111,3.215052183,EX01,MAG016
MAG016_MAG016_MAG016_10_112,2.232595867,EX01,MAG016
MAG016_MAG016_MAG016_10_113,3.545712125,EX01,MAG016
MAG016_MAG016_MAG016_10_114,1.415809325,EX01,MAG016
MAG016_MAG016_MAG016_10_115,6.698625638,EX01,MAG016
MAG016_MAG016_MAG016_10_116,6.858693792,EX01,MAG016
MAG016_MAG016_MAG016_10_117,0.561145353,EX01,MAG016
MAG016_MAG016_MAG016_10_118,0.0,EX01,MAG016
MAG016_MAG016_MAG016_10_119,0.0,EX01,MAG016
MAG016_MAG016_MAG016_10_12,2.856804889,EX01,MAG016
MAG016_MAG016_MAG016_10_120,0.0,EX01,MAG016
MAG016_MAG016_MAG016_10_121,0.414633986,EX01,MAG016
MAG016_MAG016_MAG016_10_122,0.516010573,EX01,MAG016
MAG016_MAG016_MAG016_10_123,0.0,EX01,MAG016
MAG016_MAG016_MAG016_10_124,0.6257602,EX01,MAG016
MAG016_MAG016_MAG016_10_125,1.784561717,EX01,MAG016
MAG016_MAG016_MAG016_10_126,8.445524296,EX01,MAG016
MAG016_MAG016_MAG016_10_127,1.799016412,EX01,MAG016
MAG016_MAG016_MAG016_10_128,0.0,EX01,MAG016
MAG016_MAG016_MAG016_10_129,0.0,EX01,MAG016
MAG016_MAG016_MAG016_10_13,0.0,EX01,MAG016
MAG016_MAG016_MAG016_10_130,0.0,EX01,MAG016
MAG016_MAG016_MAG016_10_131,0.27780002,EX01,MAG016
MAG016_MAG016_MAG016_10_132,9.036988868,EX01,MAG016
MAG016_MAG016_MAG016_10_133,0.123341021,EX01,MAG016
MAG016_MAG016_MAG016_10_134,0.204367768,EX01,MAG016
MAG016_MAG016_MAG016_10_135,0.0,EX01,MAG016
MAG016_MAG016_MAG016_10_136,0.0,EX01,MAG016
MAG016_MAG016_MAG016_10_137,0.712655043,EX01,MAG016
MAG016_MAG016_MAG016_10_138,0.0,EX01,MAG016
MAG016_MAG016_MAG016_10_139,0.0,EX01,MAG016
MAG016_MAG016_MAG016_10_14,0.0,EX01,MAG016
MAG016_MAG016_MAG016_10_140,0.466298384,EX01,MAG016
MAG016_MAG016_MAG016_10_141,0.0,EX01,MAG016
MAG016_MAG016_MAG016_10_142,0.0,EX01,MAG016
MAG016_MAG016_MAG016_10_143,0.515886795,EX01,MAG016
MAG016_MAG016_MAG016_10_144,0.607225304,EX01,MAG016
MAG016_MAG016_MAG016_10_145,0.0,EX01,MAG016
MAG016_MAG016_MAG016_10_146,0.0,EX01,MAG016
MAG016_MAG016_MAG016_10_147,0.0,EX01,MAG016
MAG016_MAG016_MAG016_10_148,0.0,EX01,MAG016
MAG016_MAG016_MAG016_10_149,2.003121686,EX01,MAG016
MAG016_MAG016_MAG016_10_15,2.286013398,EX01,MAG016
MAG016_MAG016_MAG016_10_150,0.0,EX01,MAG016
MAG016_MAG016_MAG016_10_151,0.014777172,EX01,MAG016
MAG016_MAG016_MAG016_10_152,1.312455675,EX01,MAG016
MAG016_MAG016_MAG016_10_153,0.0,EX01,MAG016
MAG016_MAG016_MAG016_10_154,3.510733619,EX01,MAG016
MAG016_MAG016_MAG016_10_155,1.040230511,EX01,MAG016
MAG016_MAG016_MAG016_10_156,0.681221834,EX01,MAG016
MAG016_MAG016_MAG016_10_157,1.518810251,EX01,MAG016
MAG016_MAG016_MAG016_10_158,9.806045759,EX01,MAG016
MAG016_MAG016_MAG016_10_159,3.884514513,EX01,MAG016
MAG016_MAG016_MAG016_10_16,0.0,EX01,MAG016
MAG016_MAG016_MAG016_10_160,1.873502971,EX01,MAG016
MAG016_MAG016_MAG016_10_161,0.0,EX01,MAG016
MAG016_MAG016_MAG016_10_162,0.398276937,EX01,MAG016
MAG016_MAG016_MAG016_10_163,0.485673791,EX01,MAG016
MAG016_MAG016_MAG016_10_164,0.0,EX01,MAG016
MAG016_MAG016_MAG016_10_165,4.462058913,EX01,MAG016
MAG016_MAG016_MAG016_10_166,1.006167678,EX01,MAG016
MAG016_MAG016_MAG016_10_167,0.0,EX01,MAG016
MAG016_MAG016_MAG016_10_168,28.16001753,EX01,MAG016
MAG016_MAG016_MAG016_10_169,0.0,EX01,MAG016
MAG016_MAG016_MAG016_10_17,0.0,EX01,MAG016
MAG016_MAG016_MAG016_10_170,0.511723435,EX01,MAG016
MAG016_MAG016_MAG016_10_171,0.0,EX01,MAG016
MAG016_MAG016_MAG016_10_172,0.0,EX01,MAG016
MAG016_MAG016_MAG016_10_173,17.15529109,EX01,MAG016
MAG016_MAG016_MAG016_10_174,26.35078867,EX01,MAG016
MAG016_MAG016_MAG016_10_175,20.98791884,EX01,MAG016
MAG016_MAG016_MAG016_10_176,4.353002672,EX01,MAG016
MAG016_MAG016_MAG016_10_177,18.19070517,EX01,MAG016
MAG016_MAG016_MAG016_10_178,7.568306085,EX01,MAG016
MAG016_MAG016_MAG016_10_179,0.566827744,EX01,MAG016
MAG016_MAG016_MAG016_10_18,0.421110256,EX01,MAG016
MAG016_MAG016_MAG016_10_180,4.500108393,EX01,MAG016
MAG016_MAG016_MAG016_10_181,0.443251895,EX01,MAG016
MAG016_MAG016_MAG016_10_182,0.157003188,EX01,MAG016
MAG016_MAG016_MAG016_10_183,0.998881573,EX01,MAG016
MAG016_MAG016_MAG016_10_184,0.049033247,EX01,MAG016
MAG016_MAG016_MAG016_10_185,2.0842452,EX01,MAG016
MAG016_MAG016_MAG016_10_186,0.415017007,EX01,MAG016
MAG016_MAG016_MAG016_10_187,0.786982909,EX01,MAG016
MAG016_MAG016_MAG016_10_188,0.0,EX01,MAG016
MAG016_MAG016_MAG016_10_189,0.0,EX01,MAG016
MAG016_MAG016_MAG016_10_19,0.68905428,EX01,MAG016
MAG016_MAG016_MAG016_10_190,0.015855131,EX01,MAG016
MAG016_MAG016_MAG016_10_191,0.008136843,EX01,MAG016
MAG016_MAG016_MAG016_10_192,0.087937429,EX01,MAG016
MAG016_MAG016_MAG016_10_193,0.220402009,EX01,MAG016
MAG016_MAG016_MAG016_10_2,0.199776313,EX01,MAG016
MAG016_MAG016_MAG016_10_20,0.0,EX01,MAG016
MAG016_MAG016_MAG016_10_21,0.849940066,EX01,MAG016
MAG016_MAG016_MAG016_10_22,0.941487289,EX01,MAG016
MAG016_MAG016_MAG016_10_23,13.59141779,EX01,MAG016
MAG016_MAG016_MAG016_10_24,0.0,EX01,MAG016
MAG016_MAG016_MAG016_10_25,2.683230145,EX01,MAG016
MAG016_MAG016_MAG016_10_26,1.703067259,EX01,MAG016
MAG016_MAG016_MAG016_10_27,1.340309685,EX01,MAG016
MAG016_MAG016_MAG016_10_28,1.654939562,EX01,MAG016
MAG016_MAG016_MAG016_10_29,2.646497119,EX01,MAG016
MAG016_MAG016_MAG016_10_3,0.0,EX01,MAG016
MAG016_MAG016_MAG016_10_30,9.006568333,EX01,MAG016
MAG016_MAG016_MAG016_10_31,0.4970505,EX01,MAG016
MAG016_MAG016_MAG016_10_32,0.0,EX01,MAG016
MAG016_MAG016_MAG016_10_33,0.814720961,EX01,MAG016
MAG016_MAG016_MAG016_10_34,0.0,EX01,MAG016
MAG016_MAG016_MAG016_10_35,0.016805401,EX01,MAG016
MAG016_MAG016_MAG016_10_36,0.869830913,EX01,MAG016
MAG016_MAG016_MAG016_10_37,0.365192765,EX01,MAG016
MAG016_MAG016_MAG016_10_38,6.445714247,EX01,MAG016
MAG016_MAG016_MAG016_10_39,5.028241729,EX01,MAG016
MAG016_MAG016_MAG016_10_4,0.948669428,EX01,MAG016
MAG016_MAG016_MAG016_10_40,0.002823207,EX01,MAG016
MAG016_MAG016_MAG016_10_41,0.004928971,EX01,MAG016
MAG016_MAG016_MAG016_10_42,0.00200969,EX01,MAG016
MAG016_MAG016_MAG016_10_43,0.0,EX01,MAG016
MAG016_MAG016_MAG016_10_44,0.0,EX01,MAG016
MAG016_MAG016_MAG016_10_45,0.0,EX01,MAG016
MAG016_MAG016_MAG016_10_46,0.0,EX01,MAG016
MAG016_MAG016_MAG016_10_47,0.293518906,EX01,MAG016
MAG016_MAG016_MAG016_10_48,0.020913789,EX01,MAG016
MAG016_MAG016_MAG016_10_49,2.868675212,EX01,MAG016
MAG016_MAG016_MAG016_10_5,6.018799094,EX01,MAG016
MAG016_MAG016_MAG016_10_50,0.29337235,EX01,MAG016
MAG016_MAG016_MAG016_10_51,0.0,EX01,MAG016
MAG016_MAG016_MAG016_10_52,0.0,EX01,MAG016
MAG016_MAG016_MAG016_10_53,0.0,EX01,MAG016
MAG016_MAG016_MAG016_10_54,0.063458666,EX01,MAG016
MAG016_MAG016_MAG016_10_55,1.839467642,EX01,MAG016
MAG016_MAG016_MAG016_10_56,0.658257716,EX01,MAG016
MAG016_MAG016_MAG016_10_57,0.0,EX01,MAG016
MAG016_MAG016_MAG016_10_58,0.130179197,EX01,MAG016
MAG016_MAG016_MAG016_10_59,0.0,EX01,MAG016
MAG016_MAG016_MAG016_10_6,0.0,EX01,MAG016
MAG016_MAG016_MAG016_10_60,0.375312657,EX01,MAG016
MAG016_MAG016_MAG016_10_61,12.71778036,EX01,MAG016
MAG016_MAG016_MAG016_10_62,0.149645307,EX01,MAG016
MAG016_MAG016_MAG016_10_63,6.395545126,EX01,MAG016
MAG016_MAG016_MAG016_10_64,6.71577325,EX01,MAG016
MAG016_MAG016_MAG016_10_65,0.0,EX01,MAG016
MAG016_MAG016_MAG016_10_66,0.087121347,EX01,MAG016
MAG016_MAG016_MAG016_10_67,0.257062761,EX01,MAG016
MAG016_MAG016_MAG016_10_68,0.204693381,EX01,MAG016
MAG016_MAG016_MAG016_10_69,0.993330387,EX01,MAG016
MAG016_MAG016_MAG016_10_7,0.0,EX01,MAG016
MAG016_MAG016_MAG016_10_70,0.520532558,EX01,MAG016
MAG016_MAG016_MAG016_10_71,0.848905582,EX01,MAG016
MAG016_MAG016_MAG016_10_72,1.146456242,EX01,MAG016
MAG016_MAG016_MAG016_10_73,0.120237813,EX01,MAG016
MAG016_MAG016_MAG016_10_74,0.0,EX01,MAG016
MAG016_MAG016_MAG016_10_75,0.41566292,EX01,MAG016
MAG016_MAG016_MAG016_10_76,0.0,EX01,MAG016
MAG016_MAG016_MAG016_10_77,1.877777841,EX01,MAG016
MAG016_MAG016_MAG016_10_78,0.0,EX01,MAG016
MAG016_MAG016_MAG016_10_79,13.15582692,EX01,MAG016
MAG016_MAG016_MAG016_10_8,0.030778013,EX01,MAG016
MAG016_MAG016_MAG016_10_80,3.504829031,EX01,MAG016
MAG016_MAG016_MAG016_10_81,3.110343497,EX01,MAG016
MAG016_MAG016_MAG016_10_82,1.215420802,EX01,MAG016
MAG016_MAG016_MAG016_10_83,0.541986245,EX01,MAG016
MAG016_MAG016_MAG016_10_84,0.428521527,EX01,MAG016
MAG016_MAG016_MAG016_10_85,0.635065604,EX01,MAG016
MAG016_MAG016_MAG016_10_86,0.924096478,EX01,MAG016
MAG016_MAG016_MAG016_10_87,1.695811623,EX01,MAG016
MAG016_MAG016_MAG016_10_88,2.181112819,EX01,MAG016
MAG016_MAG016_MAG016_10_89,0.0,EX01,MAG016
MAG016_MAG016_MAG016_10_9,0.401396926,EX01,MAG016
MAG016_MAG016_MAG016_10_90,3.099957638,EX01,MAG016
MAG016_MAG016_MAG016_10_91,0.384432279,EX01,MAG016
MAG016_MAG016_MAG016_10_92,0.008634845,EX01,MAG016
MAG016_MAG016_MAG016_10_93,0.36409339,EX01,MAG016
MAG016_MAG016_MAG016_10_94,0.517331596,EX01,MAG016
MAG016_MAG016_MAG016_10_95,0.0,EX01,MAG016
MAG016_MAG016_MAG016_10_96,0.0,EX01,MAG016
MAG016_MAG016_MAG016_10_97,0.0,EX01,MAG016
MAG016_MAG016_MAG016_10_98,0.0,EX01,MAG016
MAG016_MAG016_MAG016_10_99,2.022324531,EX01,MAG016
MAG016_MAG016_MAG016_11_1,0.0,EX01,MAG016
MAG016_MAG016_MAG016_11_10,2.094400602,EX01,MAG016
MAG016_MAG016_MAG016_11_100,2.386181046,EX01,MAG016
MAG016_MAG016_MAG016_11_101,8.851003988,EX01,MAG016
MAG016_MAG016_MAG016_11_102,0.0,EX01,MAG016
MAG016_MAG016_MAG016_11_103,1.650957998,EX01,MAG016
MAG016_MAG016_MAG016_11_104,2.366226133,EX01,MAG016
MAG016_MAG016_MAG016_11_105,0.0,EX01,MAG016
MAG016_MAG016_MAG016_11_106,1.054623136,EX01,MAG016
MAG016_MAG016_MAG016_11_107,1.186074227,EX01,MAG016
MAG016_MAG016_MAG016_11_108,5.462851948,EX01,MAG016
MAG016_MAG016_MAG016_11_109,0.632343929,EX01,MAG016
MAG016_MAG016_MAG016_11_11,2.26348086,EX01,MAG016
MAG016_MAG016_MAG016_11_110,0.0,EX01,MAG016
MAG016_MAG016_MAG016_11_111,0.0,EX01,MAG016
MAG016_MAG016_MAG016_11_112,0.028460937,EX01,MAG016
MAG016_MAG016_MAG016_11_113,0.530099874,EX01,MAG016
MAG016_MAG016_MAG016_11_114,0.399552623,EX01,MAG016
MAG016_MAG016_MAG016_11_115,0.0,EX01,MAG016
MAG016_MAG016_MAG016_11_116,0.672563198,EX01,MAG016
MAG016_MAG016_MAG016_11_117,0.10919239,EX01,MAG016
MAG016_MAG016_MAG016_11_118,0.0,EX01,MAG016
MAG016_MAG016_MAG016_11_119,0.204307184,EX01,MAG016
MAG016_MAG016_MAG016_11_12,0.0,EX01,MAG016
MAG016_MAG016_MAG016_11_120,0.613057471,EX01,MAG016
MAG016_MAG016_MAG016_11_121,4.947971458,EX01,MAG016
MAG016_MAG016_MAG016_11_13,1.012917416,EX01,MAG016
MAG016_MAG016_MAG016_11_14,0.0,EX01,MAG016
MAG016_MAG016_MAG016_11_15,0.0,EX01,MAG016
MAG016_MAG016_MAG016_11_16,0.054458627,EX01,MAG016
MAG016_MAG016_MAG016_11_17,0.0,EX01,MAG016
MAG016_MAG016_MAG016_11_18,2.977070984,EX01,MAG016
MAG016_MAG016_MAG016_11_19,1.579656249,EX01,MAG016
MAG016_MAG016_MAG016_11_2,3.972347085,EX01,MAG016
MAG016_MAG016_MAG016_11_20,7.136771538,EX01,MAG016
MAG016_MAG016_MAG016_11_21,0.0,EX01,MAG016
MAG016_MAG016_MAG016_11_22,6.817152771,EX01,MAG016
MAG016_MAG016_MAG016_11_23,0.0,EX01,MAG016
MAG016_MAG016_MAG016_11_24,5.085824748,EX01,MAG016
MAG016_MAG016_MAG016_11_25,2.182496324,EX01,MAG016
MAG016_MAG016_MAG016_11_26,1.903943301,EX01,MAG016
MAG016_MAG016_MAG016_11_27,0.745317542,EX01,MAG016
MAG016_MAG016_MAG016_11_28,0.430495056,EX01,MAG016
MAG016_MAG016_MAG016_11_29,6.116846902,EX01,MAG016
MAG016_MAG016_MAG016_11_3,4.641594375,EX01,MAG016
MAG016_MAG016_MAG016_11_30,1.519259693,EX01,MAG016
MAG016_MAG016_MAG016_11_31,0.889887861,EX01,MAG016
MAG016_MAG016_MAG016_11_32,0.0,EX01,MAG016
MAG016_MAG016_MAG016_11_33,0.181614833,EX01,MAG016
MAG016_MAG016_MAG016_11_34,0.009719796,EX01,MAG016
MAG016_MAG016_MAG016_11_35,0.0,EX01,MAG016
MAG016_MAG016_MAG016_11_36,0.0,EX01,MAG016
MAG016_MAG016_MAG016_11_37,0.0,EX01,MAG016
MAG016_MAG016_MAG016_11_38,0.0,EX01,MAG016
MAG016_MAG016_MAG016_11_39,0.0,EX01,MAG016
MAG016_MAG016_MAG016_11_4,0.04380296,EX01,MAG016
MAG016_MAG016_MAG016_11_40,6.003667875,EX01,MAG016
MAG016_MAG016_MAG016_11_41,0.0300189,EX01,MAG016
MAG016_MAG016_MAG016_11_42,0.016844438,EX01,MAG016
MAG016_MAG016_MAG016_11_43,0.121451032,EX01,MAG016
MAG016_MAG016_MAG016_11_44,0.0,EX01,MAG016
MAG016_MAG016_MAG016_11_45,0.0,EX01,MAG016
MAG016_MAG016_MAG016_11_46,0.188405295,EX01,MAG016
MAG016_MAG016_MAG016_11_47,0.006601576,EX01,MAG016
MAG016_MAG016_MAG016_11_48,0.0,EX01,MAG016
MAG016_MAG016_MAG016_11_49,0.0,EX01,MAG016
MAG016_MAG016_MAG016_11_5,6.959529039,EX01,MAG016
MAG016_MAG016_MAG016_11_50,0.0,EX01,MAG016
MAG016_MAG016_MAG016_11_51,0.0,EX01,MAG016
MAG016_MAG016_MAG016_11_52,1.018688844,EX01,MAG016
MAG016_MAG016_MAG016_11_53,5.837325759,EX01,MAG016
MAG016_MAG016_MAG016_11_54,3.836243982,EX01,MAG016
MAG016_MAG016_MAG016_11_55,0.0,EX01,MAG016
MAG016_MAG016_MAG016_11_56,0.545228805,EX01,MAG016
MAG016_MAG016_MAG016_11_57,0.512756639,EX01,MAG016
MAG016_MAG016_MAG016_11_58,0.775787099,EX01,MAG016
MAG016_MAG016_MAG016_11_59,21.28107102,EX01,MAG016
MAG016_MAG016_MAG016_11_6,4.552057568,EX01,MAG016
MAG016_MAG016_MAG016_11_60,0.0,EX01,MAG016
MAG016_MAG016_MAG016_11_61,3.658270933,EX01,MAG016
MAG016_MAG016_MAG016_11_62,1.047426302,EX01,MAG016
MAG016_MAG016_MAG016_11_63,0.006694819,EX01,MAG016
MAG016_MAG016_MAG016_11_64,0.0,EX01,MAG016
MAG016_MAG016_MAG016_11_65,0.0,EX01,MAG016
MAG016_MAG016_MAG016_11_66,0.0,EX01,MAG016
MAG016_MAG016_MAG016_11_67,0.0,EX01,MAG016
MAG016_MAG016_MAG016_11_68,0.0,EX01,MAG016
MAG016_MAG016_MAG016_11_69,0.0,EX01,MAG016
MAG016_MAG016_MAG016_11_7,4.397357941,EX01,MAG016
MAG016_MAG016_MAG016_11_70,0.0,EX01,MAG016
MAG016_MAG016_MAG016_11_71,0.0,EX01,MAG016
MAG016_MAG016_MAG016_11_72,0.0,EX01,MAG016
MAG016_MAG016_MAG016_11_73,0.499557079,EX01,MAG016
MAG016_MAG016_MAG016_11_74,6.929917917,EX01,MAG016
MAG016_MAG016_MAG016_11_75,0.0,EX01,MAG016
MAG016_MAG016_MAG016_11_76,18.84918526,EX01,MAG016
MAG016_MAG016_MAG016_11_77,141.694387,EX01,MAG016
MAG016_MAG016_MAG016_11_78,0.0,EX01,MAG016
MAG016_MAG016_MAG016_11_79,0.802198148,EX01,MAG016
MAG016_MAG016_MAG016_11_8,1.038868369,EX01,MAG016
MAG016_MAG016_MAG016_11_80,1.033108646,EX01,MAG016
MAG016_MAG016_MAG016_11_81,2.581474386,EX01,MAG016
MAG016_MAG016_MAG016_11_82,1.38230894,EX01,MAG016
MAG016_MAG016_MAG016_11_83,0.86575977,EX01,MAG016
MAG016_MAG016_MAG016_11_84,1.194832519,EX01,MAG016
MAG016_MAG016_MAG016_11_85,13.9894617,EX01,MAG016
MAG016_MAG016_MAG016_11_86,0.0,EX01,MAG016
MAG016_MAG016_MAG016_11_87,1.845792546,EX01,MAG016
MAG016_MAG016_MAG016_11_88,0.0,EX01,MAG016
MAG016_MAG016_MAG016_11_89,17.3481889,EX01,MAG016
MAG016_MAG016_MAG016_11_9,0.0,EX01,MAG016
MAG016_MAG016_MAG016_11_90,1.228416378,EX01,MAG016
MAG016_MAG016_MAG016_11_91,15.98906678,EX01,MAG016
MAG016_MAG016_MAG016_11_92,1.53257088,EX01,MAG016
MAG016_MAG016_MAG016_11_93,3.498361748,EX01,MAG016
MAG016_MAG016_MAG016_11_94,0.251813006,EX01,MAG016
MAG016_MAG016_MAG016_11_95,1.698787816,EX01,MAG016
MAG016_MAG016_MAG016_11_96,2.694188193,EX01,MAG016
MAG016_MAG016_MAG016_11_97,0.0,EX01,MAG016
MAG016_MAG016_MAG016_11_98,0.0,EX01,MAG016
MAG016_MAG016_MAG016_11_99,0.007115694,EX01,MAG016
MAG016_MAG016_MAG016_12_1,0.822565785,EX01,MAG016
MAG016_MAG016_MAG016_12_10,0.030240618,EX01,MAG016
MAG016_MAG016_MAG016_12_11,0.0,EX01,MAG016
MAG016_MAG016_MAG016_12_12,0.0,EX01,MAG016
MAG016_MAG016_MAG016_12_13,2.062573387,EX01,MAG016
MAG016_MAG016_MAG016_12_14,8.38601107,EX01,MAG016
MAG016_MAG016_MAG016_12_15,0.351806686,EX01,MAG016
MAG016_MAG016_MAG016_12_16,6.341614973,EX01,MAG016
MAG016_MAG016_MAG016_12_17,7.079496247,EX01,MAG016
MAG016_MAG016_MAG016_12_18,3.837616203,EX01,MAG016
MAG016_MAG016_MAG016_12_19,6.276574826,EX01,MAG016
MAG016_MAG016_MAG016_12_2,0.0,EX01,MAG016
MAG016_MAG016_MAG016_12_20,3.064652142,EX01,MAG016
MAG016_MAG016_MAG016_12_21,0.0,EX01,MAG016
MAG016_MAG016_MAG016_12_22,0.016091987,EX01,MAG016
MAG016_MAG016_MAG016_12_23,0.0,EX01,MAG016
MAG016_MAG016_MAG016_12_24,0.0,EX01,MAG016
MAG016_MAG016_MAG016_12_25,0.0,EX01,MAG016
MAG016_MAG016_MAG016_12_26,0.0,EX01,MAG016
MAG016_MAG016_MAG016_12_27,1.649590652,EX01,MAG016
MAG016_MAG016_MAG016_12_28,0.0,EX01,MAG016
MAG016_MAG016_MAG016_12_29,0.659140696,EX01,MAG016
MAG016_MAG016_MAG016_12_3,0.693215893,EX01,MAG016
MAG016_MAG016_MAG016_12_30,0.0,EX01,MAG016
MAG016_MAG016_MAG016_12_31,0.0,EX01,MAG016
MAG016_MAG016_MAG016_12_32,24.02256539,EX01,MAG016
MAG016_MAG016_MAG016_12_33,0.663038354,EX01,MAG016
MAG016_MAG016_MAG016_12_34,0.0,EX01,MAG016
MAG016_MAG016_MAG016_12_35,1.41039292,EX01,MAG016
MAG016_MAG016_MAG016_12_36,0.0,EX01,MAG016
MAG016_MAG016_MAG016_12_37,0.0,EX01,MAG016
MAG016_MAG016_MAG016_12_38,0.0,EX01,MAG016
MAG016_MAG016_MAG016_12_39,0.0,EX01,MAG016
MAG016_MAG016_MAG016_12_4,0.0,EX01,MAG016
MAG016_MAG016_MAG016_12_40,9.527803665,EX01,MAG016
MAG016_MAG016_MAG016_12_41,0.651214199,EX01,MAG016
MAG016_MAG016_MAG016_12_42,1.340499617,EX01,MAG016
MAG016_MAG016_MAG016_12_43,0.137560417,EX01,MAG016
MAG016_MAG016_MAG016_12_44,0.0,EX01,MAG016
MAG016_MAG016_MAG016_12_45,0.0,EX01,MAG016
MAG016_MAG016_MAG016_12_46,1.368284981,EX01,MAG016
MAG016_MAG016_MAG016_12_5,0.0,EX01,MAG016
MAG016_MAG016_MAG016_12_6,0.0,EX01,MAG016
MAG016_MAG016_MAG016_12_7,0.057679964,EX01,MAG016
MAG016_MAG016_MAG016_12_8,0.0,EX01,MAG016
MAG016_MAG016_MAG016_12_9,0.368702584,EX01,MAG016
MAG016_MAG016_MAG016_13_1,0.946011618,EX01,MAG016
MAG016_MAG016_MAG016_13_10,0.0,EX01,MAG016
MAG016_MAG016_MAG016_13_11,0.0,EX01,MAG016
MAG016_MAG016_MAG016_13_12,0.003676371,EX01,MAG016
MAG016_MAG016_MAG016_13_2,0.0,EX01,MAG016
MAG016_MAG016_MAG016_13_3,0.0,EX01,MAG016
MAG016_MAG016_MAG016_13_4,0.0,EX01,MAG016
MAG016_MAG016_MAG016_13_5,0.0,EX01,MAG016
MAG016_MAG016_MAG016_13_6,0.0,EX01,MAG016
MAG016_MAG016_MAG016_13_7,0.0,EX01,MAG016
MAG016_MAG016_MAG016_13_8,0.0,EX01,MAG016
MAG016_MAG016_MAG016_13_9,0.06236622,EX01,MAG016
MAG016_MAG016_MAG016_14_1,0.0,EX01,MAG016
MAG016_MAG016_MAG016_14_10,0.0,EX01,MAG016
MAG016_MAG016_MAG016_14_11,0.009183919,EX01,MAG016
MAG016_MAG016_MAG016_14_2,0.0,EX01,MAG016
MAG016_MAG016_MAG016_14_3,0.0,EX01,MAG016
MAG016_MAG016_MAG016_14_4,0.0,EX01,MAG016
MAG016_MAG016_MAG016_14_5,0.066270512,EX01,MAG016
MAG016_MAG016_MAG016_14_6,0.0,EX01,MAG016
MAG016_MAG016_MAG016_14_7,0.0,EX01,MAG016
MAG016_MAG016_MAG016_14_8,0.0,EX01,MAG016
MAG016_MAG016_MAG016_14_9,0.0,EX01,MAG016
MAG016_MAG016_MAG016_15_1,0.0,EX01,MAG016
MAG016_MAG016_MAG016_15_10,0.0,EX01,MAG016
MAG016_MAG016_MAG016_15_11,9.366565465,EX01,MAG016
MAG016_MAG016_MAG016_15_12,3.264200553,EX01,MAG016
MAG016_MAG016_MAG016_15_13,1.953128889,EX01,MAG016
MAG016_MAG016_MAG016_15_14,0.0,EX01,MAG016
MAG016_MAG016_MAG016_15_15,1.838222662,EX01,MAG016
MAG016_MAG016_MAG016_15_16,0.0,EX01,MAG016
MAG016_MAG016_MAG016_15_17,5.596237653,EX01,MAG016
MAG016_MAG016_MAG016_15_18,0.0,EX01,MAG016
MAG016_MAG016_MAG016_15_19,0.0,EX01,MAG016
MAG016_MAG016_MAG016_15_2,0.0,EX01,MAG016
MAG016_MAG016_MAG016_15_20,0.0,EX01,MAG016
MAG016_MAG016_MAG016_15_21,0.0,EX01,MAG016
MAG016_MAG016_MAG016_15_22,0.0,EX01,MAG016
MAG016_MAG016_MAG016_15_23,6.058642793,EX01,MAG016
MAG016_MAG016_MAG016_15_24,0.537888665,EX01,MAG016
MAG016_MAG016_MAG016_15_25,1.138856481,EX01,MAG016
MAG016_MAG016_MAG016_15_26,0.042190137,EX01,MAG016
MAG016_MAG016_MAG016_15_27,0.0,EX01,MAG016
MAG016_MAG016_MAG016_15_28,0.0,EX01,MAG016
MAG016_MAG016_MAG016_15_29,0.0,EX01,MAG016
MAG016_MAG016_MAG016_15_3,0.0,EX01,MAG016
MAG016_MAG016_MAG016_15_30,0.0,EX01,MAG016
MAG016_MAG016_MAG016_15_31,0.0,EX01,MAG016
MAG016_MAG016_MAG016_15_32,0.142697366,EX01,MAG016
MAG016_MAG016_MAG016_15_33,0.0,EX01,MAG016
MAG016_MAG016_MAG016_15_34,0.0,EX01,MAG016
MAG016_MAG016_MAG016_15_35,0.831037888,EX01,MAG016
MAG016_MAG016_MAG016_15_36,33.50525918,EX01,MAG016
MAG016_MAG016_MAG016_15_37,3.773531537,EX01,MAG016
MAG016_MAG016_MAG016_15_38,2.076398902,EX01,MAG016
MAG016_MAG016_MAG016_15_39,0.0,EX01,MAG016
MAG016_MAG016_MAG016_15_4,0.0,EX01,MAG016
MAG016_MAG016_MAG016_15_40,0.0,EX01,MAG016
MAG016_MAG016_MAG016_15_41,0.0,EX01,MAG016
MAG016_MAG016_MAG016_15_42,0.0,EX01,MAG016
MAG016_MAG016_MAG016_15_43,0.0,EX01,MAG016
MAG016_MAG016_MAG016_15_44,0.0,EX01,MAG016
MAG016_MAG016_MAG016_15_45,0.020301252,EX01,MAG016
MAG016_MAG016_MAG016_15_46,0.0,EX01,MAG016
MAG016_MAG016_MAG016_15_47,0.0,EX01,MAG016
MAG016_MAG016_MAG016_15_48,0.0,EX01,MAG016
MAG016_MAG016_MAG016_15_49,0.0,EX01,MAG016
MAG016_MAG016_MAG016_15_5,0.0,EX01,MAG016
MAG016_MAG016_MAG016_15_50,0.174271557,EX01,MAG016
MAG016_MAG016_MAG016_15_51,0.0,EX01,MAG016
MAG016_MAG016_MAG016_15_52,0.012533055,EX01,MAG016
MAG016_MAG016_MAG016_15_53,0.447411273,EX01,MAG016
MAG016_MAG016_MAG016_15_54,0.469270101,EX01,MAG016
MAG016_MAG016_MAG016_15_55,0.0,EX01,MAG016
MAG016_MAG016_MAG016_15_56,0.41707417,EX01,MAG016
MAG016_MAG016_MAG016_15_57,0.0,EX01,MAG016
MAG016_MAG016_MAG016_15_58,0.0,EX01,MAG016
MAG016_MAG016_MAG016_15_59,0.008443351,EX01,MAG016
MAG016_MAG016_MAG016_15_6,3.816065675,EX01,MAG016
MAG016_MAG016_MAG016_15_60,0.0,EX01,MAG016
MAG016_MAG016_MAG016_15_61,0.0,EX01,MAG016
MAG016_MAG016_MAG016_15_62,0.0,EX01,MAG016
MAG016_MAG016_MAG016_15_63,0.0,EX01,MAG016
MAG016_MAG016_MAG016_15_64,2.223969954,EX01,MAG016
MAG016_MAG016_MAG016_15_65,0.0,EX01,MAG016
MAG016_MAG016_MAG016_15_66,0.0,EX01,MAG016
MAG016_MAG016_MAG016_15_67,0.0,EX01,MAG016
MAG016_MAG016_MAG016_15_68,40.48179979,EX01,MAG016
MAG016_MAG016_MAG016_15_69,9.070047183,EX01,MAG016
MAG016_MAG016_MAG016_15_7,1.339451633,EX01,MAG016
MAG016_MAG016_MAG016_15_70,9.109082132,EX01,MAG016
MAG016_MAG016_MAG016_15_71,3.325450082,EX01,MAG016
MAG016_MAG016_MAG016_15_72,0.008957354,EX01,MAG016
MAG016_MAG016_MAG016_15_73,0.004610756,EX01,MAG016
MAG016_MAG016_MAG016_15_74,1.357581586,EX01,MAG016
MAG016_MAG016_MAG016_15_75,0.0,EX01,MAG016
MAG016_MAG016_MAG016_15_76,2.004803777,EX01,MAG016
MAG016_MAG016_MAG016_15_77,0.032492347,EX01,MAG016
MAG016_MAG016_MAG016_15_78,0.0,EX01,MAG016
MAG016_MAG016_MAG016_15_79,0.0,EX01,MAG016
MAG016_MAG016_MAG016_15_8,0.0,EX01,MAG016
MAG016_MAG016_MAG016_15_80,0.277100477,EX01,MAG016
MAG016_MAG016_MAG016_15_81,0.0,EX01,MAG016
MAG016_MAG016_MAG016_15_82,0.0,EX01,MAG016
MAG016_MAG016_MAG016_15_83,0.0,EX01,MAG016
MAG016_MAG016_MAG016_15_84,246.1881635,EX01,MAG016
MAG016_MAG016_MAG016_15_9,0.0,EX01,MAG016
MAG016_MAG016_MAG016_16_1,2.389422528,EX01,MAG016
MAG016_MAG016_MAG016_16_10,0.735791043,EX01,MAG016
MAG016_MAG016_MAG016_16_11,20.14061025,EX01,MAG016
MAG016_MAG016_MAG016_16_12,2.047107612,EX01,MAG016
MAG016_MAG016_MAG016_16_13,0.0,EX01,MAG016
MAG016_MAG016_MAG016_16_14,0.0,EX01,MAG016
MAG016_MAG016_MAG016_16_15,0.292605922,EX01,MAG016
MAG016_MAG016_MAG016_16_16,0.069248639,EX01,MAG016
MAG016_MAG016_MAG016_16_17,0.998881546,EX01,MAG016
MAG016_MAG016_MAG016_16_18,0.112641232,EX01,MAG016
MAG016_MAG016_MAG016_16_19,0.204512669,EX01,MAG016
MAG016_MAG016_MAG016_16_2,3.721911665,EX01,MAG016
MAG016_MAG016_MAG016_16_20,0.0,EX01,MAG016
MAG016_MAG016_MAG016_16_21,0.0,EX01,MAG016
MAG016_MAG016_MAG016_16_22,0.0,EX01,MAG016
MAG016_MAG016_MAG016_16_23,0.0,EX01,MAG016
MAG016_MAG016_MAG016_16_24,1.844401928,EX01,MAG016
MAG016_MAG016_MAG016_16_25,4.744322527,EX01,MAG016
MAG016_MAG016_MAG016_16_26,2.137194159,EX01,MAG016
MAG016_MAG016_MAG016_16_27,0.415605429,EX01,MAG016
MAG016_MAG016_MAG016_16_28,9.250116253,EX01,MAG016
MAG016_MAG016_MAG016_16_29,1.346252561,EX01,MAG016
MAG016_MAG016_MAG016_16_3,0.0,EX01,MAG016
MAG016_MAG016_MAG016_16_30,0.0,EX01,MAG016
MAG016_MAG016_MAG016_16_31,0.072869319,EX01,MAG016
MAG016_MAG016_MAG016_16_32,0.004830583,EX01,MAG016
MAG016_MAG016_MAG016_16_33,0.20293773,EX01,MAG016
MAG016_MAG016_MAG016_16_34,0.342266465,EX01,MAG016
MAG016_MAG016_MAG016_16_35,0.0,EX01,MAG016
MAG016_MAG016_MAG016_16_36,0.506632504,EX01,MAG016
MAG016_MAG016_MAG016_16_37,0.014715173,EX01,MAG016
MAG016_MAG016_MAG016_16_38,5.019110417,EX01,MAG016
MAG016_MAG016_MAG016_16_39,0.0,EX01,MAG016
MAG016_MAG016_MAG016_16_4,0.0,EX01,MAG016
MAG016_MAG016_MAG016_16_40,0.406874372,EX01,MAG016
MAG016_MAG016_MAG016_16_41,0.0,EX01,MAG016
MAG016_MAG016_MAG016_16_42,0.399020007,EX01,MAG016
MAG016_MAG016_MAG016_16_43,0.0,EX01,MAG016
MAG016_MAG016_MAG016_16_44,0.0,EX01,MAG016
MAG016_MAG016_MAG016_16_45,0.0,EX01,MAG016
MAG016_MAG016_MAG016_16_46,0.0,EX01,MAG016
MAG016_MAG016_MAG016_16_47,0.215754179,EX01,MAG016
MAG016_MAG016_MAG016_16_48,0.0,EX01,MAG016
MAG016_MAG016_MAG016_16_49,0.492262641,EX01,MAG016
MAG016_MAG016_MAG016_16_5,0.0,EX01,MAG016
MAG016_MAG016_MAG016_16_50,0.0,EX01,MAG016
MAG016_MAG016_MAG016_16_51,0.0,EX01,MAG016
MAG016_MAG016_MAG016_16_52,0.0,EX01,MAG016
MAG016_MAG016_MAG016_16_53,0.0,EX01,MAG016
MAG016_MAG016_MAG016_16_54,1.049247687,EX01,MAG016
MAG016_MAG016_MAG016_16_55,0.376101456,EX01,MAG016
MAG016_MAG016_MAG016_16_6,0.0,EX01,MAG016
MAG016_MAG016_MAG016_16_7,0.0,EX01,MAG016
MAG016_MAG016_MAG016_16_8,0.516150137,EX01,MAG016
MAG016_MAG016_MAG016_16_9,0.044596613,EX01,MAG016
MAG016_MAG016_MAG016_17_1,0.0,EX01,MAG016
MAG016_MAG016_MAG016_17_10,0.0,EX01,MAG016
MAG016_MAG016_MAG016_17_11,0.0,EX01,MAG016
MAG016_MAG016_MAG016_17_12,0.0,EX01,MAG016
MAG016_MAG016_MAG016_17_2,0.0,EX01,MAG016
MAG016_MAG016_MAG016_17_3,0.0,EX01,MAG016
MAG016_MAG016_MAG016_17_4,0.0,EX01,MAG016
MAG016_MAG016_MAG016_17_5,3.9804438,EX01,MAG016
MAG016_MAG016_MAG016_17_6,7.117851133,EX01,MAG016
MAG016_MAG016_MAG016_17_7,9.639502316,EX01,MAG016
MAG016_MAG016_MAG016_17_8,0.41878964,EX01,MAG016
MAG016_MAG016_MAG016_17_9,0.0,EX01,MAG016
MAG016_MAG016_MAG016_18_1,0.0,EX01,MAG016
MAG016_MAG016_MAG016_18_10,0.016924129,EX01,MAG016
MAG016_MAG016_MAG016_18_11,0.0,EX01,MAG016
MAG016_MAG016_MAG016_18_12,0.0,EX01,MAG016
MAG016_MAG016_MAG016_18_13,0.002560287,EX01,MAG016
MAG016_MAG016_MAG016_18_14,0.036959433,EX01,MAG016
MAG016_MAG016_MAG016_18_15,0.070892556,EX01,MAG016
MAG016_MAG016_MAG016_18_16,0.677468882,EX01,MAG016
MAG016_MAG016_MAG016_18_17,0.065320602,EX01,MAG016
MAG016_MAG016_MAG016_18_18,0.0,EX01,MAG016
MAG016_MAG016_MAG016_18_19,0.0,EX01,MAG016
MAG016_MAG016_MAG016_18_2,0.07210751,EX01,MAG016
MAG016_MAG016_MAG016_18_20,0.0,EX01,MAG016
MAG016_MAG016_MAG016_18_21,0.0,EX01,MAG016
MAG016_MAG016_MAG016_18_22,0.0,EX01,MAG016
MAG016_MAG016_MAG016_18_23,0.012210021,EX01,MAG016
MAG016_MAG016_MAG016_18_24,0.142697363,EX01,MAG016
MAG016_MAG016_MAG016_18_25,0.991573362,EX01,MAG016
MAG016_MAG016_MAG016_18_3,0.0,EX01,MAG016
MAG016_MAG016_MAG016_18_4,0.0,EX01,MAG016
MAG016_MAG016_MAG016_18_5,0.0,EX01,MAG016
MAG016_MAG016_MAG016_18_6,0.0,EX01,MAG016
MAG016_MAG016_MAG016_18_7,1.656325749,EX01,MAG016
MAG016_MAG016_MAG016_18_8,0.009726531,EX01,MAG016
MAG016_MAG016_MAG016_18_9,0.0,EX01,MAG016
MAG016_MAG016_MAG016_19_1,0.0,EX01,MAG016
MAG016_MAG016_MAG016_19_10,4.744843646,EX01,MAG016
MAG016_MAG016_MAG016_19_100,1.023646086,EX01,MAG016
MAG016_MAG016_MAG016_19_101,0.127698913,EX01,MAG016
MAG016_MAG016_MAG016_19_102,2.161248795,EX01,MAG016
MAG016_MAG016_MAG016_19_103,0.466005181,EX01,MAG016
MAG016_MAG016_MAG016_19_104,0.0,EX01,MAG016
MAG016_MAG016_MAG016_19_105,0.0,EX01,MAG016
MAG016_MAG016_MAG016_19_106,0.0,EX01,MAG016
MAG016_MAG016_MAG016_19_107,0.0,EX01,MAG016
MAG016_MAG016_MAG016_19_108,0.0,EX01,MAG016
MAG016_MAG016_MAG016_19_109,0.0,EX01,MAG016
MAG016_MAG016_MAG016_19_11,1.319381225,EX01,MAG016
MAG016_MAG016_MAG016_19_110,0.003245135,EX01,MAG016
MAG016_MAG016_MAG016_19_111,0.0,EX01,MAG016
MAG016_MAG016_MAG016_19_112,16.06550177,EX01,MAG016
MAG016_MAG016_MAG016_19_113,1.722244495,EX01,MAG016
MAG016_MAG016_MAG016_19_114,0.0,EX01,MAG016
MAG016_MAG016_MAG016_19_115,0.0,EX01,MAG016
MAG016_MAG016_MAG016_19_116,0.0,EX01,MAG016
MAG016_MAG016_MAG016_19_117,0.0,EX01,MAG016
MAG016_MAG016_MAG016_19_118,0.0,EX01,MAG016
MAG016_MAG016_MAG016_19_119,0.0,EX01,MAG016
MAG016_MAG016_MAG016_19_12,0.264153196,EX01,MAG016
MAG016_MAG016_MAG016_19_120,0.0,EX01,MAG016
MAG016_MAG016_MAG016_19_121,1.026774998,EX01,MAG016
MAG016_MAG016_MAG016_19_122,0.860448241,EX01,MAG016
MAG016_MAG016_MAG016_19_123,0.0,EX01,MAG016
MAG016_MAG016_MAG016_19_124,0.797813916,EX01,MAG016
MAG016_MAG016_MAG016_19_125,0.0,EX01,MAG016
MAG016_MAG016_MAG016_19_126,0.005694192,EX01,MAG016
MAG016_MAG016_MAG016_19_127,0.006734433,EX01,MAG016
MAG016_MAG016_MAG016_19_128,0.023451481,EX01,MAG016
MAG016_MAG016_MAG016_19_129,0.170316645,EX01,MAG016
MAG016_MAG016_MAG016_19_13,1.167592003,EX01,MAG016
MAG016_MAG016_MAG016_19_130,0.164983334,EX01,MAG016
MAG016_MAG016_MAG016_19_131,0.208603985,EX01,MAG016
MAG016_MAG016_MAG016_19_132,0.99806028,EX01,MAG016
MAG016_MAG016_MAG016_19_133,2.361157682,EX01,MAG016
MAG016_MAG016_MAG016_19_134,0.005762167,EX01,MAG016
MAG016_MAG016_MAG016_19_135,0.953218096,EX01,MAG016
MAG016_MAG016_MAG016_19_136,0.0,EX01,MAG016
MAG016_MAG016_MAG016_19_137,0.0,EX01,MAG016
MAG016_MAG016_MAG016_19_138,0.126509049,EX01,MAG016
MAG016_MAG016_MAG016_19_139,0.136823227,EX01,MAG016
MAG016_MAG016_MAG016_19_14,0.441432576,EX01,MAG016
MAG016_MAG016_MAG016_19_140,0.357646308,EX01,MAG016
MAG016_MAG016_MAG016_19_141,0.0,EX01,MAG016
MAG016_MAG016_MAG016_19_142,3.022176748,EX01,MAG016
MAG016_MAG016_MAG016_19_143,0.0,EX01,MAG016
MAG016_MAG016_MAG016_19_144,1.522671344,EX01,MAG016
MAG016_MAG016_MAG016_19_145,1.238104026,EX01,MAG016
MAG016_MAG016_MAG016_19_146,0.123630142,EX01,MAG016
MAG016_MAG016_MAG016_19_147,26.62300793,EX01,MAG016
MAG016_MAG016_MAG016_19_148,1.036862701,EX01,MAG016
MAG016_MAG016_MAG016_19_149,0.749462532,EX01,MAG016
MAG016_MAG016_MAG016_19_15,11.05415169,EX01,MAG016
MAG016_MAG016_MAG016_19_150,1.026208644,EX01,MAG016
MAG016_MAG016_MAG016_19_151,0.0,EX01,MAG016
MAG016_MAG016_MAG016_19_152,3.196547299,EX01,MAG016
MAG016_MAG016_MAG016_19_153,8.074962377,EX01,MAG016
MAG016_MAG016_MAG016_19_154,24.21359111,EX01,MAG016
MAG016_MAG016_MAG016_19_155,0.506056256,EX01,MAG016
MAG016_MAG016_MAG016_19_156,0.006614309,EX01,MAG016
MAG016_MAG016_MAG016_19_157,3.732010796,EX01,MAG016
MAG016_MAG016_MAG016_19_158,0.00364689,EX01,MAG016
MAG016_MAG016_MAG016_19_159,2.054025172,EX01,MAG016
MAG016_MAG016_MAG016_19_16,0.0,EX01,MAG016
MAG016_MAG016_MAG016_19_160,0.0,EX01,MAG016
MAG016_MAG016_MAG016_19_161,3.895562583,EX01,MAG016
MAG016_MAG016_MAG016_19_162,0.267769721,EX01,MAG016
MAG016_MAG016_MAG016_19_163,2.000605174,EX01,MAG016
MAG016_MAG016_MAG016_19_164,0.834652867,EX01,MAG016
MAG016_MAG016_MAG016_19_165,7.095527042,EX01,MAG016
MAG016_MAG016_MAG016_19_166,4.174948782,EX01,MAG016
MAG016_MAG016_MAG016_19_167,1.260849329,EX01,MAG016
MAG016_MAG016_MAG016_19_168,0.0,EX01,MAG016
MAG016_MAG016_MAG016_19_169,0.122768368,EX01,MAG016
MAG016_MAG016_MAG016_19_17,3.443006883,EX01,MAG016
MAG016_MAG016_MAG016_19_18,2.380224014,EX01,MAG016
MAG016_MAG016_MAG016_19_19,0.0,EX01,MAG016
MAG016_MAG016_MAG016_19_2,1.235360862,EX01,MAG016
MAG016_MAG016_MAG016_19_20,0.0,EX01,MAG016
MAG016_MAG016_MAG016_19_21,0.0,EX01,MAG016
MAG016_MAG016_MAG016_19_22,0.0,EX01,MAG016
MAG016_MAG016_MAG016_19_23,0.0,EX01,MAG016
MAG016_MAG016_MAG016_19_24,0.0,EX01,MAG016
MAG016_MAG016_MAG016_19_25,13.41272453,EX01,MAG016
MAG016_MAG016_MAG016_19_26,4.592863571,EX01,MAG016
MAG016_MAG016_MAG016_19_27,10.16692713,EX01,MAG016
MAG016_MAG016_MAG016_19_28,1.316304697,EX01,MAG016
MAG016_MAG016_MAG016_19_29,1.182934649,EX01,MAG016
MAG016_MAG016_MAG016_19_3,4.081860903,EX01,MAG016
MAG016_MAG016_MAG016_19_30,0.0,EX01,MAG016
MAG016_MAG016_MAG016_19_31,0.712744137,EX01,MAG016
MAG016_MAG016_MAG016_19_32,0.0,EX01,MAG016
MAG016_MAG016_MAG016_19_33,1.406868506,EX01,MAG016
MAG016_MAG016_MAG016_19_34,0.0,EX01,MAG016
MAG016_MAG016_MAG016_19_35,2.275967224,EX01,MAG016
MAG016_MAG016_MAG016_19_36,1.076064404,EX01,MAG016
MAG016_MAG016_MAG016_19_37,0.0,EX01,MAG016
MAG016_MAG016_MAG016_19_38,0.0,EX01,MAG016
MAG016_MAG016_MAG016_19_39,0.226143572,EX01,MAG016
MAG016_MAG016_MAG016_19_4,1.030024213,EX01,MAG016
MAG016_MAG016_MAG016_19_40,0.0,EX01,MAG016
MAG016_MAG016_MAG016_19_41,0.141709293,EX01,MAG016
MAG016_MAG016_MAG016_19_42,0.015028231,EX01,MAG016
MAG016_MAG016_MAG016_19_43,0.0,EX01,MAG016
MAG016_MAG016_MAG016_19_44,4.412248012,EX01,MAG016
MAG016_MAG016_MAG016_19_45,0.0,EX01,MAG016
MAG016_MAG016_MAG016_19_46,2.995504843,EX01,MAG016
MAG016_MAG016_MAG016_19_47,25.51291086,EX01,MAG016
MAG016_MAG016_MAG016_19_48,0.0,EX01,MAG016
MAG016_MAG016_MAG016_19_49,13.79098561,EX01,MAG016
MAG016_MAG016_MAG016_19_5,0.066610523,EX01,MAG016
MAG016_MAG016_MAG016_19_50,13.93860782,EX01,MAG016
MAG016_MAG016_MAG016_19_51,4.383957948,EX01,MAG016
MAG016_MAG016_MAG016_19_52,4.598413659,EX01,MAG016
MAG016_MAG016_MAG016_19_53,0.241373372,EX01,MAG016
MAG016_MAG016_MAG016_19_54,0.515221333,EX01,MAG016
MAG016_MAG016_MAG016_19_55,2.00250363,EX01,MAG016
MAG016_MAG016_MAG016_19_56,0.003373086,EX01,MAG016
MAG016_MAG016_MAG016_19_57,0.0,EX01,MAG016
MAG016_MAG016_MAG016_19_58,4.637562586,EX01,MAG016
MAG016_MAG016_MAG016_19_59,0.300852556,EX01,MAG016
MAG016_MAG016_MAG016_19_6,0.0,EX01,MAG016
MAG016_MAG016_MAG016_19_60,5.12480092,EX01,MAG016
MAG016_MAG016_MAG016_19_61,1.278553984,EX01,MAG016
MAG016_MAG016_MAG016_19_62,0.891886926,EX01,MAG016
MAG016_MAG016_MAG016_19_63,0.0,EX01,MAG016
MAG016_MAG016_MAG016_19_64,0.0,EX01,MAG016
MAG016_MAG016_MAG016_19_65,0.702901646,EX01,MAG016
MAG016_MAG016_MAG016_19_66,0.0,EX01,MAG016
MAG016_MAG016_MAG016_19_67,3.519523705,EX01,MAG016
MAG016_MAG016_MAG016_19_68,0.739370027,EX01,MAG016
MAG016_MAG016_MAG016_19_69,11.23747787,EX01,MAG016
MAG016_MAG016_MAG016_19_7,112.250684,EX01,MAG016
MAG016_MAG016_MAG016_19_70,1.575396119,EX01,MAG016
MAG016_MAG016_MAG016_19_71,2.44749514,EX01,MAG016
MAG016_MAG016_MAG016_19_72,2.229719396,EX01,MAG016
MAG016_MAG016_MAG016_19_73,0.0,EX01,MAG016
MAG016_MAG016_MAG016_19_74,18.62729582,EX01,MAG016
MAG016_MAG016_MAG016_19_75,1.673210472,EX01,MAG016
MAG016_MAG016_MAG016_19_76,5.027687649,EX01,MAG016
MAG016_MAG016_MAG016_19_77,0.0,EX01,MAG016
MAG016_MAG016_MAG016_19_78,5.894921231,EX01,MAG016
MAG016_MAG016_MAG016_19_79,5.942175781,EX01,MAG016
MAG016_MAG016_MAG016_19_8,8.410635419,EX01,MAG016
MAG016_MAG016_MAG016_19_80,2.483725151,EX01,MAG016
MAG016_MAG016_MAG016_19_81,5.875706811,EX01,MAG016
MAG016_MAG016_MAG016_19_82,4.502893911,EX01,MAG016
MAG016_MAG016_MAG016_19_83,5.126049828,EX01,MAG016
MAG016_MAG016_MAG016_19_84,0.342324864,EX01,MAG016
MAG016_MAG016_MAG016_19_85,0.0,EX01,MAG016
MAG016_MAG016_MAG016_19_86,0.0,EX01,MAG016
MAG016_MAG016_MAG016_19_87,0.0,EX01,MAG016
MAG016_MAG016_MAG016_19_88,0.0,EX01,MAG016
MAG016_MAG016_MAG016_19_89,0.0,EX01,MAG016
MAG016_MAG016_MAG016_19_9,0.0,EX01,MAG016
MAG016_MAG016_MAG016_19_90,0.0,EX01,MAG016
MAG016_MAG016_MAG016_19_91,0.009629078,EX01,MAG016
MAG016_MAG016_MAG016_19_92,0.002726228,EX01,MAG016
MAG016_MAG016_MAG016_19_93,0.40965566,EX01,MAG016
MAG016_MAG016_MAG016_19_94,1.935601063,EX01,MAG016
MAG016_MAG016_MAG016_19_95,2.490583632,EX01,MAG016
MAG016_MAG016_MAG016_19_96,0.0,EX01,MAG016
MAG016_MAG016_MAG016_19_97,0.0,EX01,MAG016
MAG016_MAG016_MAG016_19_98,21.05725329,EX01,MAG016
MAG016_MAG016_MAG016_19_99,0.0,EX01,MAG016
MAG016_MAG016_MAG016_1_1,0.006016087,EX01,MAG016
MAG016_MAG016_MAG016_1_2,0.001520847,EX01,MAG016
MAG016_MAG016_MAG016_20_1,0.275128971,EX01,MAG016
MAG016_MAG016_MAG016_20_10,0.0,EX01,MAG016
MAG016_MAG016_MAG016_20_11,0.013371651,EX01,MAG016
MAG016_MAG016_MAG016_20_12,0.324811367,EX01,MAG016
MAG016_MAG016_MAG016_20_13,0.212147912,EX01,MAG016
MAG016_MAG016_MAG016_20_14,2.607510842,EX01,MAG016
MAG016_MAG016_MAG016_20_15,0.0,EX01,MAG016
MAG016_MAG016_MAG016_20_16,5.342809397,EX01,MAG016
MAG016_MAG016_MAG016_20_17,0.0,EX01,MAG016
MAG016_MAG016_MAG016_20_18,0.203639191,EX01,MAG016
MAG016_MAG016_MAG016_20_19,5.179165011,EX01,MAG016
MAG016_MAG016_MAG016_20_2,0.085450302,EX01,MAG016
MAG016_MAG016_MAG016_20_20,3.016933998,EX01,MAG016
MAG016_MAG016_MAG016_20_21,2.424205856,EX01,MAG016
MAG016_MAG016_MAG016_20_22,12.68825373,EX01,MAG016
MAG016_MAG016_MAG016_20_23,1.425902216,EX01,MAG016
MAG016_MAG016_MAG016_20_24,5.129859604,EX01,MAG016
MAG016_MAG016_MAG016_20_25,0.0,EX01,MAG016
MAG016_MAG016_MAG016_20_26,1.836634259,EX01,MAG016
MAG016_MAG016_MAG016_20_27,3.253630813,EX01,MAG016
MAG016_MAG016_MAG016_20_28,2.07896028,EX01,MAG016
MAG016_MAG016_MAG016_20_29,3.556438459,EX01,MAG016
MAG016_MAG016_MAG016_20_3,0.002054512,EX01,MAG016
MAG016_MAG016_MAG016_20_30,0.064008981,EX01,MAG016
MAG016_MAG016_MAG016_20_31,0.0,EX01,MAG016
MAG016_MAG016_MAG016_20_32,0.348695206,EX01,MAG016
MAG016_MAG016_MAG016_20_33,0.010713253,EX01,MAG016
MAG016_MAG016_MAG016_20_34,1.905097118,EX01,MAG016
MAG016_MAG016_MAG016_20_35,11.37364177,EX01,MAG016
MAG016_MAG016_MAG016_20_36,0.0,EX01,MAG016
MAG016_MAG016_MAG016_20_37,0.0,EX01,MAG016
MAG016_MAG016_MAG016_20_38,2.356414349,EX01,MAG016
MAG016_MAG016_MAG016_20_39,0.0,EX01,MAG016
MAG016_MAG016_MAG016_20_4,0.076464791,EX01,MAG016
MAG016_MAG016_MAG016_20_40,0.0,EX01,MAG016
MAG016_MAG016_MAG016_20_41,0.0,EX01,MAG016
MAG016_MAG016_MAG016_20_42,0.583720789,EX01,MAG016
MAG016_MAG016_MAG016_20_43,0.0,EX01,MAG016
MAG016_MAG016_MAG016_20_44,0.518545289,EX01,MAG016
MAG016_MAG016_MAG016_20_45,0.0,EX01,MAG016
MAG016_MAG016_MAG016_20_46,0.0,EX01,MAG016
MAG016_MAG016_MAG016_20_47,0.054414857,EX01,MAG016
MAG016_MAG016_MAG016_20_48,0.006776843,EX01,MAG016
MAG016_MAG016_MAG016_20_49,0.27332577,EX01,MAG016
MAG016_MAG016_MAG016_20_5,0.0,EX01,MAG016
MAG016_MAG016_MAG016_20_6,0.0,EX01,MAG016
MAG016_MAG016_MAG016_20_7,0.35455231,EX01,MAG016
MAG016_MAG016_MAG016_20_8,0.033914865,EX01,MAG016
MAG016_MAG016_MAG016_20_9,0.291328731,EX01,MAG016
MAG016_MAG016_MAG016_21_1,0.0,EX01,MAG016
MAG016_MAG016_MAG016_21_10,0.105993922,EX01,MAG016
MAG016_MAG016_MAG016_21_11,0.466113651,EX01,MAG016
MAG016_MAG016_MAG016_21_12,1.063901562,EX01,MAG016
MAG016_MAG016_MAG016_21_13,2.118565761,EX01,MAG016
MAG016_MAG016_MAG016_21_14,1.477517809,EX01,MAG016
MAG016_MAG016_MAG016_21_15,0.0,EX01,MAG016
MAG016_MAG016_MAG016_21_16,0.0,EX01,MAG016
MAG016_MAG016_MAG016_21_17,2.330569112,EX01,MAG016
MAG016_MAG016_MAG016_21_18,0.0,EX01,MAG016
MAG016_MAG016_MAG016_21_19,0.0,EX01,MAG016
MAG016_MAG016_MAG016_21_2,4.699235199,EX01,MAG016
MAG016_MAG016_MAG016_21_20,0.0,EX01,MAG016
MAG016_MAG016_MAG016_21_21,14.89157689,EX01,MAG016
MAG016_MAG016_MAG016_21_22,0.451186963,EX01,MAG016
MAG016_MAG016_MAG016_21_23,0.394074712,EX01,MAG016
MAG016_MAG016_MAG016_21_24,0.678361385,EX01,MAG016
MAG016_MAG016_MAG016_21_25,2.234103651,EX01,MAG016
MAG016_MAG016_MAG016_21_26,0.462561368,EX01,MAG016
MAG016_MAG016_MAG016_21_27,0.0,EX01,MAG016
MAG016_MAG016_MAG016_21_28,0.0,EX01,MAG016
MAG016_MAG016_MAG016_21_29,4.396566969,EX01,MAG016
MAG016_MAG016_MAG016_21_3,3.306587611,EX01,MAG016
MAG016_MAG016_MAG016_21_30,0.0,EX01,MAG016
MAG016_MAG016_MAG016_21_31,0.0,EX01,MAG016
MAG016_MAG016_MAG016_21_32,0.0,EX01,MAG016
MAG016_MAG016_MAG016_21_4,4.070611059,EX01,MAG016
MAG016_MAG016_MAG016_21_5,0.515781916,EX01,MAG016
MAG016_MAG016_MAG016_21_6,0.016580065,EX01,MAG016
MAG016_MAG016_MAG016_21_7,0.0,EX01,MAG016
MAG016_MAG016_MAG016_21_8,0.827941366,EX01,MAG016
MAG016_MAG016_MAG016_21_9,1.65181198,EX01,MAG016
MAG016_MAG016_MAG016_22_1,0.0,EX01,MAG016
MAG016_MAG016_MAG016_22_10,2.301505445,EX01,MAG016
MAG016_MAG016_MAG016_22_100,0.031466506,EX01,MAG016
MAG016_MAG016_MAG016_22_101,0.054447337,EX01,MAG016
MAG016_MAG016_MAG016_22_102,0.002484673,EX01,MAG016
MAG016_MAG016_MAG016_22_103,0.0,EX01,MAG016
MAG016_MAG016_MAG016_22_104,0.0,EX01,MAG016
MAG016_MAG016_MAG016_22_105,0.0,EX01,MAG016
MAG016_MAG016_MAG016_22_106,0.0,EX01,MAG016
MAG016_MAG016_MAG016_22_107,0.0,EX01,MAG016
MAG016_MAG016_MAG016_22_108,0.0,EX01,MAG016
MAG016_MAG016_MAG016_22_109,0.0,EX01,MAG016
MAG016_MAG016_MAG016_22_11,1.033711911,EX01,MAG016
MAG016_MAG016_MAG016_22_110,0.338056906,EX01,MAG016
MAG016_MAG016_MAG016_22_111,0.0,EX01,MAG016
MAG016_MAG016_MAG016_22_112,0.0,EX01,MAG016
MAG016_MAG016_MAG016_22_113,0.0,EX01,MAG016
MAG016_MAG016_MAG016_22_114,0.0,EX01,MAG016
MAG016_MAG016_MAG016_22_115,0.0,EX01,MAG016
MAG016_MAG016_MAG016_22_116,0.003825862,EX01,MAG016
MAG016_MAG016_MAG016_22_117,0.0,EX01,MAG016
MAG016_MAG016_MAG016_22_118,0.204671374,EX01,MAG016
MAG016_MAG016_MAG016_22_119,3.590948932,EX01,MAG016
MAG016_MAG016_MAG016_22_12,1.016133251,EX01,MAG016
MAG016_MAG016_MAG016_22_120,17.33423299,EX01,MAG016
MAG016_MAG016_MAG016_22_121,7.675259806,EX01,MAG016
MAG016_MAG016_MAG016_22_122,4.365253406,EX01,MAG016
MAG016_MAG016_MAG016_22_123,10.92729812,EX01,MAG016
MAG016_MAG016_MAG016_22_124,0.0,EX01,MAG016
MAG016_MAG016_MAG016_22_125,0.0,EX01,MAG016
MAG016_MAG016_MAG016_22_126,0.0,EX01,MAG016
MAG016_MAG016_MAG016_22_127,12.02334841,EX01,MAG016
MAG016_MAG016_MAG016_22_128,3.104607932,EX01,MAG016
MAG016_MAG016_MAG016_22_129,0.0,EX01,MAG016
MAG016_MAG016_MAG016_22_13,0.148163284,EX01,MAG016
MAG016_MAG016_MAG016_22_130,0.0,EX01,MAG016
MAG016_MAG016_MAG016_22_131,1.994576406,EX01,MAG016
MAG016_MAG016_MAG016_22_132,0.207412615,EX01,MAG016
MAG016_MAG016_MAG016_22_133,3.853091471,EX01,MAG016
MAG016_MAG016_MAG016_22_134,7.069092044,EX01,MAG016
MAG016_MAG016_MAG016_22_135,3.443283943,EX01,MAG016
MAG016_MAG016_MAG016_22_136,0.679928524,EX01,MAG016
MAG016_MAG016_MAG016_22_137,0.0,EX01,MAG016
MAG016_MAG016_MAG016_22_138,0.008529938,EX01,MAG016
MAG016_MAG016_MAG016_22_139,0.0,EX01,MAG016
MAG016_MAG016_MAG016_22_14,0.002727547,EX01,MAG016
MAG016_MAG016_MAG016_22_140,0.0,EX01,MAG016
MAG016_MAG016_MAG016_22_141,3.915207015,EX01,MAG016
MAG016_MAG016_MAG016_22_142,5.542600181,EX01,MAG016
MAG016_MAG016_MAG016_22_143,2.360457733,EX01,MAG016
MAG016_MAG016_MAG016_22_144,0.0,EX01,MAG016
MAG016_MAG016_MAG016_22_145,0.0,EX01,MAG016
MAG016_MAG016_MAG016_22_146,0.467868886,EX01,MAG016
MAG016_MAG016_MAG016_22_147,0.575402133,EX01,MAG016
MAG016_MAG016_MAG016_22_148,0.250692058,EX01,MAG016
MAG016_MAG016_MAG016_22_149,0.475191195,EX01,MAG016
MAG016_MAG016_MAG016_22_15,0.0,EX01,MAG016
MAG016_MAG016_MAG016_22_150,0.006932489,EX01,MAG016
MAG016_MAG016_MAG016_22_151,0.009755118,EX01,MAG016
MAG016_MAG016_MAG016_22_152,0.088796517,EX01,MAG016
MAG016_MAG016_MAG016_22_153,0.05402852,EX01,MAG016
MAG016_MAG016_MAG016_22_16,0.044671581,EX01,MAG016
MAG016_MAG016_MAG016_22_17,0.0,EX01,MAG016
MAG016_MAG016_MAG016_22_18,0.0,EX01,MAG016
MAG016_MAG016_MAG016_22_19,0.0,EX01,MAG016
MAG016_MAG016_MAG016_22_2,0.457854011,EX01,MAG016
MAG016_MAG016_MAG016_22_20,8.522599758,EX01,MAG016
MAG016_MAG016_MAG016_22_21,0.0,EX01,MAG016
MAG016_MAG016_MAG016_22_22,20.77476954,EX01,MAG016
MAG016_MAG016_MAG016_22_23,19.82703766,EX01,MAG016
MAG016_MAG016_MAG016_22_24,7.090146848,EX01,MAG016
MAG016_MAG016_MAG016_22_25,28.59678192,EX01,MAG016
MAG016_MAG016_MAG016_22_26,22.17028025,EX01,MAG016
MAG016_MAG016_MAG016_22_27,4.969971563,EX01,MAG016
MAG016_MAG016_MAG016_22_28,0.0,EX01,MAG016
MAG016_MAG016_MAG016_22_29,0.0,EX01,MAG016
MAG016_MAG016_MAG016_22_3,0.0,EX01,MAG016
MAG016_MAG016_MAG016_22_30,2.009855432,EX01,MAG016
MAG016_MAG016_MAG016_22_31,0.0,EX01,MAG016
MAG016_MAG016_MAG016_22_32,1.517064256,EX01,MAG016
MAG016_MAG016_MAG016_22_33,12.28884585,EX01,MAG016
MAG016_MAG016_MAG016_22_34,1.737500292,EX01,MAG016
MAG016_MAG016_MAG016_22_35,0.400560319,EX01,MAG016
MAG016_MAG016_MAG016_22_36,0.339453838,EX01,MAG016
MAG016_MAG016_MAG016_22_37,0.0,EX01,MAG016
MAG016_MAG016_MAG016_22_38,1.561424162,EX01,MAG016
MAG016_MAG016_MAG016_22_39,0.007300875,EX01,MAG016
MAG016_MAG016_MAG016_22_4,0.0,EX01,MAG016
MAG016_MAG016_MAG016_22_40,11.61835016,EX01,MAG016
MAG016_MAG016_MAG016_22_41,1.457748419,EX01,MAG016
MAG016_MAG016_MAG016_22_42,0.15734765,EX01,MAG016
MAG016_MAG016_MAG016_22_43,0.0,EX01,MAG016
MAG016_MAG016_MAG016_22_44,0.289116654,EX01,MAG016
MAG016_MAG016_MAG016_22_45,0.003988802,EX01,MAG016
MAG016_MAG016_MAG016_22_46,0.0,EX01,MAG016
MAG016_MAG016_MAG016_22_47,0.0,EX01,MAG016
MAG016_MAG016_MAG016_22_48,0.056860027,EX01,MAG016
MAG016_MAG016_MAG016_22_49,0.0,EX01,MAG016
MAG016_MAG016_MAG016_22_5,2.884067445,EX01,MAG016
MAG016_MAG016_MAG016_22_50,0.0,EX01,MAG016
MAG016_MAG016_MAG016_22_51,0.0,EX01,MAG016
MAG016_MAG016_MAG016_22_52,0.0,EX01,MAG016
MAG016_MAG016_MAG016_22_53,0.0,EX01,MAG016
MAG016_MAG016_MAG016_22_54,0.004853243,EX01,MAG016
MAG016_MAG016_MAG016_22_55,2.137971413,EX01,MAG016
MAG016_MAG016_MAG016_22_56,0.490925515,EX01,MAG016
MAG016_MAG016_MAG016_22_57,1.519130188,EX01,MAG016
MAG016_MAG016_MAG016_22_58,0.0,EX01,MAG016
MAG016_MAG016_MAG016_22_59,0.007695633,EX01,MAG016
MAG016_MAG016_MAG016_22_6,0.0,EX01,MAG016
MAG016_MAG016_MAG016_22_60,0.208853365,EX01,MAG016
MAG016_MAG016_MAG016_22_61,0.251405494,EX01,MAG016
MAG016_MAG016_MAG016_22_62,0.838576528,EX01,MAG016
MAG016_MAG016_MAG016_22_63,0.0,EX01,MAG016
MAG016_MAG016_MAG016_22_64,0.013920789,EX01,MAG016
MAG016_MAG016_MAG016_22_65,0.0,EX01,MAG016
MAG016_MAG016_MAG016_22_66,9.235647518,EX01,MAG016
MAG016_MAG016_MAG016_22_67,0.0,EX01,MAG016
MAG016_MAG016_MAG016_22_68,0.0,EX01,MAG016
MAG016_MAG016_MAG016_22_69,0.0,EX01,MAG016
MAG016_MAG016_MAG016_22_7,2.227445255,EX01,MAG016
MAG016_MAG016_MAG016_22_70,2.020579474,EX01,MAG016
MAG016_MAG016_MAG016_22_71,0.295683006,EX01,MAG016
MAG016_MAG016_MAG016_22_72,0.18145297,EX01,MAG016
MAG016_MAG016_MAG016_22_73,0.228394228,EX01,MAG016
MAG016_MAG016_MAG016_22_74,0.207577314,EX01,MAG016
MAG016_MAG016_MAG016_22_75,0.0,EX01,MAG016
MAG016_MAG016_MAG016_22_76,1.028860508,EX01,MAG016
MAG016_MAG016_MAG016_22_77,0.464524598,EX01,MAG016
MAG016_MAG016_MAG016_22_78,0.0,EX01,MAG016
MAG016_MAG016_MAG016_22_79,0.0,EX01,MAG016
MAG016_MAG016_MAG016_22_8,6.077505471,EX01,MAG016
MAG016_MAG016_MAG016_22_80,0.0,EX01,MAG016
MAG016_MAG016_MAG016_22_81,0.0,EX01,MAG016
MAG016_MAG016_MAG016_22_82,0.533884986,EX01,MAG016
MAG016_MAG016_MAG016_22_83,0.457644959,EX01,MAG016
MAG016_MAG016_MAG016_22_84,0.0,EX01,MAG016
MAG016_MAG016_MAG016_22_85,0.0,EX01,MAG016
MAG016_MAG016_MAG016_22_86,0.0,EX01,MAG016
MAG016_MAG016_MAG016_22_87,0.0,EX01,MAG016
MAG016_MAG016_MAG016_22_88,0.0,EX01,MAG016
MAG016_MAG016_MAG016_22_89,5.790522827,EX01,MAG016
MAG016_MAG016_MAG016_22_9,8.245494481,EX01,MAG016
MAG016_MAG016_MAG016_22_90,2.037186888,EX01,MAG016
MAG016_MAG016_MAG016_22_91,0.834184651,EX01,MAG016
MAG016_MAG016_MAG016_22_92,1.085675441,EX01,MAG016
MAG016_MAG016_MAG016_22_93,0.341792791,EX01,MAG016
MAG016_MAG016_MAG016_22_94,0.442036741,EX01,MAG016
MAG016_MAG016_MAG016_22_95,0.502476477,EX01,MAG016
MAG016_MAG016_MAG016_22_96,0.510503429,EX01,MAG016
MAG016_MAG016_MAG016_22_97,1.003123987,EX01,MAG016
MAG016_MAG016_MAG016_22_98,0.176581042,EX01,MAG016
MAG016_MAG016_MAG016_22_99,0.071249811,EX01,MAG016
MAG016_MAG016_MAG016_23_1,0.001522646,EX01,MAG016
MAG016_MAG016_MAG016_23_10,0.0,EX01,MAG016
MAG016_MAG016_MAG016_23_100,9.616794921,EX01,MAG016
MAG016_MAG016_MAG016_23_101,0.975674412,EX01,MAG016
MAG016_MAG016_MAG016_23_102,0.014672458,EX01,MAG016
MAG016_MAG016_MAG016_23_103,0.0,EX01,MAG016
MAG016_MAG016_MAG016_23_104,0.093910168,EX01,MAG016
MAG016_MAG016_MAG016_23_105,6.368652842,EX01,MAG016
MAG016_MAG016_MAG016_23_106,0.059021949,EX01,MAG016
MAG016_MAG016_MAG016_23_107,2.062183641,EX01,MAG016
MAG016_MAG016_MAG016_23_108,0.615830934,EX01,MAG016
MAG016_MAG016_MAG016_23_109,2.737932047,EX01,MAG016
MAG016_MAG016_MAG016_23_11,0.0,EX01,MAG016
MAG016_MAG016_MAG016_23_110,3.840358387,EX01,MAG016
MAG016_MAG016_MAG016_23_111,2.536901446,EX01,MAG016
MAG016_MAG016_MAG016_23_112,1.828533322,EX01,MAG016
MAG016_MAG016_MAG016_23_113,3.223857172,EX01,MAG016
MAG016_MAG016_MAG016_23_114,1.910560483,EX01,MAG016
MAG016_MAG016_MAG016_23_115,0.173463433,EX01,MAG016
MAG016_MAG016_MAG016_23_116,0.0,EX01,MAG016
MAG016_MAG016_MAG016_23_117,0.0,EX01,MAG016
MAG016_MAG016_MAG016_23_118,3.116284977,EX01,MAG016
MAG016_MAG016_MAG016_23_119,8.257177152,EX01,MAG016
MAG016_MAG016_MAG016_23_12,0.0,EX01,MAG016
MAG016_MAG016_MAG016_23_120,16.22504467,EX01,MAG016
MAG016_MAG016_MAG016_23_121,5.106162468,EX01,MAG016
MAG016_MAG016_MAG016_23_122,2.193507211,EX01,MAG016
MAG016_MAG016_MAG016_23_123,0.0,EX01,MAG016
MAG016_MAG016_MAG016_23_124,0.3720594,EX01,MAG016
MAG016_MAG016_MAG016_23_125,0.0,EX01,MAG016
MAG016_MAG016_MAG016_23_126,3.065431386,EX01,MAG016
MAG016_MAG016_MAG016_23_127,0.0,EX01,MAG016
MAG016_MAG016_MAG016_23_128,4.118981676,EX01,MAG016
MAG016_MAG016_MAG016_23_129,0.0,EX01,MAG016
MAG016_MAG016_MAG016_23_13,0.371147927,EX01,MAG016
MAG016_MAG016_MAG016_23_130,0.0,EX01,MAG016
MAG016_MAG016_MAG016_23_131,0.0,EX01,MAG016
MAG016_MAG016_MAG016_23_132,7.344374287,EX01,MAG016
MAG016_MAG016_MAG016_23_133,0.340770094,EX01,MAG016
MAG016_MAG016_MAG016_23_134,0.0,EX01,MAG016
MAG016_MAG016_MAG016_23_135,0.0,EX01,MAG016
MAG016_MAG016_MAG016_23_136,1.586045569,EX01,MAG016
MAG016_MAG016_MAG016_23_137,0.033304569,EX01,MAG016
MAG016_MAG016_MAG016_23_138,0.003869157,EX01,MAG016
MAG016_MAG016_MAG016_23_139,0.0,EX01,MAG016
MAG016_MAG016_MAG016_23_14,0.0,EX01,MAG016
MAG016_MAG016_MAG016_23_140,0.0,EX01,MAG016
MAG016_MAG016_MAG016_23_141,0.0,EX01,MAG016
MAG016_MAG016_MAG016_23_142,0.005316965,EX01,MAG016
MAG016_MAG016_MAG016_23_143,0.000955017,EX01,MAG016
MAG016_MAG016_MAG016_23_144,0.0,EX01,MAG016
MAG016_MAG016_MAG016_23_145,0.001728864,EX01,MAG016
MAG016_MAG016_MAG016_23_146,0.0,EX01,MAG016
MAG016_MAG016_MAG016_23_147,0.0,EX01,MAG016
MAG016_MAG016_MAG016_23_148,0.128466964,EX01,MAG016
MAG016_MAG016_MAG016_23_149,0.001536697,EX01,MAG016
MAG016_MAG016_MAG016_23_15,3.032356289,EX01,MAG016
MAG016_MAG016_MAG016_23_150,0.132219843,EX01,MAG016
MAG016_MAG016_MAG016_23_151,1.808296746,EX01,MAG016
MAG016_MAG016_MAG016_23_152,0.0,EX01,MAG016
MAG016_MAG016_MAG016_23_153,0.0,EX01,MAG016
MAG016_MAG016_MAG016_23_154,0.002564711,EX01,MAG016
MAG016_MAG016_MAG016_23_155,0.046455066,EX01,MAG016
MAG016_MAG016_MAG016_23_156,0.003167446,EX01,MAG016
MAG016_MAG016_MAG016_23_157,0.0,EX01,MAG016
MAG016_MAG016_MAG016_23_158,0.0,EX01,MAG016
MAG016_MAG016_MAG016_23_159,0.003044843,EX01,MAG016
MAG016_MAG016_MAG016_23_16,1.445829265,EX01,MAG016
MAG016_MAG016_MAG016_23_160,0.0,EX01,MAG016
MAG016_MAG016_MAG016_23_161,0.0,EX01,MAG016
MAG016_MAG016_MAG016_23_162,0.397511282,EX01,MAG016
MAG016_MAG016_MAG016_23_163,0.0,EX01,MAG016
MAG016_MAG016_MAG016_23_164,0.491246422,EX01,MAG016
MAG016_MAG016_MAG016_23_165,0.168190801,EX01,MAG016
MAG016_MAG016_MAG016_23_17,0.124475789,EX01,MAG016
MAG016_MAG016_MAG016_23_18,0.0,EX01,MAG016
MAG016_MAG016_MAG016_23_19,1.230199511,EX01,MAG016
MAG016_MAG016_MAG016_23_2,0.270952153,EX01,MAG016
MAG016_MAG016_MAG016_23_20,1.3692758,EX01,MAG016
MAG016_MAG016_MAG016_23_21,2.082532959,EX01,MAG016
MAG016_MAG016_MAG016_23_22,0.635796086,EX01,MAG016
MAG016_MAG016_MAG016_23_23,0.0,EX01,MAG016
MAG016_MAG016_MAG016_23_24,1.396164606,EX01,MAG016
MAG016_MAG016_MAG016_23_25,2.050995699,EX01,MAG016
MAG016_MAG016_MAG016_23_26,2.065196464,EX01,MAG016
MAG016_MAG016_MAG016_23_27,0.0,EX01,MAG016
MAG016_MAG016_MAG016_23_28,1.20048152,EX01,MAG016
MAG016_MAG016_MAG016_23_29,0.78360776,EX01,MAG016
MAG016_MAG016_MAG016_23_3,0.0,EX01,MAG016
MAG016_MAG016_MAG016_23_30,1.02926071,EX01,MAG016
MAG016_MAG016_MAG016_23_31,1.020126422,EX01,MAG016
MAG016_MAG016_MAG016_23_32,1.267129457,EX01,MAG016
MAG016_MAG016_MAG016_23_33,0.0,EX01,MAG016
MAG016_MAG016_MAG016_23_34,2.528136554,EX01,MAG016
MAG016_MAG016_MAG016_23_35,0.0,EX01,MAG016
MAG016_MAG016_MAG016_23_36,5.178697242,EX01,MAG016
MAG016_MAG016_MAG016_23_37,0.0,EX01,MAG016
MAG016_MAG016_MAG016_23_38,0.0,EX01,MAG016
MAG016_MAG016_MAG016_23_39,0.0,EX01,MAG016
MAG016_MAG016_MAG016_23_4,0.02434436,EX01,MAG016
MAG016_MAG016_MAG016_23_40,0.175533989,EX01,MAG016
MAG016_MAG016_MAG016_23_41,0.0,EX01,MAG016
MAG016_MAG016_MAG016_23_42,5.306487099,EX01,MAG016
MAG016_MAG016_MAG016_23_43,0.0,EX01,MAG016
MAG016_MAG016_MAG016_23_44,1.203604572,EX01,MAG016
MAG016_MAG016_MAG016_23_45,0.0,EX01,MAG016
MAG016_MAG016_MAG016_23_46,1.693068703,EX01,MAG016
MAG016_MAG016_MAG016_23_47,1.5172472,EX01,MAG016
MAG016_MAG016_MAG016_23_48,43.03172095,EX01,MAG016
MAG016_MAG016_MAG016_23_49,13.20744895,EX01,MAG016
MAG016_MAG016_MAG016_23_5,1.510725781,EX01,MAG016
MAG016_MAG016_MAG016_23_50,15.09569149,EX01,MAG016
MAG016_MAG016_MAG016_23_51,12.46531404,EX01,MAG016
MAG016_MAG016_MAG016_23_52,7.54096294,EX01,MAG016
MAG016_MAG016_MAG016_23_53,0.0,EX01,MAG016
MAG016_MAG016_MAG016_23_54,0.443934297,EX01,MAG016
MAG016_MAG016_MAG016_23_55,0.0,EX01,MAG016
MAG016_MAG016_MAG016_23_56,0.517854688,EX01,MAG016
MAG016_MAG016_MAG016_23_57,0.0,EX01,MAG016
MAG016_MAG016_MAG016_23_58,2.543742224,EX01,MAG016
MAG016_MAG016_MAG016_23_59,5.21178838,EX01,MAG016
MAG016_MAG016_MAG016_23_6,0.256224352,EX01,MAG016
MAG016_MAG016_MAG016_23_60,0.0,EX01,MAG016
MAG016_MAG016_MAG016_23_61,0.04837778,EX01,MAG016
MAG016_MAG016_MAG016_23_62,0.194383826,EX01,MAG016
MAG016_MAG016_MAG016_23_63,0.567236544,EX01,MAG016
MAG016_MAG016_MAG016_23_64,0.0,EX01,MAG016
MAG016_MAG016_MAG016_23_65,1.02430033,EX01,MAG016
MAG016_MAG016_MAG016_23_66,1.05062849,EX01,MAG016
MAG016_MAG016_MAG016_23_67,1.349141617,EX01,MAG016
MAG016_MAG016_MAG016_23_68,0.0,EX01,MAG016
MAG016_MAG016_MAG016_23_69,0.0,EX01,MAG016
MAG016_MAG016_MAG016_23_7,0.257599155,EX01,MAG016
MAG016_MAG016_MAG016_23_70,0.0,EX01,MAG016
MAG016_MAG016_MAG016_23_71,0.94432666,EX01,MAG016
MAG016_MAG016_MAG016_23_72,0.482006715,EX01,MAG016
MAG016_MAG016_MAG016_23_73,0.0,EX01,MAG016
MAG016_MAG016_MAG016_23_74,4.106258903,EX01,MAG016
MAG016_MAG016_MAG016_23_75,7.581094765,EX01,MAG016
MAG016_MAG016_MAG016_23_76,3.066269503,EX01,MAG016
MAG016_MAG016_MAG016_23_77,0.0,EX01,MAG016
MAG016_MAG016_MAG016_23_78,1.448702783,EX01,MAG016
MAG016_MAG016_MAG016_23_79,0.0,EX01,MAG016
MAG016_MAG016_MAG016_23_8,0.020983939,EX01,MAG016
MAG016_MAG016_MAG016_23_80,5.034360212,EX01,MAG016
MAG016_MAG016_MAG016_23_81,2.003467563,EX01,MAG016
MAG016_MAG016_MAG016_23_82,0.0,EX01,MAG016
MAG016_MAG016_MAG016_23_83,0.0,EX01,MAG016
MAG016_MAG016_MAG016_23_84,4.101571207,EX01,MAG016
MAG016_MAG016_MAG016_23_85,0.035802716,EX01,MAG016
MAG016_MAG016_MAG016_23_86,0.0,EX01,MAG016
MAG016_MAG016_MAG016_23_87,0.012619461,EX01,MAG016
MAG016_MAG016_MAG016_23_88,2.90498249,EX01,MAG016
MAG016_MAG016_MAG016_23_89,4.082176927,EX01,MAG016
MAG016_MAG016_MAG016_23_9,0.515376761,EX01,MAG016
MAG016_MAG016_MAG016_23_90,0.433983244,EX01,MAG016
MAG016_MAG016_MAG016_23_91,0.785607193,EX01,MAG016
MAG016_MAG016_MAG016_23_92,0.0,EX01,MAG016
MAG016_MAG016_MAG016_23_93,6.633790006,EX01,MAG016
MAG016_MAG016_MAG016_23_94,0.0,EX01,MAG016
MAG016_MAG016_MAG016_23_95,1.571830769,EX01,MAG016
MAG016_MAG016_MAG016_23_96,9.097495393,EX01,MAG016
MAG016_MAG016_MAG016_23_97,0.0,EX01,MAG016
MAG016_MAG016_MAG016_23_98,0.0,EX01,MAG016
MAG016_MAG016_MAG016_23_99,1.556448491,EX01,MAG016
MAG016_MAG016_MAG016_24_1,0.0,EX01,MAG016
MAG016_MAG016_MAG016_24_10,0.0,EX01,MAG016
MAG016_MAG016_MAG016_24_100,5.477791968,EX01,MAG016
MAG016_MAG016_MAG016_24_101,20.06810919,EX01,MAG016
MAG016_MAG016_MAG016_24_102,1.765319335,EX01,MAG016
MAG016_MAG016_MAG016_24_103,0.0,EX01,MAG016
MAG016_MAG016_MAG016_24_104,0.0,EX01,MAG016
MAG016_MAG016_MAG016_24_105,1.909811221,EX01,MAG016
MAG016_MAG016_MAG016_24_106,0.0,EX01,MAG016
MAG016_MAG016_MAG016_24_107,2.606348054,EX01,MAG016
MAG016_MAG016_MAG016_24_108,2.00979034,EX01,MAG016
MAG016_MAG016_MAG016_24_109,1.729410437,EX01,MAG016
MAG016_MAG016_MAG016_24_11,24.91833447,EX01,MAG016
MAG016_MAG016_MAG016_24_110,0.0,EX01,MAG016
MAG016_MAG016_MAG016_24_111,0.003014088,EX01,MAG016
MAG016_MAG016_MAG016_24_112,0.0,EX01,MAG016
MAG016_MAG016_MAG016_24_113,0.0,EX01,MAG016
MAG016_MAG016_MAG016_24_114,0.676236378,EX01,MAG016
MAG016_MAG016_MAG016_24_115,0.017242659,EX01,MAG016
MAG016_MAG016_MAG016_24_116,0.013565618,EX01,MAG016
MAG016_MAG016_MAG016_24_117,0.0,EX01,MAG016
MAG016_MAG016_MAG016_24_118,0.0,EX01,MAG016
MAG016_MAG016_MAG016_24_119,0.499440779,EX01,MAG016
MAG016_MAG016_MAG016_24_12,31.19038665,EX01,MAG016
MAG016_MAG016_MAG016_24_120,0.003689125,EX01,MAG016
MAG016_MAG016_MAG016_24_121,0.0,EX01,MAG016
MAG016_MAG016_MAG016_24_122,1.060165964,EX01,MAG016
MAG016_MAG016_MAG016_24_123,1.603944924,EX01,MAG016
MAG016_MAG016_MAG016_24_124,0.0,EX01,MAG016
MAG016_MAG016_MAG016_24_13,0.44055345,EX01,MAG016
MAG016_MAG016_MAG016_24_14,0.0,EX01,MAG016
MAG016_MAG016_MAG016_24_15,0.0,EX01,MAG016
MAG016_MAG016_MAG016_24_16,1.76535368,EX01,MAG016
MAG016_MAG016_MAG016_24_17,0.0,EX01,MAG016
MAG016_MAG016_MAG016_24_18,0.0,EX01,MAG016
MAG016_MAG016_MAG016_24_19,0.0,EX01,MAG016
MAG016_MAG016_MAG016_24_2,2.334954855,EX01,MAG016
MAG016_MAG016_MAG016_24_20,2.112933978,EX01,MAG016
MAG016_MAG016_MAG016_24_21,1.516034987,EX01,MAG016
MAG016_MAG016_MAG016_24_22,0.0,EX01,MAG016
MAG016_MAG016_MAG016_24_23,0.661512232,EX01,MAG016
MAG016_MAG016_MAG016_24_24,0.0,EX01,MAG016
MAG016_MAG016_MAG016_24_25,1.384032771,EX01,MAG016
MAG016_MAG016_MAG016_24_26,4.81091478,EX01,MAG016
MAG016_MAG016_MAG016_24_27,0.169310197,EX01,MAG016
MAG016_MAG016_MAG016_24_28,0.338240363,EX01,MAG016
MAG016_MAG016_MAG016_24_29,0.26135374,EX01,MAG016
MAG016_MAG016_MAG016_24_3,1.740722625,EX01,MAG016
MAG016_MAG016_MAG016_24_30,2.041300991,EX01,MAG016
MAG016_MAG016_MAG016_24_31,0.535857155,EX01,MAG016
MAG016_MAG016_MAG016_24_32,1.475258468,EX01,MAG016
MAG016_MAG016_MAG016_24_33,0.013826712,EX01,MAG016
MAG016_MAG016_MAG016_24_34,0.026267985,EX01,MAG016
MAG016_MAG016_MAG016_24_35,3.107056541,EX01,MAG016
MAG016_MAG016_MAG016_24_36,0.951249508,EX01,MAG016
MAG016_MAG016_MAG016_24_37,0.296839597,EX01,MAG016
MAG016_MAG016_MAG016_24_38,0.253140884,EX01,MAG016
MAG016_MAG016_MAG016_24_39,0.0,EX01,MAG016
MAG016_MAG016_MAG016_24_4,2.888513715,EX01,MAG016
MAG016_MAG016_MAG016_24_40,1.536387363,EX01,MAG016
MAG016_MAG016_MAG016_24_41,0.0,EX01,MAG016
MAG016_MAG016_MAG016_24_42,0.0,EX01,MAG016
MAG016_MAG016_MAG016_24_43,4.040562708,EX01,MAG016
MAG016_MAG016_MAG016_24_44,15.44661569,EX01,MAG016
MAG016_MAG016_MAG016_24_45,4.0817686,EX01,MAG016
MAG016_MAG016_MAG016_24_46,10.43878095,EX01,MAG016
MAG016_MAG016_MAG016_24_47,8.304660976,EX01,MAG016
MAG016_MAG016_MAG016_24_48,5.435491533,EX01,MAG016
MAG016_MAG016_MAG016_24_49,0.037676221,EX01,MAG016
MAG016_MAG016_MAG016_24_5,0.007872731,EX01,MAG016
MAG016_MAG016_MAG016_24_50,0.858700414,EX01,MAG016
MAG016_MAG016_MAG016_24_51,0.0,EX01,MAG016
MAG016_MAG016_MAG016_24_52,0.0,EX01,MAG016
MAG016_MAG016_MAG016_24_53,0.0,EX01,MAG016
MAG016_MAG016_MAG016_24_54,0.011644718,EX01,MAG016
MAG016_MAG016_MAG016_24_55,0.0,EX01,MAG016
MAG016_MAG016_MAG016_24_56,0.00055501,EX01,MAG016
MAG016_MAG016_MAG016_24_57,0.063539092,EX01,MAG016
MAG016_MAG016_MAG016_24_58,0.00803577,EX01,MAG016
MAG016_MAG016_MAG016_24_59,0.002502789,EX01,MAG016
MAG016_MAG016_MAG016_24_6,0.0,EX01,MAG016
MAG016_MAG016_MAG016_24_60,0.047611568,EX01,MAG016
MAG016_MAG016_MAG016_24_61,0.028142855,EX01,MAG016
MAG016_MAG016_MAG016_24_62,0.039814615,EX01,MAG016
MAG016_MAG016_MAG016_24_63,0.005920212,EX01,MAG016
MAG016_MAG016_MAG016_24_64,0.001872647,EX01,MAG016
MAG016_MAG016_MAG016_24_65,0.0,EX01,MAG016
MAG016_MAG016_MAG016_24_66,0.255100682,EX01,MAG016
MAG016_MAG016_MAG016_24_67,3.12894682,EX01,MAG016
MAG016_MAG016_MAG016_24_68,0.342903975,EX01,MAG016
MAG016_MAG016_MAG016_24_69,2.027086814,EX01,MAG016
MAG016_MAG016_MAG016_24_7,2.306895367,EX01,MAG016
MAG016_MAG016_MAG016_24_70,0.340739246,EX01,MAG016
MAG016_MAG016_MAG016_24_71,1.034224469,EX01,MAG016
MAG016_MAG016_MAG016_24_72,0.935185929,EX01,MAG016
MAG016_MAG016_MAG016_24_73,0.677281467,EX01,MAG016
MAG016_MAG016_MAG016_24_74,0.0,EX01,MAG016
MAG016_MAG016_MAG016_24_75,3.141065838,EX01,MAG016
MAG016_MAG016_MAG016_24_76,0.937736222,EX01,MAG016
MAG016_MAG016_MAG016_24_77,0.0,EX01,MAG016
MAG016_MAG016_MAG016_24_78,0.0,EX01,MAG016
MAG016_MAG016_MAG016_24_79,0.0,EX01,MAG016
MAG016_MAG016_MAG016_24_8,3.149212679,EX01,MAG016
MAG016_MAG016_MAG016_24_80,0.0,EX01,MAG016
MAG016_MAG016_MAG016_24_81,3.580443742,EX01,MAG016
MAG016_MAG016_MAG016_24_82,0.520987279,EX01,MAG016
MAG016_MAG016_MAG016_24_83,4.332823567,EX01,MAG016
MAG016_MAG016_MAG016_24_84,0.0,EX01,MAG016
MAG016_MAG016_MAG016_24_85,0.305172679,EX01,MAG016
MAG016_MAG016_MAG016_24_86,2.15745264,EX01,MAG016
MAG016_MAG016_MAG016_24_87,0.0,EX01,MAG016
MAG016_MAG016_MAG016_24_88,0.0,EX01,MAG016
MAG016_MAG016_MAG016_24_89,1.546053883,EX01,MAG016
MAG016_MAG016_MAG016_24_9,1.565538951,EX01,MAG016
MAG016_MAG016_MAG016_24_90,0.084281427,EX01,MAG016
MAG016_MAG016_MAG016_24_91,0.163909328,EX01,MAG016
MAG016_MAG016_MAG016_24_92,4.222208007,EX01,MAG016
MAG016_MAG016_MAG016_24_93,2.70141736,EX01,MAG016
MAG016_MAG016_MAG016_24_94,1.602003018,EX01,MAG016
MAG016_MAG016_MAG016_24_95,0.917748829,EX01,MAG016
MAG016_MAG016_MAG016_24_96,1.452832079,EX01,MAG016
MAG016_MAG016_MAG016_24_97,0.0,EX01,MAG016
MAG016_MAG016_MAG016_24_98,0.0,EX01,MAG016
MAG016_MAG016_MAG016_24_99,25.65779928,EX01,MAG016
MAG016_MAG016_MAG016_25_1,0.186591047,EX01,MAG016
MAG016_MAG016_MAG016_25_10,0.0,EX01,MAG016
MAG016_MAG016_MAG016_25_11,7.042106272,EX01,MAG016
MAG016_MAG016_MAG016_25_12,0.0,EX01,MAG016
MAG016_MAG016_MAG016_25_13,0.0,EX01,MAG016
MAG016_MAG016_MAG016_25_14,1.004981753,EX01,MAG016
MAG016_MAG016_MAG016_25_15,0.037974227,EX01,MAG016
MAG016_MAG016_MAG016_25_16,2.01304738,EX01,MAG016
MAG016_MAG016_MAG016_25_17,0.0,EX01,MAG016
MAG016_MAG016_MAG016_25_18,2.01927071,EX01,MAG016
MAG016_MAG016_MAG016_25_19,0.295942342,EX01,MAG016
MAG016_MAG016_MAG016_25_2,0.0,EX01,MAG016
MAG016_MAG016_MAG016_25_20,0.0,EX01,MAG016
MAG016_MAG016_MAG016_25_21,0.804855485,EX01,MAG016
MAG016_MAG016_MAG016_25_22,0.0,EX01,MAG016
MAG016_MAG016_MAG016_25_23,0.010025884,EX01,MAG016
MAG016_MAG016_MAG016_25_24,0.291404428,EX01,MAG016
MAG016_MAG016_MAG016_25_25,1.058421479,EX01,MAG016
MAG016_MAG016_MAG016_25_26,0.41303068,EX01,MAG016
MAG016_MAG016_MAG016_25_27,0.0,EX01,MAG016
MAG016_MAG016_MAG016_25_3,0.43915639,EX01,MAG016
MAG016_MAG016_MAG016_25_4,1.045072146,EX01,MAG016
MAG016_MAG016_MAG016_25_5,0.352139747,EX01,MAG016
MAG016_MAG016_MAG016_25_6,0.0,EX01,MAG016
MAG016_MAG016_MAG016_25_7,0.0,EX01,MAG016
MAG016_MAG016_MAG016_25_8,0.003754324,EX01,MAG016
MAG016_MAG016_MAG016_25_9,0.0,EX01,MAG016
MAG016_MAG016_MAG016_26_1,0.483315246,EX01,MAG016
MAG016_MAG016_MAG016_26_10,0.0,EX01,MAG016
MAG016_MAG016_MAG016_26_100,66.09674488,EX01,MAG016
MAG016_MAG016_MAG016_26_101,6.252203347,EX01,MAG016
MAG016_MAG016_MAG016_26_102,0.0,EX01,MAG016
MAG016_MAG016_MAG016_26_103,0.0,EX01,MAG016
MAG016_MAG016_MAG016_26_104,0.0,EX01,MAG016
MAG016_MAG016_MAG016_26_105,1.667157477,EX01,MAG016
MAG016_MAG016_MAG016_26_106,2.071017115,EX01,MAG016
MAG016_MAG016_MAG016_26_107,0.0,EX01,MAG016
MAG016_MAG016_MAG016_26_108,0.925498037,EX01,MAG016
MAG016_MAG016_MAG016_26_109,5.125387849,EX01,MAG016
MAG016_MAG016_MAG016_26_11,0.0,EX01,MAG016
MAG016_MAG016_MAG016_26_110,0.343493716,EX01,MAG016
MAG016_MAG016_MAG016_26_111,1.383811727,EX01,MAG016
MAG016_MAG016_MAG016_26_112,2.43997062,EX01,MAG016
MAG016_MAG016_MAG016_26_113,5.649631702,EX01,MAG016
MAG016_MAG016_MAG016_26_114,11.39161383,EX01,MAG016
MAG016_MAG016_MAG016_26_115,1.540742819,EX01,MAG016
MAG016_MAG016_MAG016_26_116,0.904741078,EX01,MAG016
MAG016_MAG016_MAG016_26_117,1.521739011,EX01,MAG016
MAG016_MAG016_MAG016_26_118,1.30578363,EX01,MAG016
MAG016_MAG016_MAG016_26_119,0.0,EX01,MAG016
MAG016_MAG016_MAG016_26_12,0.057888044,EX01,MAG016
MAG016_MAG016_MAG016_26_120,0.502060784,EX01,MAG016
MAG016_MAG016_MAG016_26_121,0.314324112,EX01,MAG016
MAG016_MAG016_MAG016_26_122,0.0,EX01,MAG016
MAG016_MAG016_MAG016_26_123,0.383222053,EX01,MAG016
MAG016_MAG016_MAG016_26_124,0.449234973,EX01,MAG016
MAG016_MAG016_MAG016_26_125,2.136299398,EX01,MAG016
MAG016_MAG016_MAG016_26_126,2.634037151,EX01,MAG016
MAG016_MAG016_MAG016_26_127,1.194896334,EX01,MAG016
MAG016_MAG016_MAG016_26_128,5.990018975,EX01,MAG016
MAG016_MAG016_MAG016_26_129,0.0,EX01,MAG016
MAG016_MAG016_MAG016_26_13,0.613353229,EX01,MAG016
MAG016_MAG016_MAG016_26_130,0.715925768,EX01,MAG016
MAG016_MAG016_MAG016_26_131,0.0,EX01,MAG016
MAG016_MAG016_MAG016_26_132,85.88830359,EX01,MAG016
MAG016_MAG016_MAG016_26_133,0.0,EX01,MAG016
MAG016_MAG016_MAG016_26_134,0.756997597,EX01,MAG016
MAG016_MAG016_MAG016_26_135,1.314986774,EX01,MAG016
MAG016_MAG016_MAG016_26_136,0.0,EX01,MAG016
MAG016_MAG016_MAG016_26_137,0.450480551,EX01,MAG016
MAG016_MAG016_MAG016_26_138,0.0,EX01,MAG016
MAG016_MAG016_MAG016_26_139,4.857059238,EX01,MAG016
MAG016_MAG016_MAG016_26_14,0.0,EX01,MAG016
MAG016_MAG016_MAG016_26_140,0.0,EX01,MAG016
MAG016_MAG016_MAG016_26_141,10.54284266,EX01,MAG016
MAG016_MAG016_MAG016_26_142,12.10489134,EX01,MAG016
MAG016_MAG016_MAG016_26_143,0.0,EX01,MAG016
MAG016_MAG016_MAG016_26_144,0.0,EX01,MAG016
MAG016_MAG016_MAG016_26_145,0.0,EX01,MAG016
MAG016_MAG016_MAG016_26_146,0.960444837,EX01,MAG016
MAG016_MAG016_MAG016_26_147,0.779860743,EX01,MAG016
MAG016_MAG016_MAG016_26_148,0.501081933,EX01,MAG016
MAG016_MAG016_MAG016_26_149,1.014560294,EX01,MAG016
MAG016_MAG016_MAG016_26_15,2.054566528,EX01,MAG016
MAG016_MAG016_MAG016_26_150,0.470410529,EX01,MAG016
MAG016_MAG016_MAG016_26_16,0.0,EX01,MAG016
MAG016_MAG016_MAG016_26_17,0.496833586,EX01,MAG016
MAG016_MAG016_MAG016_26_18,1.215363872,EX01,MAG016
MAG016_MAG016_MAG016_26_19,0.182184524,EX01,MAG016
MAG016_MAG016_MAG016_26_2,0.0,EX01,MAG016
MAG016_MAG016_MAG016_26_20,0.59030897,EX01,MAG016
MAG016_MAG016_MAG016_26_21,3.393910044,EX01,MAG016
MAG016_MAG016_MAG016_26_22,0.0,EX01,MAG016
MAG016_MAG016_MAG016_26_23,0.0,EX01,MAG016
MAG016_MAG016_MAG016_26_24,0.0,EX01,MAG016
MAG016_MAG016_MAG016_26_25,6.055557116,EX01,MAG016
MAG016_MAG016_MAG016_26_26,0.0,EX01,MAG016
MAG016_MAG016_MAG016_26_27,1.607063217,EX01,MAG016
MAG016_MAG016_MAG016_26_28,1.313900217,EX01,MAG016
MAG016_MAG016_MAG016_26_29,0.521849247,EX01,MAG016
MAG016_MAG016_MAG016_26_3,0.334941451,EX01,MAG016
MAG016_MAG016_MAG016_26_30,0.734558755,EX01,MAG016
MAG016_MAG016_MAG016_26_31,10.26202143,EX01,MAG016
MAG016_MAG016_MAG016_26_32,0.085767195,EX01,MAG016
MAG016_MAG016_MAG016_26_33,0.0,EX01,MAG016
MAG016_MAG016_MAG016_26_34,2.832199185,EX01,MAG016
MAG016_MAG016_MAG016_26_35,0.00771342,EX01,MAG016
MAG016_MAG016_MAG016_26_36,0.0,EX01,MAG016
MAG016_MAG016_MAG016_26_37,2.935586099,EX01,MAG016
MAG016_MAG016_MAG016_26_38,5.260420866,EX01,MAG016
MAG016_MAG016_MAG016_26_39,2.434867037,EX01,MAG016
MAG016_MAG016_MAG016_26_4,0.0,EX01,MAG016
MAG016_MAG016_MAG016_26_40,0.0,EX01,MAG016
MAG016_MAG016_MAG016_26_41,0.0,EX01,MAG016
MAG016_MAG016_MAG016_26_42,0.0,EX01,MAG016
MAG016_MAG016_MAG016_26_43,0.002951969,EX01,MAG016
MAG016_MAG016_MAG016_26_44,0.0,EX01,MAG016
MAG016_MAG016_MAG016_26_45,0.0,EX01,MAG016
MAG016_MAG016_MAG016_26_46,0.0,EX01,MAG016
MAG016_MAG016_MAG016_26_47,0.697134438,EX01,MAG016
MAG016_MAG016_MAG016_26_48,1.920555325,EX01,MAG016
MAG016_MAG016_MAG016_26_49,0.80303731,EX01,MAG016
MAG016_MAG016_MAG016_26_5,0.008081781,EX01,MAG016
MAG016_MAG016_MAG016_26_50,0.0,EX01,MAG016
MAG016_MAG016_MAG016_26_51,0.391023624,EX01,MAG016
MAG016_MAG016_MAG016_26_52,7.013075943,EX01,MAG016
MAG016_MAG016_MAG016_26_53,2.97644833,EX01,MAG016
MAG016_MAG016_MAG016_26_54,19.25989527,EX01,MAG016
MAG016_MAG016_MAG016_26_55,1.89049853,EX01,MAG016
MAG016_MAG016_MAG016_26_56,1.55329068,EX01,MAG016
MAG016_MAG016_MAG016_26_57,0.168209346,EX01,MAG016
MAG016_MAG016_MAG016_26_58,0.0,EX01,MAG016
MAG016_MAG016_MAG016_26_59,0.186182518,EX01,MAG016
MAG016_MAG016_MAG016_26_6,0.0,EX01,MAG016
MAG016_MAG016_MAG016_26_60,0.0,EX01,MAG016
MAG016_MAG016_MAG016_26_61,0.0,EX01,MAG016
MAG016_MAG016_MAG016_26_62,4.044139756,EX01,MAG016
MAG016_MAG016_MAG016_26_63,0.910093712,EX01,MAG016
MAG016_MAG016_MAG016_26_64,0.231574794,EX01,MAG016
MAG016_MAG016_MAG016_26_65,0.502214315,EX01,MAG016
MAG016_MAG016_MAG016_26_66,0.179415597,EX01,MAG016
MAG016_MAG016_MAG016_26_67,0.0,EX01,MAG016
MAG016_MAG016_MAG016_26_68,0.0,EX01,MAG016
MAG016_MAG016_MAG016_26_69,0.0,EX01,MAG016
MAG016_MAG016_MAG016_26_7,5.311512577,EX01,MAG016
MAG016_MAG016_MAG016_26_70,0.0,EX01,MAG016
MAG016_MAG016_MAG016_26_71,0.0,EX01,MAG016
MAG016_MAG016_MAG016_26_72,0.0,EX01,MAG016
MAG016_MAG016_MAG016_26_73,0.0,EX01,MAG016
MAG016_MAG016_MAG016_26_74,1.125725596,EX01,MAG016
MAG016_MAG016_MAG016_26_75,0.0,EX01,MAG016
MAG016_MAG016_MAG016_26_76,0.0,EX01,MAG016
MAG016_MAG016_MAG016_26_77,7.218855046,EX01,MAG016
MAG016_MAG016_MAG016_26_78,1.156403755,EX01,MAG016
MAG016_MAG016_MAG016_26_79,0.0,EX01,MAG016
MAG016_MAG016_MAG016_26_8,0.0,EX01,MAG016
MAG016_MAG016_MAG016_26_80,0.018603384,EX01,MAG016
MAG016_MAG016_MAG016_26_81,4.909525453,EX01,MAG016
MAG016_MAG016_MAG016_26_82,0.307267322,EX01,MAG016
MAG016_MAG016_MAG016_26_83,0.0,EX01,MAG016
MAG016_MAG016_MAG016_26_84,3.86759966,EX01,MAG016
MAG016_MAG016_MAG016_26_85,11.90903398,EX01,MAG016
MAG016_MAG016_MAG016_26_86,1.502512202,EX01,MAG016
MAG016_MAG016_MAG016_26_87,1.214631316,EX01,MAG016
MAG016_MAG016_MAG016_26_88,0.0,EX01,MAG016
MAG016_MAG016_MAG016_26_89,0.577326159,EX01,MAG016
MAG016_MAG016_MAG016_26_9,0.0,EX01,MAG016
MAG016_MAG016_MAG016_26_90,1.116689255,EX01,MAG016
MAG016_MAG016_MAG016_26_91,0.0,EX01,MAG016
MAG016_MAG016_MAG016_26_92,0.0,EX01,MAG016
MAG016_MAG016_MAG016_26_93,0.338328,EX01,MAG016
MAG016_MAG016_MAG016_26_94,0.628838137,EX01,MAG016
MAG016_MAG016_MAG016_26_95,0.109113037,EX01,MAG016
MAG016_MAG016_MAG016_26_96,0.009194253,EX01,MAG016
MAG016_MAG016_MAG016_26_97,0.0,EX01,MAG016
MAG016_MAG016_MAG016_26_98,0.386677418,EX01,MAG016
MAG016_MAG016_MAG016_26_99,1.325272779,EX01,MAG016
MAG016_MAG016_MAG016_27_1,0.0,EX01,MAG016
MAG016_MAG016_MAG016_27_2,0.0,EX01,MAG016
MAG016_MAG016_MAG016_27_3,0.0,EX01,MAG016
MAG016_MAG016_MAG016_28_1,0.0,EX01,MAG016
MAG016_MAG016_MAG016_28_10,0.0,EX01,MAG016
MAG016_MAG016_MAG016_28_11,0.0,EX01,MAG016
MAG016_MAG016_MAG016_28_12,0.003307064,EX01,MAG016
MAG016_MAG016_MAG016_28_13,0.0,EX01,MAG016
MAG016_MAG016_MAG016_28_14,3.443813421,EX01,MAG016
MAG016_MAG016_MAG016_28_15,5.436874407,EX01,MAG016
MAG016_MAG016_MAG016_28_16,0.0,EX01,MAG016
MAG016_MAG016_MAG016_28_17,0.0,EX01,MAG016
MAG016_MAG016_MAG016_28_18,0.014069406,EX01,MAG016
MAG016_MAG016_MAG016_28_19,0.0,EX01,MAG016
MAG016_MAG016_MAG016_28_2,0.0,EX01,MAG016
MAG016_MAG016_MAG016_28_20,0.494799782,EX01,MAG016
MAG016_MAG016_MAG016_28_21,10.58298714,EX01,MAG016
MAG016_MAG016_MAG016_28_22,0.103988871,EX01,MAG016
MAG016_MAG016_MAG016_28_23,0.0,EX01,MAG016
MAG016_MAG016_MAG016_28_24,0.0,EX01,MAG016
MAG016_MAG016_MAG016_28_25,0.0,EX01,MAG016
MAG016_MAG016_MAG016_28_26,0.232193147,EX01,MAG016
MAG016_MAG016_MAG016_28_27,0.386936422,EX01,MAG016
MAG016_MAG016_MAG016_28_28,0.0,EX01,MAG016
MAG016_MAG016_MAG016_28_29,0.0,EX01,MAG016
MAG016_MAG016_MAG016_28_3,0.0,EX01,MAG016
MAG016_MAG016_MAG016_28_30,0.0,EX01,MAG016
MAG016_MAG016_MAG016_28_31,0.0,EX01,MAG016
MAG016_MAG016_MAG016_28_32,0.508996099,EX01,MAG016
MAG016_MAG016_MAG016_28_33,0.0,EX01,MAG016
MAG016_MAG016_MAG016_28_34,0.38410353,EX01,MAG016
MAG016_MAG016_MAG016_28_35,0.0,EX01,MAG016
MAG016_MAG016_MAG016_28_36,0.002082346,EX01,MAG016
MAG016_MAG016_MAG016_28_37,0.001273111,EX01,MAG016
MAG016_MAG016_MAG016_28_38,0.0,EX01,MAG016
MAG016_MAG016_MAG016_28_39,0.0,EX01,MAG016
MAG016_MAG016_MAG016_28_4,0.0,EX01,MAG016
MAG016_MAG016_MAG016_28_40,0.0,EX01,MAG016
MAG016_MAG016_MAG016_28_41,0.142697366,EX01,MAG016
MAG016_MAG016_MAG016_28_42,1.000643486,EX01,MAG016
MAG016_MAG016_MAG016_28_43,0.002221562,EX01,MAG016
MAG016_MAG016_MAG016_28_44,0.083240129,EX01,MAG016
MAG016_MAG016_MAG016_28_45,0.00225526,EX01,MAG016
MAG016_MAG016_MAG016_28_46,0.002464493,EX01,MAG016
MAG016_MAG016_MAG016_28_47,0.001588192,EX01,MAG016
MAG016_MAG016_MAG016_28_48,0.001829703,EX01,MAG016
MAG016_MAG016_MAG016_28_49,0.0,EX01,MAG016
MAG016_MAG016_MAG016_28_5,0.012941453,EX01,MAG016
MAG016_MAG016_MAG016_28_50,0.166480263,EX01,MAG016
MAG016_MAG016_MAG016_28_51,0.00162502,EX01,MAG016
MAG016_MAG016_MAG016_28_52,0.180504553,EX01,MAG016
MAG016_MAG016_MAG016_28_53,0.002101971,EX01,MAG016
MAG016_MAG016_MAG016_28_54,0.082204152,EX01,MAG016
MAG016_MAG016_MAG016_28_6,0.0,EX01,MAG016
MAG016_MAG016_MAG016_28_7,0.267608092,EX01,MAG016
MAG016_MAG016_MAG016_28_8,0.0,EX01,MAG016
MAG016_MAG016_MAG016_28_9,0.0,EX01,MAG016
MAG016_MAG016_MAG016_29_1,0.0,EX01,MAG016
MAG016_MAG016_MAG016_29_2,4.361858098,EX01,MAG016
MAG016_MAG016_MAG016_29_3,1.762158504,EX01,MAG016
MAG016_MAG016_MAG016_29_4,0.0,EX01,MAG016
MAG016_MAG016_MAG016_2_1,0.123526214,EX01,MAG016
MAG016_MAG016_MAG016_30_1,0.0,EX01,MAG016
MAG016_MAG016_MAG016_30_10,1.568284804,EX01,MAG016
MAG016_MAG016_MAG016_30_11,1.340368191,EX01,MAG016
MAG016_MAG016_MAG016_30_12,3.374651655,EX01,MAG016
MAG016_MAG016_MAG016_30_13,4.427565264,EX01,MAG016
MAG016_MAG016_MAG016_30_14,1.305925306,EX01,MAG016
MAG016_MAG016_MAG016_30_15,0.0,EX01,MAG016
MAG016_MAG016_MAG016_30_16,0.0,EX01,MAG016
MAG016_MAG016_MAG016_30_17,0.0,EX01,MAG016
MAG016_MAG016_MAG016_30_18,0.0,EX01,MAG016
MAG016_MAG016_MAG016_30_19,0.423704316,EX01,MAG016
MAG016_MAG016_MAG016_30_2,0.0,EX01,MAG016
MAG016_MAG016_MAG016_30_20,0.847356105,EX01,MAG016
MAG016_MAG016_MAG016_30_21,3.518036712,EX01,MAG016
MAG016_MAG016_MAG016_30_22,5.908622246,EX01,MAG016
MAG016_MAG016_MAG016_30_23,0.007829193,EX01,MAG016
MAG016_MAG016_MAG016_30_24,0.0,EX01,MAG016
MAG016_MAG016_MAG016_30_25,0.0,EX01,MAG016
MAG016_MAG016_MAG016_30_26,0.0,EX01,MAG016
MAG016_MAG016_MAG016_30_27,0.614423249,EX01,MAG016
MAG016_MAG016_MAG016_30_28,0.0,EX01,MAG016
MAG016_MAG016_MAG016_30_29,1.78288645,EX01,MAG016
MAG016_MAG016_MAG016_30_3,0.0,EX01,MAG016
MAG016_MAG016_MAG016_30_30,0.411679522,EX01,MAG016
MAG016_MAG016_MAG016_30_31,0.0,EX01,MAG016
MAG016_MAG016_MAG016_30_32,1.35988125,EX01,MAG016
MAG016_MAG016_MAG016_30_33,0.706435813,EX01,MAG016
MAG016_MAG016_MAG016_30_34,0.497316274,EX01,MAG016
MAG016_MAG016_MAG016_30_35,0.275520132,EX01,MAG016
MAG016_MAG016_MAG016_30_36,0.521655378,EX01,MAG016
MAG016_MAG016_MAG016_30_37,0.102486484,EX01,MAG016
MAG016_MAG016_MAG016_30_38,0.026208526,EX01,MAG016
MAG016_MAG016_MAG016_30_39,0.217791986,EX01,MAG016
MAG016_MAG016_MAG016_30_4,0.0,EX01,MAG016
MAG016_MAG016_MAG016_30_40,3.018963373,EX01,MAG016
MAG016_MAG016_MAG016_30_41,1.015248656,EX01,MAG016
MAG016_MAG016_MAG016_30_42,1.147087073,EX01,MAG016
MAG016_MAG016_MAG016_30_43,0.279345163,EX01,MAG016
MAG016_MAG016_MAG016_30_44,0.573628262,EX01,MAG016
MAG016_MAG016_MAG016_30_45,0.0,EX01,MAG016
MAG016_MAG016_MAG016_30_46,0.310541517,EX01,MAG016
MAG016_MAG016_MAG016_30_47,0.06660392,EX01,MAG016
MAG016_MAG016_MAG016_30_48,0.205931467,EX01,MAG016
MAG016_MAG016_MAG016_30_49,0.002873656,EX01,MAG016
MAG016_MAG016_MAG016_30_5,0.361190166,EX01,MAG016
MAG016_MAG016_MAG016_30_6,1.43313942,EX01,MAG016
MAG016_MAG016_MAG016_30_7,5.169336976,EX01,MAG016
MAG016_MAG016_MAG016_30_8,0.133727529,EX01,MAG016
MAG016_MAG016_MAG016_30_9,1.062873614,EX01,MAG016
MAG016_MAG016_MAG016_31_1,0.0,EX01,MAG016
MAG016_MAG016_MAG016_31_10,0.0,EX01,MAG016
MAG016_MAG016_MAG016_31_11,0.109512134,EX01,MAG016
MAG016_MAG016_MAG016_31_12,0.0,EX01,MAG016
MAG016_MAG016_MAG016_31_13,0.0,EX01,MAG016
MAG016_MAG016_MAG016_31_14,0.0,EX01,MAG016
MAG016_MAG016_MAG016_31_15,0.0,EX01,MAG016
MAG016_MAG016_MAG016_31_16,0.0,EX01,MAG016
MAG016_MAG016_MAG016_31_2,0.0,EX01,MAG016
MAG016_MAG016_MAG016_31_3,1.438829828,EX01,MAG016
MAG016_MAG016_MAG016_31_4,1.193335941,EX01,MAG016
MAG016_MAG016_MAG016_31_5,5.945650822,EX01,MAG016
MAG016_MAG016_MAG016_31_6,4.442940873,EX01,MAG016
MAG016_MAG016_MAG016_31_7,2.121276776,EX01,MAG016
MAG016_MAG016_MAG016_31_8,3.293687168,EX01,MAG016
MAG016_MAG016_MAG016_31_9,0.0,EX01,MAG016
MAG016_MAG016_MAG016_32_1,0.0,EX01,MAG016
MAG016_MAG016_MAG016_32_10,0.0,EX01,MAG016
MAG016_MAG016_MAG016_32_11,0.332960521,EX01,MAG016
MAG016_MAG016_MAG016_32_12,0.339653321,EX01,MAG016
MAG016_MAG016_MAG016_32_13,0.0,EX01,MAG016
MAG016_MAG016_MAG016_32_14,0.0,EX01,MAG016
MAG016_MAG016_MAG016_32_15,0.008808532,EX01,MAG016
MAG016_MAG016_MAG016_32_16,0.001502879,EX01,MAG016
MAG016_MAG016_MAG016_32_17,0.0,EX01,MAG016
MAG016_MAG016_MAG016_32_18,0.0,EX01,MAG016
MAG016_MAG016_MAG016_32_19,0.923798424,EX01,MAG016
MAG016_MAG016_MAG016_32_2,1.916693199,EX01,MAG016
MAG016_MAG016_MAG016_32_20,1.366342723,EX01,MAG016
MAG016_MAG016_MAG016_32_21,0.0,EX01,MAG016
MAG016_MAG016_MAG016_32_22,0.495287537,EX01,MAG016
MAG016_MAG016_MAG016_32_23,0.392439163,EX01,MAG016
MAG016_MAG016_MAG016_32_24,0.0,EX01,MAG016
MAG016_MAG016_MAG016_32_25,0.0,EX01,MAG016
MAG016_MAG016_MAG016_32_26,0.005196437,EX01,MAG016
MAG016_MAG016_MAG016_32_27,0.002724602,EX01,MAG016
MAG016_MAG016_MAG016_32_28,0.001823923,EX01,MAG016
MAG016_MAG016_MAG016_32_29,0.015886052,EX01,MAG016
MAG016_MAG016_MAG016_32_3,2.371390941,EX01,MAG016
MAG016_MAG016_MAG016_32_30,0.004535439,EX01,MAG016
MAG016_MAG016_MAG016_32_31,0.009798241,EX01,MAG016
MAG016_MAG016_MAG016_32_32,0.277292004,EX01,MAG016
MAG016_MAG016_MAG016_32_33,0.110511755,EX01,MAG016
MAG016_MAG016_MAG016_32_4,1.087516021,EX01,MAG016
MAG016_MAG016_MAG016_32_5,0.681223377,EX01,MAG016
MAG016_MAG016_MAG016_32_6,0.006962839,EX01,MAG016
MAG016_MAG016_MAG016_32_7,0.011937526,EX01,MAG016
MAG016_MAG016_MAG016_32_8,0.0,EX01,MAG016
MAG016_MAG016_MAG016_32_9,0.179798679,EX01,MAG016
MAG016_MAG016_MAG016_33_1,0.120823246,EX01,MAG016
MAG016_MAG016_MAG016_33_10,0.0,EX01,MAG016
MAG016_MAG016_MAG016_33_11,0.509361472,EX01,MAG016
MAG016_MAG016_MAG016_33_2,0.0,EX01,MAG016
MAG016_MAG016_MAG016_33_3,0.171725653,EX01,MAG016
MAG016_MAG016_MAG016_33_4,0.277345746,EX01,MAG016
MAG016_MAG016_MAG016_33_5,0.492249369,EX01,MAG016
MAG016_MAG016_MAG016_33_6,0.399016692,EX01,MAG016
MAG016_MAG016_MAG016_33_7,0.256253719,EX01,MAG016
MAG016_MAG016_MAG016_33_8,0.377635111,EX01,MAG016
MAG016_MAG016_MAG016_33_9,0.0,EX01,MAG016
MAG016_MAG016_MAG016_34_1,0.0,EX01,MAG016
MAG016_MAG016_MAG016_34_10,0.0,EX01,MAG016
MAG016_MAG016_MAG016_34_11,0.0,EX01,MAG016
MAG016_MAG016_MAG016_34_12,0.0,EX01,MAG016
MAG016_MAG016_MAG016_34_13,0.52489605,EX01,MAG016
MAG016_MAG016_MAG016_34_14,0.185703739,EX01,MAG016
MAG016_MAG016_MAG016_34_15,0.0,EX01,MAG016
MAG016_MAG016_MAG016_34_16,0.0,EX01,MAG016
MAG016_MAG016_MAG016_34_17,0.779147886,EX01,MAG016
MAG016_MAG016_MAG016_34_18,0.0,EX01,MAG016
MAG016_MAG016_MAG016_34_19,0.0,EX01,MAG016
MAG016_MAG016_MAG016_34_2,0.0,EX01,MAG016
MAG016_MAG016_MAG016_34_20,0.0,EX01,MAG016
MAG016_MAG016_MAG016_34_21,0.0,EX01,MAG016
MAG016_MAG016_MAG016_34_22,0.006401891,EX01,MAG016
MAG016_MAG016_MAG016_34_23,0.0,EX01,MAG016
MAG016_MAG016_MAG016_34_24,0.160170099,EX01,MAG016
MAG016_MAG016_MAG016_34_3,0.0,EX01,MAG016
MAG016_MAG016_MAG016_34_4,0.222260766,EX01,MAG016
MAG016_MAG016_MAG016_34_5,0.0,EX01,MAG016
MAG016_MAG016_MAG016_34_6,0.0,EX01,MAG016
MAG016_MAG016_MAG016_34_7,0.0,EX01,MAG016
MAG016_MAG016_MAG016_34_8,0.0,EX01,MAG016
MAG016_MAG016_MAG016_34_9,0.0,EX01,MAG016
MAG016_MAG016_MAG016_35_1,0.661242367,EX01,MAG016
MAG016_MAG016_MAG016_35_2,2.098708949,EX01,MAG016
MAG016_MAG016_MAG016_35_3,0.0,EX01,MAG016
MAG016_MAG016_MAG016_36_1,26.54348971,EX01,MAG016
MAG016_MAG016_MAG016_36_10,0.842156343,EX01,MAG016
MAG016_MAG016_MAG016_36_100,0.0,EX01,MAG016
MAG016_MAG016_MAG016_36_101,0.0,EX01,MAG016
MAG016_MAG016_MAG016_36_102,5.414327585,EX01,MAG016
MAG016_MAG016_MAG016_36_103,0.0,EX01,MAG016
MAG016_MAG016_MAG016_36_104,0.0,EX01,MAG016
MAG016_MAG016_MAG016_36_105,0.461153594,EX01,MAG016
MAG016_MAG016_MAG016_36_106,0.0,EX01,MAG016
MAG016_MAG016_MAG016_36_107,0.869377811,EX01,MAG016
MAG016_MAG016_MAG016_36_108,1.033469834,EX01,MAG016
MAG016_MAG016_MAG016_36_109,0.0,EX01,MAG016
MAG016_MAG016_MAG016_36_11,0.940233663,EX01,MAG016
MAG016_MAG016_MAG016_36_110,0.324663377,EX01,MAG016
MAG016_MAG016_MAG016_36_111,3.116049098,EX01,MAG016
MAG016_MAG016_MAG016_36_112,2.47046205,EX01,MAG016
MAG016_MAG016_MAG016_36_113,1.283064542,EX01,MAG016
MAG016_MAG016_MAG016_36_114,3.885152921,EX01,MAG016
MAG016_MAG016_MAG016_36_115,0.947959212,EX01,MAG016
MAG016_MAG016_MAG016_36_116,0.0,EX01,MAG016
MAG016_MAG016_MAG016_36_117,0.159522294,EX01,MAG016
MAG016_MAG016_MAG016_36_118,0.0,EX01,MAG016
MAG016_MAG016_MAG016_36_119,0.0,EX01,MAG016
MAG016_MAG016_MAG016_36_12,1.126894756,EX01,MAG016
MAG016_MAG016_MAG016_36_120,1.029854303,EX01,MAG016
MAG016_MAG016_MAG016_36_121,0.0,EX01,MAG016
MAG016_MAG016_MAG016_36_122,0.973717489,EX01,MAG016
MAG016_MAG016_MAG016_36_123,0.0,EX01,MAG016
MAG016_MAG016_MAG016_36_124,2.852295658,EX01,MAG016
MAG016_MAG016_MAG016_36_125,2.361820139,EX01,MAG016
MAG016_MAG016_MAG016_36_126,0.0,EX01,MAG016
MAG016_MAG016_MAG016_36_127,0.582353458,EX01,MAG016
MAG016_MAG016_MAG016_36_128,1.050619947,EX01,MAG016
MAG016_MAG016_MAG016_36_129,0.0,EX01,MAG016
MAG016_MAG016_MAG016_36_13,1.784011585,EX01,MAG016
MAG016_MAG016_MAG016_36_130,0.0,EX01,MAG016
MAG016_MAG016_MAG016_36_131,0.958177275,EX01,MAG016
MAG016_MAG016_MAG016_36_132,2.421282389,EX01,MAG016
MAG016_MAG016_MAG016_36_133,10.74253507,EX01,MAG016
MAG016_MAG016_MAG016_36_134,3.471691773,EX01,MAG016
MAG016_MAG016_MAG016_36_135,1.303321107,EX01,MAG016
MAG016_MAG016_MAG016_36_136,28.93364072,EX01,MAG016
MAG016_MAG016_MAG016_36_137,43.29112463,EX01,MAG016
MAG016_MAG016_MAG016_36_138,0.0,EX01,MAG016
MAG016_MAG016_MAG016_36_139,0.285629557,EX01,MAG016
MAG016_MAG016_MAG016_36_14,0.0,EX01,MAG016
MAG016_MAG016_MAG016_36_140,3.425030262,EX01,MAG016
MAG016_MAG016_MAG016_36_141,0.29620281,EX01,MAG016
MAG016_MAG016_MAG016_36_142,0.0,EX01,MAG016
MAG016_MAG016_MAG016_36_143,4.079807351,EX01,MAG016
MAG016_MAG016_MAG016_36_144,4.096273333,EX01,MAG016
MAG016_MAG016_MAG016_36_145,1.205682083,EX01,MAG016
MAG016_MAG016_MAG016_36_146,0.817395993,EX01,MAG016
MAG016_MAG016_MAG016_36_147,0.0,EX01,MAG016
MAG016_MAG016_MAG016_36_148,0.0,EX01,MAG016
MAG016_MAG016_MAG016_36_149,0.0,EX01,MAG016
MAG016_MAG016_MAG016_36_15,0.669854871,EX01,MAG016
MAG016_MAG016_MAG016_36_150,0.0,EX01,MAG016
MAG016_MAG016_MAG016_36_151,1.164527679,EX01,MAG016
MAG016_MAG016_MAG016_36_152,0.347311028,EX01,MAG016
MAG016_MAG016_MAG016_36_153,0.0,EX01,MAG016
MAG016_MAG016_MAG016_36_154,0.0,EX01,MAG016
MAG016_MAG016_MAG016_36_155,1.026339072,EX01,MAG016
MAG016_MAG016_MAG016_36_156,0.274902107,EX01,MAG016
MAG016_MAG016_MAG016_36_157,0.0,EX01,MAG016
MAG016_MAG016_MAG016_36_158,0.200109701,EX01,MAG016
MAG016_MAG016_MAG016_36_159,0.0,EX01,MAG016
MAG016_MAG016_MAG016_36_16,2.728217956,EX01,MAG016
MAG016_MAG016_MAG016_36_160,1.763843781,EX01,MAG016
MAG016_MAG016_MAG016_36_161,0.0,EX01,MAG016
MAG016_MAG016_MAG016_36_162,6.521571349,EX01,MAG016
MAG016_MAG016_MAG016_36_163,0.0,EX01,MAG016
MAG016_MAG016_MAG016_36_164,0.349953829,EX01,MAG016
MAG016_MAG016_MAG016_36_165,0.0,EX01,MAG016
MAG016_MAG016_MAG016_36_166,0.0,EX01,MAG016
MAG016_MAG016_MAG016_36_167,0.0,EX01,MAG016
MAG016_MAG016_MAG016_36_168,19.79250312,EX01,MAG016
MAG016_MAG016_MAG016_36_169,16.64677582,EX01,MAG016
MAG016_MAG016_MAG016_36_17,0.0,EX01,MAG016
MAG016_MAG016_MAG016_36_170,0.0,EX01,MAG016
MAG016_MAG016_MAG016_36_171,0.0,EX01,MAG016
MAG016_MAG016_MAG016_36_172,1.87431085,EX01,MAG016
MAG016_MAG016_MAG016_36_173,3.2882556,EX01,MAG016
MAG016_MAG016_MAG016_36_174,0.125900634,EX01,MAG016
MAG016_MAG016_MAG016_36_175,0.0,EX01,MAG016
MAG016_MAG016_MAG016_36_176,0.0,EX01,MAG016
MAG016_MAG016_MAG016_36_177,0.0,EX01,MAG016
MAG016_MAG016_MAG016_36_178,1.910005804,EX01,MAG016
MAG016_MAG016_MAG016_36_179,14.09535796,EX01,MAG016
MAG016_MAG016_MAG016_36_18,1.813958173,EX01,MAG016
MAG016_MAG016_MAG016_36_180,0.0,EX01,MAG016
MAG016_MAG016_MAG016_36_181,0.752503922,EX01,MAG016
MAG016_MAG016_MAG016_36_182,0.0,EX01,MAG016
MAG016_MAG016_MAG016_36_183,0.209085683,EX01,MAG016
MAG016_MAG016_MAG016_36_184,0.934535411,EX01,MAG016
MAG016_MAG016_MAG016_36_185,1.290955405,EX01,MAG016
MAG016_MAG016_MAG016_36_186,0.739000146,EX01,MAG016
MAG016_MAG016_MAG016_36_187,0.0,EX01,MAG016
MAG016_MAG016_MAG016_36_188,1.040947822,EX01,MAG016
MAG016_MAG016_MAG016_36_189,1.14774037,EX01,MAG016
MAG016_MAG016_MAG016_36_19,1.469832598,EX01,MAG016
MAG016_MAG016_MAG016_36_190,0.038282657,EX01,MAG016
MAG016_MAG016_MAG016_36_191,2.024537139,EX01,MAG016
MAG016_MAG016_MAG016_36_192,4.03941446,EX01,MAG016
MAG016_MAG016_MAG016_36_193,2.03271021,EX01,MAG016
MAG016_MAG016_MAG016_36_194,1.764314896,EX01,MAG016
MAG016_MAG016_MAG016_36_195,2.47778685,EX01,MAG016
MAG016_MAG016_MAG016_36_196,4.12065931,EX01,MAG016
MAG016_MAG016_MAG016_36_197,4.206617563,EX01,MAG016
MAG016_MAG016_MAG016_36_198,1.024881521,EX01,MAG016
MAG016_MAG016_MAG016_36_199,1.036824573,EX01,MAG016
MAG016_MAG016_MAG016_36_2,0.05375492,EX01,MAG016
MAG016_MAG016_MAG016_36_20,0.0,EX01,MAG016
MAG016_MAG016_MAG016_36_200,0.283027368,EX01,MAG016
MAG016_MAG016_MAG016_36_201,2.58677762,EX01,MAG016
MAG016_MAG016_MAG016_36_202,0.0,EX01,MAG016
MAG016_MAG016_MAG016_36_203,0.002403845,EX01,MAG016
MAG016_MAG016_MAG016_36_204,7.744689442,EX01,MAG016
MAG016_MAG016_MAG016_36_205,5.33370658,EX01,MAG016
MAG016_MAG016_MAG016_36_206,8.257678246,EX01,MAG016
MAG016_MAG016_MAG016_36_207,1.929847605,EX01,MAG016
MAG016_MAG016_MAG016_36_208,0.0,EX01,MAG016
MAG016_MAG016_MAG016_36_209,0.412599849,EX01,MAG016
MAG016_MAG016_MAG016_36_21,3.895810671,EX01,MAG016
MAG016_MAG016_MAG016_36_210,1.200102032,EX01,MAG016
MAG016_MAG016_MAG016_36_211,0.294819367,EX01,MAG016
MAG016_MAG016_MAG016_36_212,0.637463402,EX01,MAG016
MAG016_MAG016_MAG016_36_213,0.0,EX01,MAG016
MAG016_MAG016_MAG016_36_214,0.0,EX01,MAG016
MAG016_MAG016_MAG016_36_215,0.0,EX01,MAG016
MAG016_MAG016_MAG016_36_216,0.0,EX01,MAG016
MAG016_MAG016_MAG016_36_217,0.020549507,EX01,MAG016
MAG016_MAG016_MAG016_36_218,0.0,EX01,MAG016
MAG016_MAG016_MAG016_36_219,0.0,EX01,MAG016
MAG016_MAG016_MAG016_36_22,1.572884942,EX01,MAG016
MAG016_MAG016_MAG016_36_220,0.0,EX01,MAG016
MAG016_MAG016_MAG016_36_221,2.174264498,EX01,MAG016
MAG016_MAG016_MAG016_36_222,0.0,EX01,MAG016
MAG016_MAG016_MAG016_36_223,0.0,EX01,MAG016
MAG016_MAG016_MAG016_36_224,1.109114808,EX01,MAG016
MAG016_MAG016_MAG016_36_225,0.0,EX01,MAG016
MAG016_MAG016_MAG016_36_226,127.3653325,EX01,MAG016
MAG016_MAG016_MAG016_36_227,0.835248264,EX01,MAG016
MAG016_MAG016_MAG016_36_228,3.248100575,EX01,MAG016
MAG016_MAG016_MAG016_36_229,6.052455332,EX01,MAG016
MAG016_MAG016_MAG016_36_23,1.031030847,EX01,MAG016
MAG016_MAG016_MAG016_36_230,20.91296497,EX01,MAG016
MAG016_MAG016_MAG016_36_231,15.38403084,EX01,MAG016
MAG016_MAG016_MAG016_36_232,22.37163643,EX01,MAG016
MAG016_MAG016_MAG016_36_233,0.007064395,EX01,MAG016
MAG016_MAG016_MAG016_36_234,0.274531536,EX01,MAG016
MAG016_MAG016_MAG016_36_235,3.450447087,EX01,MAG016
MAG016_MAG016_MAG016_36_236,0.0,EX01,MAG016
MAG016_MAG016_MAG016_36_237,0.0,EX01,MAG016
MAG016_MAG016_MAG016_36_238,8.241529105,EX01,MAG016
MAG016_MAG016_MAG016_36_239,0.0,EX01,MAG016
MAG016_MAG016_MAG016_36_24,1.799325132,EX01,MAG016
MAG016_MAG016_MAG016_36_240,0.437754149,EX01,MAG016
MAG016_MAG016_MAG016_36_241,0.297318892,EX01,MAG016
MAG016_MAG016_MAG016_36_242,0.191592626,EX01,MAG016
MAG016_MAG016_MAG016_36_243,0.0,EX01,MAG016
MAG016_MAG016_MAG016_36_244,0.0,EX01,MAG016
MAG016_MAG016_MAG016_36_245,5.550351599,EX01,MAG016
MAG016_MAG016_MAG016_36_246,3.420110227,EX01,MAG016
MAG016_MAG016_MAG016_36_247,0.0,EX01,MAG016
MAG016_MAG016_MAG016_36_248,0.0,EX01,MAG016
MAG016_MAG016_MAG016_36_249,2.180470006,EX01,MAG016
MAG016_MAG016_MAG016_36_25,0.326240617,EX01,MAG016
MAG016_MAG016_MAG016_36_250,6.070007392,EX01,MAG016
MAG016_MAG016_MAG016_36_251,0.675179128,EX01,MAG016
MAG016_MAG016_MAG016_36_252,1.362272639,EX01,MAG016
MAG016_MAG016_MAG016_36_253,0.754182189,EX01,MAG016
MAG016_MAG016_MAG016_36_254,2.05332466,EX01,MAG016
MAG016_MAG016_MAG016_36_255,0.0,EX01,MAG016
MAG016_MAG016_MAG016_36_256,0.507057135,EX01,MAG016
MAG016_MAG016_MAG016_36_257,0.258513859,EX01,MAG016
MAG016_MAG016_MAG016_36_258,0.0,EX01,MAG016
MAG016_MAG016_MAG016_36_259,0.0,EX01,MAG016
MAG016_MAG016_MAG016_36_26,7.258450996,EX01,MAG016
MAG016_MAG016_MAG016_36_260,0.0,EX01,MAG016
MAG016_MAG016_MAG016_36_261,0.0,EX01,MAG016
MAG016_MAG016_MAG016_36_262,0.0,EX01,MAG016
MAG016_MAG016_MAG016_36_263,0.0,EX01,MAG016
MAG016_MAG016_MAG016_36_264,0.0,EX01,MAG016
MAG016_MAG016_MAG016_36_265,0.0,EX01,MAG016
MAG016_MAG016_MAG016_36_266,1.023816971,EX01,MAG016
MAG016_MAG016_MAG016_36_267,0.0,EX01,MAG016
MAG016_MAG016_MAG016_36_268,0.207154468,EX01,MAG016
MAG016_MAG016_MAG016_36_269,0.0,EX01,MAG016
MAG016_MAG016_MAG016_36_27,2.80657127,EX01,MAG016
MAG016_MAG016_MAG016_36_270,0.56330781,EX01,MAG016
MAG016_MAG016_MAG016_36_271,0.522901342,EX01,MAG016
MAG016_MAG016_MAG016_36_272,0.005856694,EX01,MAG016
MAG016_MAG016_MAG016_36_273,0.539352769,EX01,MAG016
MAG016_MAG016_MAG016_36_274,0.0,EX01,MAG016
MAG016_MAG016_MAG016_36_275,0.0,EX01,MAG016
MAG016_MAG016_MAG016_36_276,1.81091659,EX01,MAG016
MAG016_MAG016_MAG016_36_277,1.005128407,EX01,MAG016
MAG016_MAG016_MAG016_36_278,1.673807954,EX01,MAG016
MAG016_MAG016_MAG016_36_279,1.121981496,EX01,MAG016
MAG016_MAG016_MAG016_36_28,0.16689868,EX01,MAG016
MAG016_MAG016_MAG016_36_280,0.0,EX01,MAG016
MAG016_MAG016_MAG016_36_281,1.05921106,EX01,MAG016
MAG016_MAG016_MAG016_36_282,0.0,EX01,MAG016
MAG016_MAG016_MAG016_36_283,0.258466628,EX01,MAG016
MAG016_MAG016_MAG016_36_284,13.03136067,EX01,MAG016
MAG016_MAG016_MAG016_36_285,0.457070797,EX01,MAG016
MAG016_MAG016_MAG016_36_286,0.546286789,EX01,MAG016
MAG016_MAG016_MAG016_36_287,0.025930381,EX01,MAG016
MAG016_MAG016_MAG016_36_288,0.056744201,EX01,MAG016
MAG016_MAG016_MAG016_36_289,0.539335686,EX01,MAG016
MAG016_MAG016_MAG016_36_29,0.407903675,EX01,MAG016
MAG016_MAG016_MAG016_36_290,0.0,EX01,MAG016
MAG016_MAG016_MAG016_36_291,0.0,EX01,MAG016
MAG016_MAG016_MAG016_36_292,0.0,EX01,MAG016
MAG016_MAG016_MAG016_36_293,0.0,EX01,MAG016
MAG016_MAG016_MAG016_36_294,1.00730611,EX01,MAG016
MAG016_MAG016_MAG016_36_295,0.0,EX01,MAG016
MAG016_MAG016_MAG016_36_296,0.0,EX01,MAG016
MAG016_MAG016_MAG016_36_297,0.379469218,EX01,MAG016
MAG016_MAG016_MAG016_36_298,0.686882531,EX01,MAG016
MAG016_MAG016_MAG016_36_299,0.0,EX01,MAG016
MAG016_MAG016_MAG016_36_3,0.0,EX01,MAG016
MAG016_MAG016_MAG016_36_30,1.033458584,EX01,MAG016
MAG016_MAG016_MAG016_36_300,1.010193074,EX01,MAG016
MAG016_MAG016_MAG016_36_301,0.128967649,EX01,MAG016
MAG016_MAG016_MAG016_36_302,0.732389931,EX01,MAG016
MAG016_MAG016_MAG016_36_303,0.050769411,EX01,MAG016
MAG016_MAG016_MAG016_36_304,0.0,EX01,MAG016
MAG016_MAG016_MAG016_36_305,0.0,EX01,MAG016
MAG016_MAG016_MAG016_36_306,0.0,EX01,MAG016
MAG016_MAG016_MAG016_36_307,0.0,EX01,MAG016
MAG016_MAG016_MAG016_36_308,3.550648867,EX01,MAG016
MAG016_MAG016_MAG016_36_309,3.081855271,EX01,MAG016
MAG016_MAG016_MAG016_36_31,0.692201042,EX01,MAG016
MAG016_MAG016_MAG016_36_310,0.0,EX01,MAG016
MAG016_MAG016_MAG016_36_311,2.022671327,EX01,MAG016
MAG016_MAG016_MAG016_36_312,0.0,EX01,MAG016
MAG016_MAG016_MAG016_36_313,0.0,EX01,MAG016
MAG016_MAG016_MAG016_36_314,0.249720385,EX01,MAG016
MAG016_MAG016_MAG016_36_315,0.013644093,EX01,MAG016
MAG016_MAG016_MAG016_36_316,0.01021036,EX01,MAG016
MAG016_MAG016_MAG016_36_317,0.592256438,EX01,MAG016
MAG016_MAG016_MAG016_36_318,0.454676861,EX01,MAG016
MAG016_MAG016_MAG016_36_319,0.107441696,EX01,MAG016
MAG016_MAG016_MAG016_36_32,11.64759008,EX01,MAG016
MAG016_MAG016_MAG016_36_320,0.009228159,EX01,MAG016
MAG016_MAG016_MAG016_36_321,0.583468622,EX01,MAG016
MAG016_MAG016_MAG016_36_322,0.528637641,EX01,MAG016
MAG016_MAG016_MAG016_36_323,0.638328557,EX01,MAG016
MAG016_MAG016_MAG016_36_324,0.165885255,EX01,MAG016
MAG016_MAG016_MAG016_36_325,0.428918838,EX01,MAG016
MAG016_MAG016_MAG016_36_326,1.711540142,EX01,MAG016
MAG016_MAG016_MAG016_36_327,2.598618153,EX01,MAG016
MAG016_MAG016_MAG016_36_328,0.301058132,EX01,MAG016
MAG016_MAG016_MAG016_36_329,0.741929061,EX01,MAG016
MAG016_MAG016_MAG016_36_33,0.462586715,EX01,MAG016
MAG016_MAG016_MAG016_36_330,0.016092154,EX01,MAG016
MAG016_MAG016_MAG016_36_331,0.0,EX01,MAG016
MAG016_MAG016_MAG016_36_332,0.0,EX01,MAG016
MAG016_MAG016_MAG016_36_333,0.0,EX01,MAG016
MAG016_MAG016_MAG016_36_334,2.719835828,EX01,MAG016
MAG016_MAG016_MAG016_36_335,0.0,EX01,MAG016
MAG016_MAG016_MAG016_36_336,0.0,EX01,MAG016
MAG016_MAG016_MAG016_36_337,1.011703653,EX01,MAG016
MAG016_MAG016_MAG016_36_338,15.45609947,EX01,MAG016
MAG016_MAG016_MAG016_36_339,16.14425601,EX01,MAG016
MAG016_MAG016_MAG016_36_34,1.776131409,EX01,MAG016
MAG016_MAG016_MAG016_36_340,0.0,EX01,MAG016
MAG016_MAG016_MAG016_36_341,18.91017753,EX01,MAG016
MAG016_MAG016_MAG016_36_342,1476.629969,EX01,MAG016
MAG016_MAG016_MAG016_36_343,5.691645456,EX01,MAG016
MAG016_MAG016_MAG016_36_344,20.4082501,EX01,MAG016
MAG016_MAG016_MAG016_36_345,0.0,EX01,MAG016
MAG016_MAG016_MAG016_36_346,0.0,EX01,MAG016
MAG016_MAG016_MAG016_36_347,0.0,EX01,MAG016
MAG016_MAG016_MAG016_36_348,0.662198799,EX01,MAG016
MAG016_MAG016_MAG016_36_349,0.0,EX01,MAG016
MAG016_MAG016_MAG016_36_35,2.09287952,EX01,MAG016
MAG016_MAG016_MAG016_36_350,0.408492175,EX01,MAG016
MAG016_MAG016_MAG016_36_351,1.005503887,EX01,MAG016
MAG016_MAG016_MAG016_36_352,0.002562928,EX01,MAG016
MAG016_MAG016_MAG016_36_353,1.693743358,EX01,MAG016
MAG016_MAG016_MAG016_36_354,0.0,EX01,MAG016
MAG016_MAG016_MAG016_36_355,3.46830202,EX01,MAG016
MAG016_MAG016_MAG016_36_356,0.834917515,EX01,MAG016
MAG016_MAG016_MAG016_36_357,0.0,EX01,MAG016
MAG016_MAG016_MAG016_36_358,0.0,EX01,MAG016
MAG016_MAG016_MAG016_36_359,1.509936314,EX01,MAG016
MAG016_MAG016_MAG016_36_36,1.098376548,EX01,MAG016
MAG016_MAG016_MAG016_36_360,4.726774105,EX01,MAG016
MAG016_MAG016_MAG016_36_361,2.551575952,EX01,MAG016
MAG016_MAG016_MAG016_36_362,2.481306087,EX01,MAG016
MAG016_MAG016_MAG016_36_363,2.738269812,EX01,MAG016
MAG016_MAG016_MAG016_36_364,8.09532004,EX01,MAG016
MAG016_MAG016_MAG016_36_365,1.104198111,EX01,MAG016
MAG016_MAG016_MAG016_36_366,0.514877508,EX01,MAG016
MAG016_MAG016_MAG016_36_367,1.261746789,EX01,MAG016
MAG016_MAG016_MAG016_36_368,0.934473708,EX01,MAG016
MAG016_MAG016_MAG016_36_369,0.714893657,EX01,MAG016
MAG016_MAG016_MAG016_36_37,0.011498721,EX01,MAG016
MAG016_MAG016_MAG016_36_370,2.03559841,EX01,MAG016
MAG016_MAG016_MAG016_36_371,0.031400613,EX01,MAG016
MAG016_MAG016_MAG016_36_372,0.0,EX01,MAG016
MAG016_MAG016_MAG016_36_373,0.0,EX01,MAG016
MAG016_MAG016_MAG016_36_374,0.0,EX01,MAG016
MAG016_MAG016_MAG016_36_375,0.644326972,EX01,MAG016
MAG016_MAG016_MAG016_36_376,0.0,EX01,MAG016
MAG016_MAG016_MAG016_36_38,0.348235393,EX01,MAG016
MAG016_MAG016_MAG016_36_39,0.896043602,EX01,MAG016
MAG016_MAG016_MAG016_36_4,0.0,EX01,MAG016
MAG016_MAG016_MAG016_36_40,0.0,EX01,MAG016
MAG016_MAG016_MAG016_36_41,15.27934184,EX01,MAG016
MAG016_MAG016_MAG016_36_42,0.0,EX01,MAG016
MAG016_MAG016_MAG016_36_43,5.755797197,EX01,MAG016
MAG016_MAG016_MAG016_36_44,0.0,EX01,MAG016
MAG016_MAG016_MAG016_36_45,1.061155311,EX01,MAG016
MAG016_MAG016_MAG016_36_46,0.68547045,EX01,MAG016
MAG016_MAG016_MAG016_36_47,0.0,EX01,MAG016
MAG016_MAG016_MAG016_36_48,0.0,EX01,MAG016
MAG016_MAG016_MAG016_36_49,21.83187635,EX01,MAG016
MAG016_MAG016_MAG016_36_5,0.67077318,EX01,MAG016
MAG016_MAG016_MAG016_36_50,14.03090374,EX01,MAG016
MAG016_MAG016_MAG016_36_51,0.936718738,EX01,MAG016
MAG016_MAG016_MAG016_36_52,1.109397054,EX01,MAG016
MAG016_MAG016_MAG016_36_53,1.8909645,EX01,MAG016
MAG016_MAG016_MAG016_36_54,0.0,EX01,MAG016
MAG016_MAG016_MAG016_36_55,0.0,EX01,MAG016
MAG016_MAG016_MAG016_36_56,0.0,EX01,MAG016
MAG016_MAG016_MAG016_36_57,0.0,EX01,MAG016
MAG016_MAG016_MAG016_36_58,0.0,EX01,MAG016
MAG016_MAG016_MAG016_36_59,0.0,EX01,MAG016
MAG016_MAG016_MAG016_36_6,6.0857184,EX01,MAG016
MAG016_MAG016_MAG016_36_60,0.037280484,EX01,MAG016
MAG016_MAG016_MAG016_36_61,0.0,EX01,MAG016
MAG016_MAG016_MAG016_36_62,1.36879696,EX01,MAG016
MAG016_MAG016_MAG016_36_63,0.259336722,EX01,MAG016
MAG016_MAG016_MAG016_36_64,0.920735954,EX01,MAG016
MAG016_MAG016_MAG016_36_65,1.517858613,EX01,MAG016
MAG016_MAG016_MAG016_36_66,2.338475451,EX01,MAG016
MAG016_MAG016_MAG016_36_67,3.801828347,EX01,MAG016
MAG016_MAG016_MAG016_36_68,2.692641685,EX01,MAG016
MAG016_MAG016_MAG016_36_69,2.580055464,EX01,MAG016
MAG016_MAG016_MAG016_36_7,8.554744952,EX01,MAG016
MAG016_MAG016_MAG016_36_70,2.696031657,EX01,MAG016
MAG016_MAG016_MAG016_36_71,0.661475829,EX01,MAG016
MAG016_MAG016_MAG016_36_72,1.275230876,EX01,MAG016
MAG016_MAG016_MAG016_36_73,0.0,EX01,MAG016
MAG016_MAG016_MAG016_36_74,0.0,EX01,MAG016
MAG016_MAG016_MAG016_36_75,0.0,EX01,MAG016
MAG016_MAG016_MAG016_36_76,0.0,EX01,MAG016
MAG016_MAG016_MAG016_36_77,0.0,EX01,MAG016
MAG016_MAG016_MAG016_36_78,0.0,EX01,MAG016
MAG016_MAG016_MAG016_36_79,0.0,EX01,MAG016
MAG016_MAG016_MAG016_36_8,1.527257491,EX01,MAG016
MAG016_MAG016_MAG016_36_80,3.567007917,EX01,MAG016
MAG016_MAG016_MAG016_36_81,1.038074779,EX01,MAG016
MAG016_MAG016_MAG016_36_82,0.0,EX01,MAG016
MAG016_MAG016_MAG016_36_83,0.0,EX01,MAG016
MAG016_MAG016_MAG016_36_84,0.762658012,EX01,MAG016
MAG016_MAG016_MAG016_36_85,0.435939988,EX01,MAG016
MAG016_MAG016_MAG016_36_86,0.302143647,EX01,MAG016
MAG016_MAG016_MAG016_36_87,0.0,EX01,MAG016
MAG016_MAG016_MAG016_36_88,0.25345974,EX01,MAG016
MAG016_MAG016_MAG016_36_89,0.0,EX01,MAG016
MAG016_MAG016_MAG016_36_9,0.163534999,EX01,MAG016
MAG016_MAG016_MAG016_36_90,0.0,EX01,MAG016
MAG016_MAG016_MAG016_36_91,0.0,EX01,MAG016
MAG016_MAG016_MAG016_36_92,0.0,EX01,MAG016
MAG016_MAG016_MAG016_36_93,0.316444472,EX01,MAG016
MAG016_MAG016_MAG016_36_94,5.080211204,EX01,MAG016
MAG016_MAG016_MAG016_36_95,1.767874785,EX01,MAG016
MAG016_MAG016_MAG016_36_96,0.0,EX01,MAG016
MAG016_MAG016_MAG016_36_97,0.186750468,EX01,MAG016
MAG016_MAG016_MAG016_36_98,2.213634202,EX01,MAG016
MAG016_MAG016_MAG016_36_99,2.154509153,EX01,MAG016
MAG016_MAG016_MAG016_37_1,4.528608381,EX01,MAG016
MAG016_MAG016_MAG016_37_10,0.62122825,EX01,MAG016
MAG016_MAG016_MAG016_37_100,45.1870103,EX01,MAG016
MAG016_MAG016_MAG016_37_101,0.0,EX01,MAG016
MAG016_MAG016_MAG016_37_102,0.0,EX01,MAG016
MAG016_MAG016_MAG016_37_103,0.34545619,EX01,MAG016
MAG016_MAG016_MAG016_37_104,0.005947068,EX01,MAG016
MAG016_MAG016_MAG016_37_105,0.140600076,EX01,MAG016
MAG016_MAG016_MAG016_37_106,0.791853765,EX01,MAG016
MAG016_MAG016_MAG016_37_107,0.0,EX01,MAG016
MAG016_MAG016_MAG016_37_108,1.413982035,EX01,MAG016
MAG016_MAG016_MAG016_37_109,0.1226866,EX01,MAG016
MAG016_MAG016_MAG016_37_11,0.0,EX01,MAG016
MAG016_MAG016_MAG016_37_110,0.0,EX01,MAG016
MAG016_MAG016_MAG016_37_111,0.0,EX01,MAG016
MAG016_MAG016_MAG016_37_112,2.739323416,EX01,MAG016
MAG016_MAG016_MAG016_37_113,0.0,EX01,MAG016
MAG016_MAG016_MAG016_37_114,3.690553839,EX01,MAG016
MAG016_MAG016_MAG016_37_115,9.618471026,EX01,MAG016
MAG016_MAG016_MAG016_37_116,1.347265929,EX01,MAG016
MAG016_MAG016_MAG016_37_117,4.920311411,EX01,MAG016
MAG016_MAG016_MAG016_37_118,0.0,EX01,MAG016
MAG016_MAG016_MAG016_37_119,0.0,EX01,MAG016
MAG016_MAG016_MAG016_37_12,0.0,EX01,MAG016
MAG016_MAG016_MAG016_37_120,0.247664579,EX01,MAG016
MAG016_MAG016_MAG016_37_121,0.025886784,EX01,MAG016
MAG016_MAG016_MAG016_37_122,0.793327807,EX01,MAG016
MAG016_MAG016_MAG016_37_123,0.0,EX01,MAG016
MAG016_MAG016_MAG016_37_124,0.981943819,EX01,MAG016
MAG016_MAG016_MAG016_37_125,0.0,EX01,MAG016
MAG016_MAG016_MAG016_37_126,0.0,EX01,MAG016
MAG016_MAG016_MAG016_37_127,4.61969068,EX01,MAG016
MAG016_MAG016_MAG016_37_128,8.110608763,EX01,MAG016
MAG016_MAG016_MAG016_37_129,0.0,EX01,MAG016
MAG016_MAG016_MAG016_37_13,0.843031062,EX01,MAG016
MAG016_MAG016_MAG016_37_130,0.0,EX01,MAG016
MAG016_MAG016_MAG016_37_131,12.08675174,EX01,MAG016
MAG016_MAG016_MAG016_37_132,0.0,EX01,MAG016
MAG016_MAG016_MAG016_37_133,2.133326415,EX01,MAG016
MAG016_MAG016_MAG016_37_134,0.0087353,EX01,MAG016
MAG016_MAG016_MAG016_37_135,0.0,EX01,MAG016
MAG016_MAG016_MAG016_37_136,0.0,EX01,MAG016
MAG016_MAG016_MAG016_37_137,0.0,EX01,MAG016
MAG016_MAG016_MAG016_37_138,0.4112134,EX01,MAG016
MAG016_MAG016_MAG016_37_139,11.61687608,EX01,MAG016
MAG016_MAG016_MAG016_37_14,1.65460389,EX01,MAG016
MAG016_MAG016_MAG016_37_140,4.292188048,EX01,MAG016
MAG016_MAG016_MAG016_37_141,1.886784037,EX01,MAG016
MAG016_MAG016_MAG016_37_142,0.567977713,EX01,MAG016
MAG016_MAG016_MAG016_37_143,0.0,EX01,MAG016
MAG016_MAG016_MAG016_37_144,1.682176434,EX01,MAG016
MAG016_MAG016_MAG016_37_145,0.0,EX01,MAG016
MAG016_MAG016_MAG016_37_146,0.0,EX01,MAG016
MAG016_MAG016_MAG016_37_147,0.176803656,EX01,MAG016
MAG016_MAG016_MAG016_37_148,14.04644211,EX01,MAG016
MAG016_MAG016_MAG016_37_149,5.479318771,EX01,MAG016
MAG016_MAG016_MAG016_37_15,6.597409877,EX01,MAG016
MAG016_MAG016_MAG016_37_150,1.271875951,EX01,MAG016
MAG016_MAG016_MAG016_37_151,7.853224653,EX01,MAG016
MAG016_MAG016_MAG016_37_152,0.761632174,EX01,MAG016
MAG016_MAG016_MAG016_37_153,3.261101887,EX01,MAG016
MAG016_MAG016_MAG016_37_154,0.0,EX01,MAG016
MAG016_MAG016_MAG016_37_155,0.36362722,EX01,MAG016
MAG016_MAG016_MAG016_37_156,0.44062311,EX01,MAG016
MAG016_MAG016_MAG016_37_157,1.991210106,EX01,MAG016
MAG016_MAG016_MAG016_37_158,0.0,EX01,MAG016
MAG016_MAG016_MAG016_37_159,0.213988984,EX01,MAG016
MAG016_MAG016_MAG016_37_16,0.161274398,EX01,MAG016
MAG016_MAG016_MAG016_37_160,0.877358369,EX01,MAG016
MAG016_MAG016_MAG016_37_161,1.779058855,EX01,MAG016
MAG016_MAG016_MAG016_37_162,0.697139851,EX01,MAG016
MAG016_MAG016_MAG016_37_163,1.030807204,EX01,MAG016
MAG016_MAG016_MAG016_37_164,7.703669616,EX01,MAG016
MAG016_MAG016_MAG016_37_165,0.0,EX01,MAG016
MAG016_MAG016_MAG016_37_166,15.21863752,EX01,MAG016
MAG016_MAG016_MAG016_37_167,0.0,EX01,MAG016
MAG016_MAG016_MAG016_37_168,0.0,EX01,MAG016
MAG016_MAG016_MAG016_37_169,0.002552783,EX01,MAG016
MAG016_MAG016_MAG016_37_17,1.021925395,EX01,MAG016
MAG016_MAG016_MAG016_37_170,0.0017456,EX01,MAG016
MAG016_MAG016_MAG016_37_171,0.004609197,EX01,MAG016
MAG016_MAG016_MAG016_37_172,0.001745907,EX01,MAG016
MAG016_MAG016_MAG016_37_173,0.172163411,EX01,MAG016
MAG016_MAG016_MAG016_37_174,0.063083673,EX01,MAG016
MAG016_MAG016_MAG016_37_175,0.0,EX01,MAG016
MAG016_MAG016_MAG016_37_176,0.0,EX01,MAG016
MAG016_MAG016_MAG016_37_177,0.0,EX01,MAG016
MAG016_MAG016_MAG016_37_178,0.0,EX01,MAG016
MAG016_MAG016_MAG016_37_179,0.501462367,EX01,MAG016
MAG016_MAG016_MAG016_37_18,0.0,EX01,MAG016
MAG016_MAG016_MAG016_37_180,0.0,EX01,MAG016
MAG016_MAG016_MAG016_37_181,0.11506209,EX01,MAG016
MAG016_MAG016_MAG016_37_182,1.022852352,EX01,MAG016
MAG016_MAG016_MAG016_37_183,0.00839445,EX01,MAG016
MAG016_MAG016_MAG016_37_184,0.0,EX01,MAG016
MAG016_MAG016_MAG016_37_185,0.343193723,EX01,MAG016
MAG016_MAG016_MAG016_37_186,4.153636938,EX01,MAG016
MAG016_MAG016_MAG016_37_187,15.4513122,EX01,MAG016
MAG016_MAG016_MAG016_37_188,1.156618006,EX01,MAG016
MAG016_MAG016_MAG016_37_189,0.0,EX01,MAG016
MAG016_MAG016_MAG016_37_19,0.14112548,EX01,MAG016
MAG016_MAG016_MAG016_37_190,0.0,EX01,MAG016
MAG016_MAG016_MAG016_37_191,0.0,EX01,MAG016
MAG016_MAG016_MAG016_37_192,0.0,EX01,MAG016
MAG016_MAG016_MAG016_37_193,8.546120208,EX01,MAG016
MAG016_MAG016_MAG016_37_194,2.011145117,EX01,MAG016
MAG016_MAG016_MAG016_37_195,1.359027128,EX01,MAG016
MAG016_MAG016_MAG016_37_196,4.428641427,EX01,MAG016
MAG016_MAG016_MAG016_37_197,0.792051657,EX01,MAG016
MAG016_MAG016_MAG016_37_198,0.954607523,EX01,MAG016
MAG016_MAG016_MAG016_37_199,0.0,EX01,MAG016
MAG016_MAG016_MAG016_37_2,2.2233127,EX01,MAG016
MAG016_MAG016_MAG016_37_20,0.0,EX01,MAG016
MAG016_MAG016_MAG016_37_200,1.262862874,EX01,MAG016
MAG016_MAG016_MAG016_37_201,3.261399877,EX01,MAG016
MAG016_MAG016_MAG016_37_202,8.120172948,EX01,MAG016
MAG016_MAG016_MAG016_37_203,0.0,EX01,MAG016
MAG016_MAG016_MAG016_37_204,0.058514115,EX01,MAG016
MAG016_MAG016_MAG016_37_205,0.0,EX01,MAG016
MAG016_MAG016_MAG016_37_206,1.656615288,EX01,MAG016
MAG016_MAG016_MAG016_37_207,0.0,EX01,MAG016
MAG016_MAG016_MAG016_37_208,5.40335564,EX01,MAG016
MAG016_MAG016_MAG016_37_209,2.805128076,EX01,MAG016
MAG016_MAG016_MAG016_37_21,0.519167018,EX01,MAG016
MAG016_MAG016_MAG016_37_210,2.939204493,EX01,MAG016
MAG016_MAG016_MAG016_37_211,0.943467117,EX01,MAG016
MAG016_MAG016_MAG016_37_212,5.055291563,EX01,MAG016
MAG016_MAG016_MAG016_37_213,0.0,EX01,MAG016
MAG016_MAG016_MAG016_37_214,0.0,EX01,MAG016
MAG016_MAG016_MAG016_37_215,15.78232036,EX01,MAG016
MAG016_MAG016_MAG016_37_216,5.16298321,EX01,MAG016
MAG016_MAG016_MAG016_37_217,0.00454342,EX01,MAG016
MAG016_MAG016_MAG016_37_218,2.256422349,EX01,MAG016
MAG016_MAG016_MAG016_37_219,0.0,EX01,MAG016
MAG016_MAG016_MAG016_37_22,0.004041629,EX01,MAG016
MAG016_MAG016_MAG016_37_220,0.0,EX01,MAG016
MAG016_MAG016_MAG016_37_221,2.131568732,EX01,MAG016
MAG016_MAG016_MAG016_37_222,6.18069226,EX01,MAG016
MAG016_MAG016_MAG016_37_223,1.292050869,EX01,MAG016
MAG016_MAG016_MAG016_37_224,0.109569423,EX01,MAG016
MAG016_MAG016_MAG016_37_225,0.0,EX01,MAG016
MAG016_MAG016_MAG016_37_226,1.287529829,EX01,MAG016
MAG016_MAG016_MAG016_37_227,0.018096046,EX01,MAG016
MAG016_MAG016_MAG016_37_228,0.331395702,EX01,MAG016
MAG016_MAG016_MAG016_37_229,0.428841635,EX01,MAG016
MAG016_MAG016_MAG016_37_23,0.0,EX01,MAG016
MAG016_MAG016_MAG016_37_230,0.408839386,EX01,MAG016
MAG016_MAG016_MAG016_37_231,0.227087046,EX01,MAG016
MAG016_MAG016_MAG016_37_232,0.0,EX01,MAG016
MAG016_MAG016_MAG016_37_233,4.622092452,EX01,MAG016
MAG016_MAG016_MAG016_37_234,0.0,EX01,MAG016
MAG016_MAG016_MAG016_37_235,13.42811748,EX01,MAG016
MAG016_MAG016_MAG016_37_236,0.004358892,EX01,MAG016
MAG016_MAG016_MAG016_37_237,0.918497877,EX01,MAG016
MAG016_MAG016_MAG016_37_238,0.503265976,EX01,MAG016
MAG016_MAG016_MAG016_37_239,1.64615233,EX01,MAG016
MAG016_MAG016_MAG016_37_24,4.027424878,EX01,MAG016
MAG016_MAG016_MAG016_37_240,0.536133453,EX01,MAG016
MAG016_MAG016_MAG016_37_241,0.067665808,EX01,MAG016
MAG016_MAG016_MAG016_37_242,7.46984992,EX01,MAG016
MAG016_MAG016_MAG016_37_243,0.0,EX01,MAG016
MAG016_MAG016_MAG016_37_244,0.0,EX01,MAG016
MAG016_MAG016_MAG016_37_25,1.545614953,EX01,MAG016
MAG016_MAG016_MAG016_37_26,1.2126187,EX01,MAG016
MAG016_MAG016_MAG016_37_27,0.0,EX01,MAG016
MAG016_MAG016_MAG016_37_28,27.7487307,EX01,MAG016
MAG016_MAG016_MAG016_37_29,11.04955089,EX01,MAG016
MAG016_MAG016_MAG016_37_3,2.0382067,EX01,MAG016
MAG016_MAG016_MAG016_37_30,10.59416934,EX01,MAG016
MAG016_MAG016_MAG016_37_31,9.064901073,EX01,MAG016
MAG016_MAG016_MAG016_37_32,0.0,EX01,MAG016
MAG016_MAG016_MAG016_37_33,265.4341849,EX01,MAG016
MAG016_MAG016_MAG016_37_34,0.593275948,EX01,MAG016
MAG016_MAG016_MAG016_37_35,0.264532624,EX01,MAG016
MAG016_MAG016_MAG016_37_36,2.169549612,EX01,MAG016
MAG016_MAG016_MAG016_37_37,2.61517831,EX01,MAG016
MAG016_MAG016_MAG016_37_38,3.11106532,EX01,MAG016
MAG016_MAG016_MAG016_37_39,0.0,EX01,MAG016
MAG016_MAG016_MAG016_37_4,3.924729484,EX01,MAG016
MAG016_MAG016_MAG016_37_40,0.0,EX01,MAG016
MAG016_MAG016_MAG016_37_41,0.0,EX01,MAG016
MAG016_MAG016_MAG016_37_42,4.963058587,EX01,MAG016
MAG016_MAG016_MAG016_37_43,0.0,EX01,MAG016
MAG016_MAG016_MAG016_37_44,457.384879,EX01,MAG016
MAG016_MAG016_MAG016_37_45,0.0,EX01,MAG016
MAG016_MAG016_MAG016_37_46,7.456199515,EX01,MAG016
MAG016_MAG016_MAG016_37_47,12.1490726,EX01,MAG016
MAG016_MAG016_MAG016_37_48,0.0,EX01,MAG016
MAG016_MAG016_MAG016_37_49,0.0,EX01,MAG016
MAG016_MAG016_MAG016_37_5,2.291297696,EX01,MAG016
MAG016_MAG016_MAG016_37_50,7.776355763,EX01,MAG016
MAG016_MAG016_MAG016_37_51,0.0,EX01,MAG016
MAG016_MAG016_MAG016_37_52,0.0,EX01,MAG016
MAG016_MAG016_MAG016_37_53,0.0,EX01,MAG016
MAG016_MAG016_MAG016_37_54,0.0,EX01,MAG016
MAG016_MAG016_MAG016_37_55,2.785245815,EX01,MAG016
MAG016_MAG016_MAG016_37_56,0.0,EX01,MAG016
MAG016_MAG016_MAG016_37_57,0.679885424,EX01,MAG016
MAG016_MAG016_MAG016_37_58,3.891533469,EX01,MAG016
MAG016_MAG016_MAG016_37_59,6.352852704,EX01,MAG016
MAG016_MAG016_MAG016_37_6,1.856860995,EX01,MAG016
MAG016_MAG016_MAG016_37_60,10.74530778,EX01,MAG016
MAG016_MAG016_MAG016_37_61,1.540223122,EX01,MAG016
MAG016_MAG016_MAG016_37_62,0.0,EX01,MAG016
MAG016_MAG016_MAG016_37_63,0.237628548,EX01,MAG016
MAG016_MAG016_MAG016_37_64,0.1823224,EX01,MAG016
MAG016_MAG016_MAG016_37_65,0.275496456,EX01,MAG016
MAG016_MAG016_MAG016_37_66,0.0,EX01,MAG016
MAG016_MAG016_MAG016_37_67,0.0,EX01,MAG016
MAG016_MAG016_MAG016_37_68,0.0,EX01,MAG016
MAG016_MAG016_MAG016_37_69,0.0,EX01,MAG016
MAG016_MAG016_MAG016_37_7,0.366252744,EX01,MAG016
MAG016_MAG016_MAG016_37_70,0.269539468,EX01,MAG016
MAG016_MAG016_MAG016_37_71,0.007951066,EX01,MAG016
MAG016_MAG016_MAG016_37_72,0.0,EX01,MAG016
MAG016_MAG016_MAG016_37_73,0.0,EX01,MAG016
MAG016_MAG016_MAG016_37_74,0.0,EX01,MAG016
MAG016_MAG016_MAG016_37_75,0.0,EX01,MAG016
MAG016_MAG016_MAG016_37_76,0.0,EX01,MAG016
MAG016_MAG016_MAG016_37_77,1.599175397,EX01,MAG016
MAG016_MAG016_MAG016_37_78,1.923483687,EX01,MAG016
MAG016_MAG016_MAG016_37_79,0.0,EX01,MAG016
MAG016_MAG016_MAG016_37_8,0.0,EX01,MAG016
MAG016_MAG016_MAG016_37_80,0.777450417,EX01,MAG016
MAG016_MAG016_MAG016_37_81,0.1053769,EX01,MAG016
MAG016_MAG016_MAG016_37_82,0.0,EX01,MAG016
MAG016_MAG016_MAG016_37_83,0.0,EX01,MAG016
MAG016_MAG016_MAG016_37_84,0.761455516,EX01,MAG016
MAG016_MAG016_MAG016_37_85,0.0,EX01,MAG016
MAG016_MAG016_MAG016_37_86,0.017704766,EX01,MAG016
MAG016_MAG016_MAG016_37_87,0.0,EX01,MAG016
MAG016_MAG016_MAG016_37_88,2.252094899,EX01,MAG016
MAG016_MAG016_MAG016_37_89,1.302125938,EX01,MAG016
MAG016_MAG016_MAG016_37_9,0.397543541,EX01,MAG016
MAG016_MAG016_MAG016_37_90,0.0,EX01,MAG016
MAG016_MAG016_MAG016_37_91,0.25817794,EX01,MAG016
MAG016_MAG016_MAG016_37_92,0.013915059,EX01,MAG016
MAG016_MAG016_MAG016_37_93,0.0,EX01,MAG016
MAG016_MAG016_MAG016_37_94,0.0,EX01,MAG016
MAG016_MAG016_MAG016_37_95,0.0,EX01,MAG016
MAG016_MAG016_MAG016_37_96,0.012210114,EX01,MAG016
MAG016_MAG016_MAG016_37_97,0.147742892,EX01,MAG016
MAG016_MAG016_MAG016_37_98,0.0,EX01,MAG016
MAG016_MAG016_MAG016_37_99,1.594342842,EX01,MAG016
MAG016_MAG016_MAG016_38_1,0.800825803,EX01,MAG016
MAG016_MAG016_MAG016_38_10,0.488112391,EX01,MAG016
MAG016_MAG016_MAG016_38_11,0.0,EX01,MAG016
MAG016_MAG016_MAG016_38_12,0.0,EX01,MAG016
MAG016_MAG016_MAG016_38_2,0.0,EX01,MAG016
MAG016_MAG016_MAG016_38_3,0.357839499,EX01,MAG016
MAG016_MAG016_MAG016_38_4,0.724858711,EX01,MAG016
MAG016_MAG016_MAG016_38_5,0.022232453,EX01,MAG016
MAG016_MAG016_MAG016_38_6,0.0,EX01,MAG016
MAG016_MAG016_MAG016_38_7,0.204263744,EX01,MAG016
MAG016_MAG016_MAG016_38_8,1.0262428,EX01,MAG016
MAG016_MAG016_MAG016_38_9,0.259404291,EX01,MAG016
MAG016_MAG016_MAG016_39_1,0.0,EX01,MAG016
MAG016_MAG016_MAG016_39_2,0.0,EX01,MAG016
MAG016_MAG016_MAG016_39_3,0.0,EX01,MAG016
MAG016_MAG016_MAG016_3_1,0.0,EX01,MAG016
MAG016_MAG016_MAG016_3_10,3.990259982,EX01,MAG016
MAG016_MAG016_MAG016_3_11,0.559574138,EX01,MAG016
MAG016_MAG016_MAG016_3_12,0.0,EX01,MAG016
MAG016_MAG016_MAG016_3_13,0.240301515,EX01,MAG016
MAG016_MAG016_MAG016_3_14,0.0,EX01,MAG016
MAG016_MAG016_MAG016_3_15,3.948426022,EX01,MAG016
MAG016_MAG016_MAG016_3_16,47.98043861,EX01,MAG016
MAG016_MAG016_MAG016_3_17,0.0,EX01,MAG016
MAG016_MAG016_MAG016_3_18,1.453440629,EX01,MAG016
MAG016_MAG016_MAG016_3_19,0.025812651,EX01,MAG016
MAG016_MAG016_MAG016_3_2,0.118815751,EX01,MAG016
MAG016_MAG016_MAG016_3_20,0.0,EX01,MAG016
MAG016_MAG016_MAG016_3_21,0.617522055,EX01,MAG016
MAG016_MAG016_MAG016_3_22,0.0,EX01,MAG016
MAG016_MAG016_MAG016_3_23,0.0,EX01,MAG016
MAG016_MAG016_MAG016_3_24,0.0,EX01,MAG016
MAG016_MAG016_MAG016_3_25,1.642514575,EX01,MAG016
MAG016_MAG016_MAG016_3_26,2.573276477,EX01,MAG016
MAG016_MAG016_MAG016_3_27,0.0,EX01,MAG016
MAG016_MAG016_MAG016_3_28,0.0,EX01,MAG016
MAG016_MAG016_MAG016_3_29,0.665921051,EX01,MAG016
MAG016_MAG016_MAG016_3_3,1.277963753,EX01,MAG016
MAG016_MAG016_MAG016_3_30,0.0,EX01,MAG016
MAG016_MAG016_MAG016_3_31,0.065533069,EX01,MAG016
MAG016_MAG016_MAG016_3_32,6.350158361,EX01,MAG016
MAG016_MAG016_MAG016_3_33,12.15305365,EX01,MAG016
MAG016_MAG016_MAG016_3_34,0.461042229,EX01,MAG016
MAG016_MAG016_MAG016_3_35,0.0,EX01,MAG016
MAG016_MAG016_MAG016_3_36,0.0,EX01,MAG016
MAG016_MAG016_MAG016_3_37,0.82047742,EX01,MAG016
MAG016_MAG016_MAG016_3_38,1.533813599,EX01,MAG016
MAG016_MAG016_MAG016_3_39,0.817124206,EX01,MAG016
MAG016_MAG016_MAG016_3_4,1.085296675,EX01,MAG016
MAG016_MAG016_MAG016_3_40,1.434334926,EX01,MAG016
MAG016_MAG016_MAG016_3_41,0.89033002,EX01,MAG016
MAG016_MAG016_MAG016_3_42,0.521192623,EX01,MAG016
MAG016_MAG016_MAG016_3_43,2.056123603,EX01,MAG016
MAG016_MAG016_MAG016_3_44,3.532123785,EX01,MAG016
MAG016_MAG016_MAG016_3_45,0.0,EX01,MAG016
MAG016_MAG016_MAG016_3_46,0.0,EX01,MAG016
MAG016_MAG016_MAG016_3_47,0.569135361,EX01,MAG016
MAG016_MAG016_MAG016_3_48,1.052689902,EX01,MAG016
MAG016_MAG016_MAG016_3_49,0.0,EX01,MAG016
MAG016_MAG016_MAG016_3_5,4.477303797,EX01,MAG016
MAG016_MAG016_MAG016_3_50,1.287385257,EX01,MAG016
MAG016_MAG016_MAG016_3_51,0.432032053,EX01,MAG016
MAG016_MAG016_MAG016_3_52,0.00920413,EX01,MAG016
MAG016_MAG016_MAG016_3_53,0.0,EX01,MAG016
MAG016_MAG016_MAG016_3_54,0.345927633,EX01,MAG016
MAG016_MAG016_MAG016_3_55,0.0,EX01,MAG016
MAG016_MAG016_MAG016_3_56,1.056473756,EX01,MAG016
MAG016_MAG016_MAG016_3_57,0.023162738,EX01,MAG016
MAG016_MAG016_MAG016_3_58,0.0,EX01,MAG016
MAG016_MAG016_MAG016_3_59,26.99408779,EX01,MAG016
MAG016_MAG016_MAG016_3_6,0.402882431,EX01,MAG016
MAG016_MAG016_MAG016_3_60,1.540354023,EX01,MAG016
MAG016_MAG016_MAG016_3_61,7.250878169,EX01,MAG016
MAG016_MAG016_MAG016_3_62,0.0,EX01,MAG016
MAG016_MAG016_MAG016_3_63,3.241157136,EX01,MAG016
MAG016_MAG016_MAG016_3_64,0.745576983,EX01,MAG016
MAG016_MAG016_MAG016_3_65,5.565383069,EX01,MAG016
MAG016_MAG016_MAG016_3_66,0.724859687,EX01,MAG016
MAG016_MAG016_MAG016_3_67,0.933520236,EX01,MAG016
MAG016_MAG016_MAG016_3_68,0.0,EX01,MAG016
MAG016_MAG016_MAG016_3_69,0.351349655,EX01,MAG016
MAG016_MAG016_MAG016_3_7,3.020202732,EX01,MAG016
MAG016_MAG016_MAG016_3_70,0.24972039,EX01,MAG016
MAG016_MAG016_MAG016_3_71,0.017770458,EX01,MAG016
MAG016_MAG016_MAG016_3_72,0.006958229,EX01,MAG016
MAG016_MAG016_MAG016_3_73,0.022528193,EX01,MAG016
MAG016_MAG016_MAG016_3_74,0.304504892,EX01,MAG016
MAG016_MAG016_MAG016_3_75,0.928521299,EX01,MAG016
MAG016_MAG016_MAG016_3_76,0.0,EX01,MAG016
MAG016_MAG016_MAG016_3_77,3.817179198,EX01,MAG016
MAG016_MAG016_MAG016_3_78,6.073203462,EX01,MAG016
MAG016_MAG016_MAG016_3_79,3.118851333,EX01,MAG016
MAG016_MAG016_MAG016_3_8,4.065630467,EX01,MAG016
MAG016_MAG016_MAG016_3_80,5.352667112,EX01,MAG016
MAG016_MAG016_MAG016_3_81,0.419093908,EX01,MAG016
MAG016_MAG016_MAG016_3_82,3.435548066,EX01,MAG016
MAG016_MAG016_MAG016_3_83,11.81797481,EX01,MAG016
MAG016_MAG016_MAG016_3_84,4.317307115,EX01,MAG016
MAG016_MAG016_MAG016_3_85,0.004748827,EX01,MAG016
MAG016_MAG016_MAG016_3_86,0.014700031,EX01,MAG016
MAG016_MAG016_MAG016_3_87,0.449740495,EX01,MAG016
MAG016_MAG016_MAG016_3_88,0.701882383,EX01,MAG016
MAG016_MAG016_MAG016_3_89,0.021544482,EX01,MAG016
MAG016_MAG016_MAG016_3_9,0.76424394,EX01,MAG016
MAG016_MAG016_MAG016_3_90,0.007982159,EX01,MAG016
MAG016_MAG016_MAG016_3_91,0.004630421,EX01,MAG016
MAG016_MAG016_MAG016_3_92,0.154359618,EX01,MAG016
MAG016_MAG016_MAG016_40_1,0.0,EX01,MAG016
MAG016_MAG016_MAG016_40_10,0.002774044,EX01,MAG016
MAG016_MAG016_MAG016_40_11,0.0,EX01,MAG016
MAG016_MAG016_MAG016_40_2,0.0,EX01,MAG016
MAG016_MAG016_MAG016_40_3,0.0,EX01,MAG016
MAG016_MAG016_MAG016_40_4,0.0,EX01,MAG016
MAG016_MAG016_MAG016_40_5,0.0,EX01,MAG016
MAG016_MAG016_MAG016_40_6,2.024533922,EX01,MAG016
MAG016_MAG016_MAG016_40_7,0.01022862,EX01,MAG016
MAG016_MAG016_MAG016_40_8,0.001351122,EX01,MAG016
MAG016_MAG016_MAG016_40_9,0.0,EX01,MAG016
MAG016_MAG016_MAG016_41_1,0.293991687,EX01,MAG016
MAG016_MAG016_MAG016_41_10,5.509513936,EX01,MAG016
MAG016_MAG016_MAG016_41_100,0.25369762,EX01,MAG016
MAG016_MAG016_MAG016_41_101,0.0041536,EX01,MAG016
MAG016_MAG016_MAG016_41_102,0.011945179,EX01,MAG016
MAG016_MAG016_MAG016_41_103,1.086128377,EX01,MAG016
MAG016_MAG016_MAG016_41_104,2.35552436,EX01,MAG016
MAG016_MAG016_MAG016_41_105,0.213353303,EX01,MAG016
MAG016_MAG016_MAG016_41_106,0.0,EX01,MAG016
MAG016_MAG016_MAG016_41_107,0.0,EX01,MAG016
MAG016_MAG016_MAG016_41_108,1.656678113,EX01,MAG016
MAG016_MAG016_MAG016_41_109,0.421982439,EX01,MAG016
MAG016_MAG016_MAG016_41_11,0.0,EX01,MAG016
MAG016_MAG016_MAG016_41_110,0.025089761,EX01,MAG016
MAG016_MAG016_MAG016_41_111,0.0,EX01,MAG016
MAG016_MAG016_MAG016_41_112,0.0,EX01,MAG016
MAG016_MAG016_MAG016_41_113,0.0,EX01,MAG016
MAG016_MAG016_MAG016_41_114,0.603498272,EX01,MAG016
MAG016_MAG016_MAG016_41_115,0.0,EX01,MAG016
MAG016_MAG016_MAG016_41_116,0.0,EX01,MAG016
MAG016_MAG016_MAG016_41_117,0.0,EX01,MAG016
MAG016_MAG016_MAG016_41_118,0.0,EX01,MAG016
MAG016_MAG016_MAG016_41_119,0.756848158,EX01,MAG016
MAG016_MAG016_MAG016_41_12,3.087311032,EX01,MAG016
MAG016_MAG016_MAG016_41_120,1.670292948,EX01,MAG016
MAG016_MAG016_MAG016_41_121,0.0,EX01,MAG016
MAG016_MAG016_MAG016_41_122,0.0,EX01,MAG016
MAG016_MAG016_MAG016_41_123,0.0,EX01,MAG016
MAG016_MAG016_MAG016_41_124,2.122963357,EX01,MAG016
MAG016_MAG016_MAG016_41_125,2.558564378,EX01,MAG016
MAG016_MAG016_MAG016_41_126,13.01562169,EX01,MAG016
MAG016_MAG016_MAG016_41_127,2.646727601,EX01,MAG016
MAG016_MAG016_MAG016_41_128,0.0,EX01,MAG016
MAG016_MAG016_MAG016_41_129,0.463084913,EX01,MAG016
MAG016_MAG016_MAG016_41_13,0.0,EX01,MAG016
MAG016_MAG016_MAG016_41_130,0.865167027,EX01,MAG016
MAG016_MAG016_MAG016_41_131,0.0,EX01,MAG016
MAG016_MAG016_MAG016_41_132,1.89564637,EX01,MAG016
MAG016_MAG016_MAG016_41_133,0.165227627,EX01,MAG016
MAG016_MAG016_MAG016_41_134,1.271583927,EX01,MAG016
MAG016_MAG016_MAG016_41_135,5.634307785,EX01,MAG016
MAG016_MAG016_MAG016_41_136,0.0,EX01,MAG016
MAG016_MAG016_MAG016_41_137,2.060418257,EX01,MAG016
MAG016_MAG016_MAG016_41_138,1.841429493,EX01,MAG016
MAG016_MAG016_MAG016_41_139,3.060626651,EX01,MAG016
MAG016_MAG016_MAG016_41_14,3.047760465,EX01,MAG016
MAG016_MAG016_MAG016_41_140,3.30334899,EX01,MAG016
MAG016_MAG016_MAG016_41_141,0.510334348,EX01,MAG016
MAG016_MAG016_MAG016_41_142,0.011567423,EX01,MAG016
MAG016_MAG016_MAG016_41_143,0.0,EX01,MAG016
MAG016_MAG016_MAG016_41_144,0.130223031,EX01,MAG016
MAG016_MAG016_MAG016_41_145,0.868457238,EX01,MAG016
MAG016_MAG016_MAG016_41_146,0.0,EX01,MAG016
MAG016_MAG016_MAG016_41_147,1.145493415,EX01,MAG016
MAG016_MAG016_MAG016_41_148,0.221504133,EX01,MAG016
MAG016_MAG016_MAG016_41_149,0.105144642,EX01,MAG016
MAG016_MAG016_MAG016_41_15,5.564052427,EX01,MAG016
MAG016_MAG016_MAG016_41_150,0.670242217,EX01,MAG016
MAG016_MAG016_MAG016_41_151,0.484881774,EX01,MAG016
MAG016_MAG016_MAG016_41_152,0.554991491,EX01,MAG016
MAG016_MAG016_MAG016_41_153,4.548139744,EX01,MAG016
MAG016_MAG016_MAG016_41_154,0.766969078,EX01,MAG016
MAG016_MAG016_MAG016_41_155,0.184941851,EX01,MAG016
MAG016_MAG016_MAG016_41_156,0.621750127,EX01,MAG016
MAG016_MAG016_MAG016_41_157,0.271606182,EX01,MAG016
MAG016_MAG016_MAG016_41_158,0.511584468,EX01,MAG016
MAG016_MAG016_MAG016_41_159,0.511715556,EX01,MAG016
MAG016_MAG016_MAG016_41_16,3.344095112,EX01,MAG016
MAG016_MAG016_MAG016_41_160,1.27436195,EX01,MAG016
MAG016_MAG016_MAG016_41_161,3.051269297,EX01,MAG016
MAG016_MAG016_MAG016_41_162,3.035607543,EX01,MAG016
MAG016_MAG016_MAG016_41_163,0.0,EX01,MAG016
MAG016_MAG016_MAG016_41_164,0.0,EX01,MAG016
MAG016_MAG016_MAG016_41_165,0.296221522,EX01,MAG016
MAG016_MAG016_MAG016_41_166,0.78012662,EX01,MAG016
MAG016_MAG016_MAG016_41_167,1.123959327,EX01,MAG016
MAG016_MAG016_MAG016_41_168,3.251506992,EX01,MAG016
MAG016_MAG016_MAG016_41_169,7.215040071,EX01,MAG016
MAG016_MAG016_MAG016_41_17,2.051397685,EX01,MAG016
MAG016_MAG016_MAG016_41_170,2.174813224,EX01,MAG016
MAG016_MAG016_MAG016_41_171,2.81194485,EX01,MAG016
MAG016_MAG016_MAG016_41_172,14.52929234,EX01,MAG016
MAG016_MAG016_MAG016_41_173,39.40150234,EX01,MAG016
MAG016_MAG016_MAG016_41_174,2.481292296,EX01,MAG016
MAG016_MAG016_MAG016_41_175,8.598368365,EX01,MAG016
MAG016_MAG016_MAG016_41_176,5.096214257,EX01,MAG016
MAG016_MAG016_MAG016_41_177,2.304492937,EX01,MAG016
MAG016_MAG016_MAG016_41_178,0.366263249,EX01,MAG016
MAG016_MAG016_MAG016_41_179,1.414658994,EX01,MAG016
MAG016_MAG016_MAG016_41_18,0.098317483,EX01,MAG016
MAG016_MAG016_MAG016_41_180,2.413295083,EX01,MAG016
MAG016_MAG016_MAG016_41_181,0.527674505,EX01,MAG016
MAG016_MAG016_MAG016_41_182,0.0,EX01,MAG016
MAG016_MAG016_MAG016_41_183,0.0,EX01,MAG016
MAG016_MAG016_MAG016_41_184,0.0,EX01,MAG016
MAG016_MAG016_MAG016_41_185,0.664101563,EX01,MAG016
MAG016_MAG016_MAG016_41_186,0.0,EX01,MAG016
MAG016_MAG016_MAG016_41_187,4.7206278,EX01,MAG016
MAG016_MAG016_MAG016_41_188,2.475411361,EX01,MAG016
MAG016_MAG016_MAG016_41_189,1.066104815,EX01,MAG016
MAG016_MAG016_MAG016_41_19,227.4321364,EX01,MAG016
MAG016_MAG016_MAG016_41_190,0.136292869,EX01,MAG016
MAG016_MAG016_MAG016_41_191,1.127687918,EX01,MAG016
MAG016_MAG016_MAG016_41_192,27.3814062,EX01,MAG016
MAG016_MAG016_MAG016_41_193,0.286878136,EX01,MAG016
MAG016_MAG016_MAG016_41_194,0.0,EX01,MAG016
MAG016_MAG016_MAG016_41_195,0.0,EX01,MAG016
MAG016_MAG016_MAG016_41_196,0.0,EX01,MAG016
MAG016_MAG016_MAG016_41_197,0.0,EX01,MAG016
MAG016_MAG016_MAG016_41_198,0.0,EX01,MAG016
MAG016_MAG016_MAG016_41_199,0.03522094,EX01,MAG016
MAG016_MAG016_MAG016_41_2,1.013425288,EX01,MAG016
MAG016_MAG016_MAG016_41_20,14.35469612,EX01,MAG016
MAG016_MAG016_MAG016_41_200,1.365135126,EX01,MAG016
MAG016_MAG016_MAG016_41_201,1.601905865,EX01,MAG016
MAG016_MAG016_MAG016_41_202,0.0,EX01,MAG016
MAG016_MAG016_MAG016_41_203,0.0,EX01,MAG016
MAG016_MAG016_MAG016_41_204,0.0,EX01,MAG016
MAG016_MAG016_MAG016_41_205,0.151901797,EX01,MAG016
MAG016_MAG016_MAG016_41_206,1.740731855,EX01,MAG016
MAG016_MAG016_MAG016_41_207,0.081849488,EX01,MAG016
MAG016_MAG016_MAG016_41_208,0.577591855,EX01,MAG016
MAG016_MAG016_MAG016_41_209,0.0,EX01,MAG016
MAG016_MAG016_MAG016_41_21,8.691971559,EX01,MAG016
MAG016_MAG016_MAG016_41_210,0.345939212,EX01,MAG016
MAG016_MAG016_MAG016_41_211,0.211873289,EX01,MAG016
MAG016_MAG016_MAG016_41_212,1.361400842,EX01,MAG016
MAG016_MAG016_MAG016_41_213,0.275980081,EX01,MAG016
MAG016_MAG016_MAG016_41_214,0.033938679,EX01,MAG016
MAG016_MAG016_MAG016_41_215,1.049580173,EX01,MAG016
MAG016_MAG016_MAG016_41_216,0.685020277,EX01,MAG016
MAG016_MAG016_MAG016_41_217,0.0,EX01,MAG016
MAG016_MAG016_MAG016_41_218,0.0,EX01,MAG016
MAG016_MAG016_MAG016_41_219,1.055652949,EX01,MAG016
MAG016_MAG016_MAG016_41_22,16.16529515,EX01,MAG016
MAG016_MAG016_MAG016_41_220,0.891415709,EX01,MAG016
MAG016_MAG016_MAG016_41_221,0.0,EX01,MAG016
MAG016_MAG016_MAG016_41_222,0.264031182,EX01,MAG016
MAG016_MAG016_MAG016_41_223,0.0,EX01,MAG016
MAG016_MAG016_MAG016_41_224,0.0,EX01,MAG016
MAG016_MAG016_MAG016_41_225,1.940808974,EX01,MAG016
MAG016_MAG016_MAG016_41_226,0.0,EX01,MAG016
MAG016_MAG016_MAG016_41_227,4.618235662,EX01,MAG016
MAG016_MAG016_MAG016_41_228,1.013628489,EX01,MAG016
MAG016_MAG016_MAG016_41_229,0.560632021,EX01,MAG016
MAG016_MAG016_MAG016_41_23,10.08246086,EX01,MAG016
MAG016_MAG016_MAG016_41_230,0.022721165,EX01,MAG016
MAG016_MAG016_MAG016_41_231,0.010843991,EX01,MAG016
MAG016_MAG016_MAG016_41_232,0.411751394,EX01,MAG016
MAG016_MAG016_MAG016_41_233,1.031360239,EX01,MAG016
MAG016_MAG016_MAG016_41_234,0.280220298,EX01,MAG016
MAG016_MAG016_MAG016_41_235,0.0,EX01,MAG016
MAG016_MAG016_MAG016_41_236,0.0,EX01,MAG016
MAG016_MAG016_MAG016_41_237,0.0,EX01,MAG016
MAG016_MAG016_MAG016_41_24,0.0,EX01,MAG016
MAG016_MAG016_MAG016_41_25,15.45620422,EX01,MAG016
MAG016_MAG016_MAG016_41_26,106.2092164,EX01,MAG016
MAG016_MAG016_MAG016_41_27,0.0,EX01,MAG016
MAG016_MAG016_MAG016_41_28,1.04356522,EX01,MAG016
MAG016_MAG016_MAG016_41_29,1.712712628,EX01,MAG016
MAG016_MAG016_MAG016_41_3,0.974597816,EX01,MAG016
MAG016_MAG016_MAG016_41_30,0.0,EX01,MAG016
MAG016_MAG016_MAG016_41_31,1.810401295,EX01,MAG016
MAG016_MAG016_MAG016_41_32,0.0,EX01,MAG016
MAG016_MAG016_MAG016_41_33,1.67572255,EX01,MAG016
MAG016_MAG016_MAG016_41_34,0.0,EX01,MAG016
MAG016_MAG016_MAG016_41_35,0.0,EX01,MAG016
MAG016_MAG016_MAG016_41_36,0.818473955,EX01,MAG016
MAG016_MAG016_MAG016_41_37,1.07249177,EX01,MAG016
MAG016_MAG016_MAG016_41_38,3.16781567,EX01,MAG016
MAG016_MAG016_MAG016_41_39,0.02151909,EX01,MAG016
MAG016_MAG016_MAG016_41_4,2.353508774,EX01,MAG016
MAG016_MAG016_MAG016_41_40,0.007372405,EX01,MAG016
MAG016_MAG016_MAG016_41_41,0.530691019,EX01,MAG016
MAG016_MAG016_MAG016_41_42,0.0,EX01,MAG016
MAG016_MAG016_MAG016_41_43,0.005375392,EX01,MAG016
MAG016_MAG016_MAG016_41_44,0.0,EX01,MAG016
MAG016_MAG016_MAG016_41_45,3.692792218,EX01,MAG016
MAG016_MAG016_MAG016_41_46,0.226295642,EX01,MAG016
MAG016_MAG016_MAG016_41_47,0.0,EX01,MAG016
MAG016_MAG016_MAG016_41_48,0.0,EX01,MAG016
MAG016_MAG016_MAG016_41_49,0.0,EX01,MAG016
MAG016_MAG016_MAG016_41_5,0.138388256,EX01,MAG016
MAG016_MAG016_MAG016_41_50,0.0,EX01,MAG016
MAG016_MAG016_MAG016_41_51,0.013287257,EX01,MAG016
MAG016_MAG016_MAG016_41_52,0.0,EX01,MAG016
MAG016_MAG016_MAG016_41_53,0.43407303,EX01,MAG016
MAG016_MAG016_MAG016_41_54,0.032898121,EX01,MAG016
MAG016_MAG016_MAG016_41_55,0.260050004,EX01,MAG016
MAG016_MAG016_MAG016_41_56,0.0,EX01,MAG016
MAG016_MAG016_MAG016_41_57,0.0,EX01,MAG016
MAG016_MAG016_MAG016_41_58,0.007666303,EX01,MAG016
MAG016_MAG016_MAG016_41_59,0.0,EX01,MAG016
MAG016_MAG016_MAG016_41_6,1.016602499,EX01,MAG016
MAG016_MAG016_MAG016_41_60,0.021912972,EX01,MAG016
MAG016_MAG016_MAG016_41_61,0.314515056,EX01,MAG016
MAG016_MAG016_MAG016_41_62,0.380203437,EX01,MAG016
MAG016_MAG016_MAG016_41_63,0.150461141,EX01,MAG016
MAG016_MAG016_MAG016_41_64,0.509737695,EX01,MAG016
MAG016_MAG016_MAG016_41_65,0.692600258,EX01,MAG016
MAG016_MAG016_MAG016_41_66,0.0,EX01,MAG016
MAG016_MAG016_MAG016_41_67,0.0,EX01,MAG016
MAG016_MAG016_MAG016_41_68,0.075360522,EX01,MAG016
MAG016_MAG016_MAG016_41_69,0.0,EX01,MAG016
MAG016_MAG016_MAG016_41_7,2.085131416,EX01,MAG016
MAG016_MAG016_MAG016_41_70,0.413581623,EX01,MAG016
MAG016_MAG016_MAG016_41_71,3.147150033,EX01,MAG016
MAG016_MAG016_MAG016_41_72,13.10964258,EX01,MAG016
MAG016_MAG016_MAG016_41_73,4.051690526,EX01,MAG016
MAG016_MAG016_MAG016_41_74,0.0,EX01,MAG016
MAG016_MAG016_MAG016_41_75,0.0,EX01,MAG016
MAG016_MAG016_MAG016_41_76,0.990966368,EX01,MAG016
MAG016_MAG016_MAG016_41_77,0.768551298,EX01,MAG016
MAG016_MAG016_MAG016_41_78,0.0,EX01,MAG016
MAG016_MAG016_MAG016_41_79,0.621768275,EX01,MAG016
MAG016_MAG016_MAG016_41_8,1.276300842,EX01,MAG016
MAG016_MAG016_MAG016_41_80,1.799450807,EX01,MAG016
MAG016_MAG016_MAG016_41_81,5.840236389,EX01,MAG016
MAG016_MAG016_MAG016_41_82,9.728890965,EX01,MAG016
MAG016_MAG016_MAG016_41_83,0.907385118,EX01,MAG016
MAG016_MAG016_MAG016_41_84,0.0,EX01,MAG016
MAG016_MAG016_MAG016_41_85,0.0,EX01,MAG016
MAG016_MAG016_MAG016_41_86,0.548845931,EX01,MAG016
MAG016_MAG016_MAG016_41_87,5.491868575,EX01,MAG016
MAG016_MAG016_MAG016_41_88,9.062438063,EX01,MAG016
MAG016_MAG016_MAG016_41_89,0.0,EX01,MAG016
MAG016_MAG016_MAG016_41_9,4.722946797,EX01,MAG016
MAG016_MAG016_MAG016_41_90,0.0,EX01,MAG016
MAG016_MAG016_MAG016_41_91,0.0,EX01,MAG016
MAG016_MAG016_MAG016_41_92,0.106101519,EX01,MAG016
MAG016_MAG016_MAG016_41_93,0.0,EX01,MAG016
MAG016_MAG016_MAG016_41_94,0.0,EX01,MAG016
MAG016_MAG016_MAG016_41_95,0.0,EX01,MAG016
MAG016_MAG016_MAG016_41_96,0.0,EX01,MAG016
MAG016_MAG016_MAG016_41_97,0.034121032,EX01,MAG016
MAG016_MAG016_MAG016_41_98,0.0,EX01,MAG016
MAG016_MAG016_MAG016_41_99,0.517872738,EX01,MAG016
MAG016_MAG016_MAG016_42_1,0.465962054,EX01,MAG016
MAG016_MAG016_MAG016_42_10,0.0,EX01,MAG016
MAG016_MAG016_MAG016_42_11,0.0,EX01,MAG016
MAG016_MAG016_MAG016_42_12,1.319446339,EX01,MAG016
MAG016_MAG016_MAG016_42_13,0.0,EX01,MAG016
MAG016_MAG016_MAG016_42_14,0.0,EX01,MAG016
MAG016_MAG016_MAG016_42_15,0.950206844,EX01,MAG016
MAG016_MAG016_MAG016_42_16,2.869679371,EX01,MAG016
MAG016_MAG016_MAG016_42_17,1.717718709,EX01,MAG016
MAG016_MAG016_MAG016_42_18,2.439203902,EX01,MAG016
MAG016_MAG016_MAG016_42_19,0.0,EX01,MAG016
MAG016_MAG016_MAG016_42_2,0.0,EX01,MAG016
MAG016_MAG016_MAG016_42_20,0.490347179,EX01,MAG016
MAG016_MAG016_MAG016_42_21,0.0,EX01,MAG016
MAG016_MAG016_MAG016_42_22,0.0,EX01,MAG016
MAG016_MAG016_MAG016_42_23,0.0,EX01,MAG016
MAG016_MAG016_MAG016_42_24,0.0,EX01,MAG016
MAG016_MAG016_MAG016_42_25,0.0,EX01,MAG016
MAG016_MAG016_MAG016_42_26,0.0,EX01,MAG016
MAG016_MAG016_MAG016_42_27,0.257945199,EX01,MAG016
MAG016_MAG016_MAG016_42_28,0.0,EX01,MAG016
MAG016_MAG016_MAG016_42_29,0.0,EX01,MAG016
MAG016_MAG016_MAG016_42_3,0.042070101,EX01,MAG016
MAG016_MAG016_MAG016_42_4,0.0,EX01,MAG016
MAG016_MAG016_MAG016_42_5,0.0,EX01,MAG016
MAG016_MAG016_MAG016_42_6,0.0,EX01,MAG016
MAG016_MAG016_MAG016_42_7,0.0,EX01,MAG016
MAG016_MAG016_MAG016_42_8,0.0,EX01,MAG016
MAG016_MAG016_MAG016_42_9,0.0,EX01,MAG016
MAG016_MAG016_MAG016_43_1,0.0,EX01,MAG016
MAG016_MAG016_MAG016_43_10,4.712283427,EX01,MAG016
MAG016_MAG016_MAG016_43_11,0.0,EX01,MAG016
MAG016_MAG016_MAG016_43_12,0.344671055,EX01,MAG016
MAG016_MAG016_MAG016_43_13,0.0,EX01,MAG016
MAG016_MAG016_MAG016_43_14,0.505841609,EX01,MAG016
MAG016_MAG016_MAG016_43_15,0.73878658,EX01,MAG016
MAG016_MAG016_MAG016_43_16,1.20304608,EX01,MAG016
MAG016_MAG016_MAG016_43_17,16.85791408,EX01,MAG016
MAG016_MAG016_MAG016_43_18,0.305537534,EX01,MAG016
MAG016_MAG016_MAG016_43_19,2.854162649,EX01,MAG016
MAG016_MAG016_MAG016_43_2,0.0,EX01,MAG016
MAG016_MAG016_MAG016_43_20,5.074956128,EX01,MAG016
MAG016_MAG016_MAG016_43_21,0.0,EX01,MAG016
MAG016_MAG016_MAG016_43_22,2.817417118,EX01,MAG016
MAG016_MAG016_MAG016_43_23,0.0,EX01,MAG016
MAG016_MAG016_MAG016_43_24,0.0,EX01,MAG016
MAG016_MAG016_MAG016_43_25,1.870506471,EX01,MAG016
MAG016_MAG016_MAG016_43_26,2.463914946,EX01,MAG016
MAG016_MAG016_MAG016_43_27,2.73997137,EX01,MAG016
MAG016_MAG016_MAG016_43_28,11.33656921,EX01,MAG016
MAG016_MAG016_MAG016_43_29,0.0,EX01,MAG016
MAG016_MAG016_MAG016_43_3,0.074602548,EX01,MAG016
MAG016_MAG016_MAG016_43_30,6.890270746,EX01,MAG016
MAG016_MAG016_MAG016_43_31,4.954642426,EX01,MAG016
MAG016_MAG016_MAG016_43_32,2.146769003,EX01,MAG016
MAG016_MAG016_MAG016_43_33,0.0,EX01,MAG016
MAG016_MAG016_MAG016_43_34,5.053951298,EX01,MAG016
MAG016_MAG016_MAG016_43_35,0.33922453,EX01,MAG016
MAG016_MAG016_MAG016_43_36,1.45915348,EX01,MAG016
MAG016_MAG016_MAG016_43_37,0.0,EX01,MAG016
MAG016_MAG016_MAG016_43_38,0.792234175,EX01,MAG016
MAG016_MAG016_MAG016_43_39,0.0,EX01,MAG016
MAG016_MAG016_MAG016_43_4,0.768683956,EX01,MAG016
MAG016_MAG016_MAG016_43_40,3.700323368,EX01,MAG016
MAG016_MAG016_MAG016_43_41,40.04395987,EX01,MAG016
MAG016_MAG016_MAG016_43_42,0.274164421,EX01,MAG016
MAG016_MAG016_MAG016_43_43,0.42406901,EX01,MAG016
MAG016_MAG016_MAG016_43_44,0.0,EX01,MAG016
MAG016_MAG016_MAG016_43_45,0.533284707,EX01,MAG016
MAG016_MAG016_MAG016_43_46,0.473468102,EX01,MAG016
MAG016_MAG016_MAG016_43_47,0.0,EX01,MAG016
MAG016_MAG016_MAG016_43_48,0.669625244,EX01,MAG016
MAG016_MAG016_MAG016_43_49,0.021634601,EX01,MAG016
MAG016_MAG016_MAG016_43_5,0.745347379,EX01,MAG016
MAG016_MAG016_MAG016_43_50,0.0,EX01,MAG016
MAG016_MAG016_MAG016_43_51,0.286662029,EX01,MAG016
MAG016_MAG016_MAG016_43_52,0.125969049,EX01,MAG016
MAG016_MAG016_MAG016_43_53,1.0726934,EX01,MAG016
MAG016_MAG016_MAG016_43_54,0.538286267,EX01,MAG016
MAG016_MAG016_MAG016_43_55,0.0,EX01,MAG016
MAG016_MAG016_MAG016_43_56,0.993297018,EX01,MAG016
MAG016_MAG016_MAG016_43_57,0.514648465,EX01,MAG016
MAG016_MAG016_MAG016_43_58,1.123414797,EX01,MAG016
MAG016_MAG016_MAG016_43_59,0.682192905,EX01,MAG016
MAG016_MAG016_MAG016_43_6,0.0,EX01,MAG016
MAG016_MAG016_MAG016_43_60,0.0,EX01,MAG016
MAG016_MAG016_MAG016_43_61,0.0,EX01,MAG016
MAG016_MAG016_MAG016_43_62,0.0,EX01,MAG016
MAG016_MAG016_MAG016_43_63,0.187055368,EX01,MAG016
MAG016_MAG016_MAG016_43_64,0.029399234,EX01,MAG016
MAG016_MAG016_MAG016_43_65,0.0,EX01,MAG016
MAG016_MAG016_MAG016_43_66,0.0,EX01,MAG016
MAG016_MAG016_MAG016_43_7,0.931364047,EX01,MAG016
MAG016_MAG016_MAG016_43_8,0.551019592,EX01,MAG016
MAG016_MAG016_MAG016_43_9,0.42729104,EX01,MAG016
MAG016_MAG016_MAG016_44_1,0.0,EX01,MAG016
MAG016_MAG016_MAG016_44_10,0.0,EX01,MAG016
MAG016_MAG016_MAG016_44_11,0.242721322,EX01,MAG016
MAG016_MAG016_MAG016_44_12,0.0,EX01,MAG016
MAG016_MAG016_MAG016_44_13,0.0,EX01,MAG016
MAG016_MAG016_MAG016_44_14,0.0,EX01,MAG016
MAG016_MAG016_MAG016_44_15,0.0,EX01,MAG016
MAG016_MAG016_MAG016_44_16,2.421341544,EX01,MAG016
MAG016_MAG016_MAG016_44_17,0.0,EX01,MAG016
MAG016_MAG016_MAG016_44_18,0.0,EX01,MAG016
MAG016_MAG016_MAG016_44_19,0.0,EX01,MAG016
MAG016_MAG016_MAG016_44_2,0.0,EX01,MAG016
MAG016_MAG016_MAG016_44_20,0.0,EX01,MAG016
MAG016_MAG016_MAG016_44_21,0.0,EX01,MAG016
MAG016_MAG016_MAG016_44_22,1.482501654,EX01,MAG016
MAG016_MAG016_MAG016_44_23,0.0,EX01,MAG016
MAG016_MAG016_MAG016_44_24,0.0,EX01,MAG016
MAG016_MAG016_MAG016_44_25,1.78843634,EX01,MAG016
MAG016_MAG016_MAG016_44_26,0.639969376,EX01,MAG016
MAG016_MAG016_MAG016_44_27,0.060138174,EX01,MAG016
MAG016_MAG016_MAG016_44_28,0.594371644,EX01,MAG016
MAG016_MAG016_MAG016_44_29,1.102966842,EX01,MAG016
MAG016_MAG016_MAG016_44_3,0.0,EX01,MAG016
MAG016_MAG016_MAG016_44_30,0.168904391,EX01,MAG016
MAG016_MAG016_MAG016_44_31,0.203283571,EX01,MAG016
MAG016_MAG016_MAG016_44_32,0.157339425,EX01,MAG016
MAG016_MAG016_MAG016_44_33,0.0,EX01,MAG016
MAG016_MAG016_MAG016_44_34,0.221958267,EX01,MAG016
MAG016_MAG016_MAG016_44_35,0.002237653,EX01,MAG016
MAG016_MAG016_MAG016_44_36,0.009652882,EX01,MAG016
MAG016_MAG016_MAG016_44_37,0.0,EX01,MAG016
MAG016_MAG016_MAG016_44_38,0.0,EX01,MAG016
MAG016_MAG016_MAG016_44_39,0.530934467,EX01,MAG016
MAG016_MAG016_MAG016_44_4,0.4615368,EX01,MAG016
MAG016_MAG016_MAG016_44_40,1.005964973,EX01,MAG016
MAG016_MAG016_MAG016_44_41,0.349924181,EX01,MAG016
MAG016_MAG016_MAG016_44_42,0.030380963,EX01,MAG016
MAG016_MAG016_MAG016_44_43,1.522207272,EX01,MAG016
MAG016_MAG016_MAG016_44_44,0.0,EX01,MAG016
MAG016_MAG016_MAG016_44_45,1.481919939,EX01,MAG016
MAG016_MAG016_MAG016_44_46,3.36365348,EX01,MAG016
MAG016_MAG016_MAG016_44_47,0.0,EX01,MAG016
MAG016_MAG016_MAG016_44_48,1.031213255,EX01,MAG016
MAG016_MAG016_MAG016_44_49,0.0,EX01,MAG016
MAG016_MAG016_MAG016_44_5,0.302956662,EX01,MAG016
MAG016_MAG016_MAG016_44_50,0.150909495,EX01,MAG016
MAG016_MAG016_MAG016_44_51,0.0,EX01,MAG016
MAG016_MAG016_MAG016_44_52,0.0,EX01,MAG016
MAG016_MAG016_MAG016_44_6,0.0,EX01,MAG016
MAG016_MAG016_MAG016_44_7,0.301994833,EX01,MAG016
MAG016_MAG016_MAG016_44_8,0.617141686,EX01,MAG016
MAG016_MAG016_MAG016_44_9,0.0,EX01,MAG016
MAG016_MAG016_MAG016_45_1,0.0,EX01,MAG016
MAG016_MAG016_MAG016_45_10,0.0,EX01,MAG016
MAG016_MAG016_MAG016_45_100,1.804659391,EX01,MAG016
MAG016_MAG016_MAG016_45_101,2.066177927,EX01,MAG016
MAG016_MAG016_MAG016_45_102,1.453765538,EX01,MAG016
MAG016_MAG016_MAG016_45_103,0.206663119,EX01,MAG016
MAG016_MAG016_MAG016_45_104,0.515654999,EX01,MAG016
MAG016_MAG016_MAG016_45_105,9.06725697,EX01,MAG016
MAG016_MAG016_MAG016_45_106,0.0,EX01,MAG016
MAG016_MAG016_MAG016_45_107,0.0,EX01,MAG016
MAG016_MAG016_MAG016_45_108,0.025751163,EX01,MAG016
MAG016_MAG016_MAG016_45_109,0.520033311,EX01,MAG016
MAG016_MAG016_MAG016_45_11,0.0,EX01,MAG016
MAG016_MAG016_MAG016_45_110,1.021150879,EX01,MAG016
MAG016_MAG016_MAG016_45_111,1.505424676,EX01,MAG016
MAG016_MAG016_MAG016_45_112,4.142300488,EX01,MAG016
MAG016_MAG016_MAG016_45_113,5.278363393,EX01,MAG016
MAG016_MAG016_MAG016_45_114,0.0,EX01,MAG016
MAG016_MAG016_MAG016_45_115,0.344311752,EX01,MAG016
MAG016_MAG016_MAG016_45_116,0.0,EX01,MAG016
MAG016_MAG016_MAG016_45_117,0.0,EX01,MAG016
MAG016_MAG016_MAG016_45_118,6.554626687,EX01,MAG016
MAG016_MAG016_MAG016_45_119,0.0,EX01,MAG016
MAG016_MAG016_MAG016_45_12,27.60338099,EX01,MAG016
MAG016_MAG016_MAG016_45_120,0.0,EX01,MAG016
MAG016_MAG016_MAG016_45_121,0.0,EX01,MAG016
MAG016_MAG016_MAG016_45_122,1.008605639,EX01,MAG016
MAG016_MAG016_MAG016_45_123,0.0,EX01,MAG016
MAG016_MAG016_MAG016_45_124,0.726874722,EX01,MAG016
MAG016_MAG016_MAG016_45_125,0.0,EX01,MAG016
MAG016_MAG016_MAG016_45_126,0.0,EX01,MAG016
MAG016_MAG016_MAG016_45_127,3.078815412,EX01,MAG016
MAG016_MAG016_MAG016_45_128,2.756843777,EX01,MAG016
MAG016_MAG016_MAG016_45_129,0.0,EX01,MAG016
MAG016_MAG016_MAG016_45_13,38.80689291,EX01,MAG016
MAG016_MAG016_MAG016_45_130,0.372846966,EX01,MAG016
MAG016_MAG016_MAG016_45_131,0.0,EX01,MAG016
MAG016_MAG016_MAG016_45_132,26.94976361,EX01,MAG016
MAG016_MAG016_MAG016_45_133,17.25040785,EX01,MAG016
MAG016_MAG016_MAG016_45_134,1.36449256,EX01,MAG016
MAG016_MAG016_MAG016_45_135,0.0,EX01,MAG016
MAG016_MAG016_MAG016_45_136,2.924503671,EX01,MAG016
MAG016_MAG016_MAG016_45_137,0.0,EX01,MAG016
MAG016_MAG016_MAG016_45_138,1.405655293,EX01,MAG016
MAG016_MAG016_MAG016_45_139,0.0,EX01,MAG016
MAG016_MAG016_MAG016_45_14,79.98818795,EX01,MAG016
MAG016_MAG016_MAG016_45_140,4.032251604,EX01,MAG016
MAG016_MAG016_MAG016_45_141,0.0,EX01,MAG016
MAG016_MAG016_MAG016_45_142,0.013314582,EX01,MAG016
MAG016_MAG016_MAG016_45_143,0.359838903,EX01,MAG016
MAG016_MAG016_MAG016_45_144,0.0,EX01,MAG016
MAG016_MAG016_MAG016_45_145,0.148208143,EX01,MAG016
MAG016_MAG016_MAG016_45_146,0.0,EX01,MAG016
MAG016_MAG016_MAG016_45_147,0.0,EX01,MAG016
MAG016_MAG016_MAG016_45_148,0.283190086,EX01,MAG016
MAG016_MAG016_MAG016_45_149,7.96992739,EX01,MAG016
MAG016_MAG016_MAG016_45_15,0.0,EX01,MAG016
MAG016_MAG016_MAG016_45_150,0.0,EX01,MAG016
MAG016_MAG016_MAG016_45_151,1.058941533,EX01,MAG016
MAG016_MAG016_MAG016_45_152,1.297188851,EX01,MAG016
MAG016_MAG016_MAG016_45_153,5.588016355,EX01,MAG016
MAG016_MAG016_MAG016_45_154,7.553230882,EX01,MAG016
MAG016_MAG016_MAG016_45_155,0.773636593,EX01,MAG016
MAG016_MAG016_MAG016_45_156,1.332781351,EX01,MAG016
MAG016_MAG016_MAG016_45_157,14.90507837,EX01,MAG016
MAG016_MAG016_MAG016_45_16,2.910941283,EX01,MAG016
MAG016_MAG016_MAG016_45_17,0.093552214,EX01,MAG016
MAG016_MAG016_MAG016_45_18,0.29740255,EX01,MAG016
MAG016_MAG016_MAG016_45_19,0.256038802,EX01,MAG016
MAG016_MAG016_MAG016_45_2,0.233451399,EX01,MAG016
MAG016_MAG016_MAG016_45_20,0.0,EX01,MAG016
MAG016_MAG016_MAG016_45_21,1.282003027,EX01,MAG016
MAG016_MAG016_MAG016_45_22,1.242265954,EX01,MAG016
MAG016_MAG016_MAG016_45_23,1.025464316,EX01,MAG016
MAG016_MAG016_MAG016_45_24,0.05487752,EX01,MAG016
MAG016_MAG016_MAG016_45_25,0.305820178,EX01,MAG016
MAG016_MAG016_MAG016_45_26,1.233290266,EX01,MAG016
MAG016_MAG016_MAG016_45_27,0.0,EX01,MAG016
MAG016_MAG016_MAG016_45_28,2.03709259,EX01,MAG016
MAG016_MAG016_MAG016_45_29,0.0,EX01,MAG016
MAG016_MAG016_MAG016_45_3,0.006018749,EX01,MAG016
MAG016_MAG016_MAG016_45_30,0.0,EX01,MAG016
MAG016_MAG016_MAG016_45_31,0.0,EX01,MAG016
MAG016_MAG016_MAG016_45_32,0.005173837,EX01,MAG016
MAG016_MAG016_MAG016_45_33,0.0,EX01,MAG016
MAG016_MAG016_MAG016_45_34,0.0,EX01,MAG016
MAG016_MAG016_MAG016_45_35,0.0,EX01,MAG016
MAG016_MAG016_MAG016_45_36,3.633136484,EX01,MAG016
MAG016_MAG016_MAG016_45_37,4.766534488,EX01,MAG016
MAG016_MAG016_MAG016_45_38,0.0,EX01,MAG016
MAG016_MAG016_MAG016_45_39,2.137997996,EX01,MAG016
MAG016_MAG016_MAG016_45_4,0.143395939,EX01,MAG016
MAG016_MAG016_MAG016_45_40,0.408204107,EX01,MAG016
MAG016_MAG016_MAG016_45_41,0.149381273,EX01,MAG016
MAG016_MAG016_MAG016_45_42,2.183166384,EX01,MAG016
MAG016_MAG016_MAG016_45_43,0.026845512,EX01,MAG016
MAG016_MAG016_MAG016_45_44,4.55764363,EX01,MAG016
MAG016_MAG016_MAG016_45_45,0.0,EX01,MAG016
MAG016_MAG016_MAG016_45_46,0.0,EX01,MAG016
MAG016_MAG016_MAG016_45_47,0.0,EX01,MAG016
MAG016_MAG016_MAG016_45_48,0.0,EX01,MAG016
MAG016_MAG016_MAG016_45_49,0.0,EX01,MAG016
MAG016_MAG016_MAG016_45_5,0.0,EX01,MAG016
MAG016_MAG016_MAG016_45_50,0.770003543,EX01,MAG016
MAG016_MAG016_MAG016_45_51,0.02013101,EX01,MAG016
MAG016_MAG016_MAG016_45_52,7.596414545,EX01,MAG016
MAG016_MAG016_MAG016_45_53,1.625241155,EX01,MAG016
MAG016_MAG016_MAG016_45_54,1.068093727,EX01,MAG016
MAG016_MAG016_MAG016_45_55,1.53598095,EX01,MAG016
MAG016_MAG016_MAG016_45_56,0.346855309,EX01,MAG016
MAG016_MAG016_MAG016_45_57,0.218543482,EX01,MAG016
MAG016_MAG016_MAG016_45_58,1.467914411,EX01,MAG016
MAG016_MAG016_MAG016_45_59,1.034046308,EX01,MAG016
MAG016_MAG016_MAG016_45_6,5.618706398,EX01,MAG016
MAG016_MAG016_MAG016_45_60,0.0,EX01,MAG016
MAG016_MAG016_MAG016_45_61,1.351632155,EX01,MAG016
MAG016_MAG016_MAG016_45_62,0.0,EX01,MAG016
MAG016_MAG016_MAG016_45_63,0.004556402,EX01,MAG016
MAG016_MAG016_MAG016_45_64,0.0,EX01,MAG016
MAG016_MAG016_MAG016_45_65,0.003071077,EX01,MAG016
MAG016_MAG016_MAG016_45_66,0.686290978,EX01,MAG016
MAG016_MAG016_MAG016_45_67,2.361160541,EX01,MAG016
MAG016_MAG016_MAG016_45_68,0.424663132,EX01,MAG016
MAG016_MAG016_MAG016_45_69,0.203982603,EX01,MAG016
MAG016_MAG016_MAG016_45_7,15.57534331,EX01,MAG016
MAG016_MAG016_MAG016_45_70,0.0,EX01,MAG016
MAG016_MAG016_MAG016_45_71,1.844904314,EX01,MAG016
MAG016_MAG016_MAG016_45_72,0.0,EX01,MAG016
MAG016_MAG016_MAG016_45_73,0.0,EX01,MAG016
MAG016_MAG016_MAG016_45_74,0.0,EX01,MAG016
MAG016_MAG016_MAG016_45_75,0.0,EX01,MAG016
MAG016_MAG016_MAG016_45_76,2.432354826,EX01,MAG016
MAG016_MAG016_MAG016_45_77,1.119704431,EX01,MAG016
MAG016_MAG016_MAG016_45_78,4.120027605,EX01,MAG016
MAG016_MAG016_MAG016_45_79,0.187440001,EX01,MAG016
MAG016_MAG016_MAG016_45_8,0.0,EX01,MAG016
MAG016_MAG016_MAG016_45_80,0.255206181,EX01,MAG016
MAG016_MAG016_MAG016_45_81,0.0,EX01,MAG016
MAG016_MAG016_MAG016_45_82,0.67040013,EX01,MAG016
MAG016_MAG016_MAG016_45_83,0.785801174,EX01,MAG016
MAG016_MAG016_MAG016_45_84,0.414577272,EX01,MAG016
MAG016_MAG016_MAG016_45_85,0.0,EX01,MAG016
MAG016_MAG016_MAG016_45_86,0.0,EX01,MAG016
MAG016_MAG016_MAG016_45_87,0.0,EX01,MAG016
MAG016_MAG016_MAG016_45_88,1.034344657,EX01,MAG016
MAG016_MAG016_MAG016_45_89,0.0,EX01,MAG016
MAG016_MAG016_MAG016_45_9,0.0,EX01,MAG016
MAG016_MAG016_MAG016_45_90,1.897811011,EX01,MAG016
MAG016_MAG016_MAG016_45_91,0.018520417,EX01,MAG016
MAG016_MAG016_MAG016_45_92,1.78137012,EX01,MAG016
MAG016_MAG016_MAG016_45_93,0.636994804,EX01,MAG016
MAG016_MAG016_MAG016_45_94,2.316401179,EX01,MAG016
MAG016_MAG016_MAG016_45_95,3.052181079,EX01,MAG016
MAG016_MAG016_MAG016_45_96,3.55958046,EX01,MAG016
MAG016_MAG016_MAG016_45_97,2.059898981,EX01,MAG016
MAG016_MAG016_MAG016_45_98,2.374367581,EX01,MAG016
MAG016_MAG016_MAG016_45_99,1.044994559,EX01,MAG016
MAG016_MAG016_MAG016_46_1,14.16291635,EX01,MAG016
MAG016_MAG016_MAG016_46_10,13.99667935,EX01,MAG016
MAG016_MAG016_MAG016_46_100,1.265170488,EX01,MAG016
MAG016_MAG016_MAG016_46_101,0.0,EX01,MAG016
MAG016_MAG016_MAG016_46_102,1.010176031,EX01,MAG016
MAG016_MAG016_MAG016_46_103,0.216391195,EX01,MAG016
MAG016_MAG016_MAG016_46_104,2.406776679,EX01,MAG016
MAG016_MAG016_MAG016_46_105,1.418092274,EX01,MAG016
MAG016_MAG016_MAG016_46_106,0.0,EX01,MAG016
MAG016_MAG016_MAG016_46_107,0.144136907,EX01,MAG016
MAG016_MAG016_MAG016_46_108,0.003294818,EX01,MAG016
MAG016_MAG016_MAG016_46_109,0.0,EX01,MAG016
MAG016_MAG016_MAG016_46_11,5.303550135,EX01,MAG016
MAG016_MAG016_MAG016_46_110,0.0,EX01,MAG016
MAG016_MAG016_MAG016_46_111,0.0,EX01,MAG016
MAG016_MAG016_MAG016_46_112,1.680864698,EX01,MAG016
MAG016_MAG016_MAG016_46_113,0.0,EX01,MAG016
MAG016_MAG016_MAG016_46_114,0.0,EX01,MAG016
MAG016_MAG016_MAG016_46_115,0.0,EX01,MAG016
MAG016_MAG016_MAG016_46_116,0.0,EX01,MAG016
MAG016_MAG016_MAG016_46_117,0.0,EX01,MAG016
MAG016_MAG016_MAG016_46_118,0.211266167,EX01,MAG016
MAG016_MAG016_MAG016_46_119,0.0,EX01,MAG016
MAG016_MAG016_MAG016_46_12,0.744865583,EX01,MAG016
MAG016_MAG016_MAG016_46_120,0.0,EX01,MAG016
MAG016_MAG016_MAG016_46_121,0.0,EX01,MAG016
MAG016_MAG016_MAG016_46_122,6.440833336,EX01,MAG016
MAG016_MAG016_MAG016_46_123,3.674111788,EX01,MAG016
MAG016_MAG016_MAG016_46_124,1.740605756,EX01,MAG016
MAG016_MAG016_MAG016_46_125,1.81268069,EX01,MAG016
MAG016_MAG016_MAG016_46_126,0.0,EX01,MAG016
MAG016_MAG016_MAG016_46_127,0.0,EX01,MAG016
MAG016_MAG016_MAG016_46_128,0.156031592,EX01,MAG016
MAG016_MAG016_MAG016_46_129,0.513779413,EX01,MAG016
MAG016_MAG016_MAG016_46_13,1.579014723,EX01,MAG016
MAG016_MAG016_MAG016_46_130,0.0,EX01,MAG016
MAG016_MAG016_MAG016_46_131,0.007149807,EX01,MAG016
MAG016_MAG016_MAG016_46_132,0.399847496,EX01,MAG016
MAG016_MAG016_MAG016_46_133,0.00620821,EX01,MAG016
MAG016_MAG016_MAG016_46_134,0.0,EX01,MAG016
MAG016_MAG016_MAG016_46_135,4.921356655,EX01,MAG016
MAG016_MAG016_MAG016_46_136,0.014487085,EX01,MAG016
MAG016_MAG016_MAG016_46_137,0.338171428,EX01,MAG016
MAG016_MAG016_MAG016_46_138,1.08084955,EX01,MAG016
MAG016_MAG016_MAG016_46_139,0.036551513,EX01,MAG016
MAG016_MAG016_MAG016_46_14,0.0,EX01,MAG016
MAG016_MAG016_MAG016_46_140,0.765391423,EX01,MAG016
MAG016_MAG016_MAG016_46_141,3.638206334,EX01,MAG016
MAG016_MAG016_MAG016_46_142,4.345388125,EX01,MAG016
MAG016_MAG016_MAG016_46_143,2.674320291,EX01,MAG016
MAG016_MAG016_MAG016_46_144,0.0,EX01,MAG016
MAG016_MAG016_MAG016_46_145,0.275686962,EX01,MAG016
MAG016_MAG016_MAG016_46_146,0.51342509,EX01,MAG016
MAG016_MAG016_MAG016_46_147,0.296340237,EX01,MAG016
MAG016_MAG016_MAG016_46_148,0.472854099,EX01,MAG016
MAG016_MAG016_MAG016_46_149,0.0,EX01,MAG016
MAG016_MAG016_MAG016_46_15,0.76576189,EX01,MAG016
MAG016_MAG016_MAG016_46_150,1.718733603,EX01,MAG016
MAG016_MAG016_MAG016_46_151,0.0,EX01,MAG016
MAG016_MAG016_MAG016_46_152,0.025276647,EX01,MAG016
MAG016_MAG016_MAG016_46_153,0.309817087,EX01,MAG016
MAG016_MAG016_MAG016_46_154,0.274151736,EX01,MAG016
MAG016_MAG016_MAG016_46_155,6.249694159,EX01,MAG016
MAG016_MAG016_MAG016_46_156,1.037609323,EX01,MAG016
MAG016_MAG016_MAG016_46_157,0.39428608,EX01,MAG016
MAG016_MAG016_MAG016_46_158,3.649697936,EX01,MAG016
MAG016_MAG016_MAG016_46_159,0.536925625,EX01,MAG016
MAG016_MAG016_MAG016_46_16,0.0,EX01,MAG016
MAG016_MAG016_MAG016_46_160,5.146187259,EX01,MAG016
MAG016_MAG016_MAG016_46_161,0.0,EX01,MAG016
MAG016_MAG016_MAG016_46_162,0.667136742,EX01,MAG016
MAG016_MAG016_MAG016_46_163,0.0,EX01,MAG016
MAG016_MAG016_MAG016_46_164,6.973730863,EX01,MAG016
MAG016_MAG016_MAG016_46_165,0.092592835,EX01,MAG016
MAG016_MAG016_MAG016_46_166,0.754004088,EX01,MAG016
MAG016_MAG016_MAG016_46_167,0.417857437,EX01,MAG016
MAG016_MAG016_MAG016_46_168,0.966382461,EX01,MAG016
MAG016_MAG016_MAG016_46_169,2.438475776,EX01,MAG016
MAG016_MAG016_MAG016_46_17,0.760265232,EX01,MAG016
MAG016_MAG016_MAG016_46_170,2.58252144,EX01,MAG016
MAG016_MAG016_MAG016_46_171,0.0,EX01,MAG016
MAG016_MAG016_MAG016_46_172,2.565792784,EX01,MAG016
MAG016_MAG016_MAG016_46_173,4.29488892,EX01,MAG016
MAG016_MAG016_MAG016_46_174,21.72349231,EX01,MAG016
MAG016_MAG016_MAG016_46_175,0.0,EX01,MAG016
MAG016_MAG016_MAG016_46_176,2.391605683,EX01,MAG016
MAG016_MAG016_MAG016_46_177,1.913515434,EX01,MAG016
MAG016_MAG016_MAG016_46_178,0.0,EX01,MAG016
MAG016_MAG016_MAG016_46_179,0.354014437,EX01,MAG016
MAG016_MAG016_MAG016_46_18,1.801049674,EX01,MAG016
MAG016_MAG016_MAG016_46_180,0.711302541,EX01,MAG016
MAG016_MAG016_MAG016_46_181,2.132290647,EX01,MAG016
MAG016_MAG016_MAG016_46_182,0.0,EX01,MAG016
MAG016_MAG016_MAG016_46_183,0.076314931,EX01,MAG016
MAG016_MAG016_MAG016_46_184,1.247642229,EX01,MAG016
MAG016_MAG016_MAG016_46_185,0.0,EX01,MAG016
MAG016_MAG016_MAG016_46_186,1.256861817,EX01,MAG016
MAG016_MAG016_MAG016_46_187,0.016590956,EX01,MAG016
MAG016_MAG016_MAG016_46_188,2.05006364,EX01,MAG016
MAG016_MAG016_MAG016_46_189,0.0,EX01,MAG016
MAG016_MAG016_MAG016_46_19,0.980641908,EX01,MAG016
MAG016_MAG016_MAG016_46_190,0.0,EX01,MAG016
MAG016_MAG016_MAG016_46_191,1.391807925,EX01,MAG016
MAG016_MAG016_MAG016_46_192,0.004152057,EX01,MAG016
MAG016_MAG016_MAG016_46_193,0.0,EX01,MAG016
MAG016_MAG016_MAG016_46_194,0.0,EX01,MAG016
MAG016_MAG016_MAG016_46_195,0.018683106,EX01,MAG016
MAG016_MAG016_MAG016_46_196,11.23841155,EX01,MAG016
MAG016_MAG016_MAG016_46_197,2.813668354,EX01,MAG016
MAG016_MAG016_MAG016_46_198,2.104719749,EX01,MAG016
MAG016_MAG016_MAG016_46_199,3.332758489,EX01,MAG016
MAG016_MAG016_MAG016_46_2,17.61810743,EX01,MAG016
MAG016_MAG016_MAG016_46_20,0.0,EX01,MAG016
MAG016_MAG016_MAG016_46_200,1.063873171,EX01,MAG016
MAG016_MAG016_MAG016_46_201,3.283516701,EX01,MAG016
MAG016_MAG016_MAG016_46_202,0.142386847,EX01,MAG016
MAG016_MAG016_MAG016_46_203,0.461565288,EX01,MAG016
MAG016_MAG016_MAG016_46_204,0.014501466,EX01,MAG016
MAG016_MAG016_MAG016_46_205,0.0,EX01,MAG016
MAG016_MAG016_MAG016_46_206,0.0,EX01,MAG016
MAG016_MAG016_MAG016_46_21,0.83029914,EX01,MAG016
MAG016_MAG016_MAG016_46_22,1.592796043,EX01,MAG016
MAG016_MAG016_MAG016_46_23,2.040993689,EX01,MAG016
MAG016_MAG016_MAG016_46_24,1.351280666,EX01,MAG016
MAG016_MAG016_MAG016_46_25,1.100731048,EX01,MAG016
MAG016_MAG016_MAG016_46_26,0.0,EX01,MAG016
MAG016_MAG016_MAG016_46_27,0.069290767,EX01,MAG016
MAG016_MAG016_MAG016_46_28,0.537644953,EX01,MAG016
MAG016_MAG016_MAG016_46_29,0.37299963,EX01,MAG016
MAG016_MAG016_MAG016_46_3,19.31894338,EX01,MAG016
MAG016_MAG016_MAG016_46_30,3.0122875,EX01,MAG016
MAG016_MAG016_MAG016_46_31,0.135249946,EX01,MAG016
MAG016_MAG016_MAG016_46_32,3.023876573,EX01,MAG016
MAG016_MAG016_MAG016_46_33,0.53368532,EX01,MAG016
MAG016_MAG016_MAG016_46_34,0.0,EX01,MAG016
MAG016_MAG016_MAG016_46_35,0.636847969,EX01,MAG016
MAG016_MAG016_MAG016_46_36,0.0,EX01,MAG016
MAG016_MAG016_MAG016_46_37,0.0,EX01,MAG016
MAG016_MAG016_MAG016_46_38,0.0,EX01,MAG016
MAG016_MAG016_MAG016_46_39,0.0,EX01,MAG016
MAG016_MAG016_MAG016_46_4,21.39460371,EX01,MAG016
MAG016_MAG016_MAG016_46_40,0.076167422,EX01,MAG016
MAG016_MAG016_MAG016_46_41,0.910081443,EX01,MAG016
MAG016_MAG016_MAG016_46_42,0.0,EX01,MAG016
MAG016_MAG016_MAG016_46_43,1.732387913,EX01,MAG016
MAG016_MAG016_MAG016_46_44,2.313288935,EX01,MAG016
MAG016_MAG016_MAG016_46_45,0.4568239,EX01,MAG016
MAG016_MAG016_MAG016_46_46,2.404734017,EX01,MAG016
MAG016_MAG016_MAG016_46_47,0.0,EX01,MAG016
MAG016_MAG016_MAG016_46_48,0.136252633,EX01,MAG016
MAG016_MAG016_MAG016_46_49,0.0,EX01,MAG016
MAG016_MAG016_MAG016_46_5,21.40105291,EX01,MAG016
MAG016_MAG016_MAG016_46_50,0.0,EX01,MAG016
MAG016_MAG016_MAG016_46_51,0.261587805,EX01,MAG016
MAG016_MAG016_MAG016_46_52,0.783410529,EX01,MAG016
MAG016_MAG016_MAG016_46_53,0.0,EX01,MAG016
MAG016_MAG016_MAG016_46_54,0.0,EX01,MAG016
MAG016_MAG016_MAG016_46_55,0.0,EX01,MAG016
MAG016_MAG016_MAG016_46_56,1.053840469,EX01,MAG016
MAG016_MAG016_MAG016_46_57,1.980180053,EX01,MAG016
MAG016_MAG016_MAG016_46_58,0.322074214,EX01,MAG016
MAG016_MAG016_MAG016_46_59,63.66710645,EX01,MAG016
MAG016_MAG016_MAG016_46_6,1.219015378,EX01,MAG016
MAG016_MAG016_MAG016_46_60,0.0,EX01,MAG016
MAG016_MAG016_MAG016_46_61,0.0,EX01,MAG016
MAG016_MAG016_MAG016_46_62,0.524120819,EX01,MAG016
MAG016_MAG016_MAG016_46_63,0.0,EX01,MAG016
MAG016_MAG016_MAG016_46_64,0.0,EX01,MAG016
MAG016_MAG016_MAG016_46_65,0.0,EX01,MAG016
MAG016_MAG016_MAG016_46_66,4.958523999,EX01,MAG016
MAG016_MAG016_MAG016_46_67,0.009907095,EX01,MAG016
MAG016_MAG016_MAG016_46_68,0.0,EX01,MAG016
MAG016_MAG016_MAG016_46_69,0.306761387,EX01,MAG016
MAG016_MAG016_MAG016_46_7,4.714351994,EX01,MAG016
MAG016_MAG016_MAG016_46_70,8.616392118,EX01,MAG016
MAG016_MAG016_MAG016_46_71,1.917226059,EX01,MAG016
MAG016_MAG016_MAG016_46_72,5.499423007,EX01,MAG016
MAG016_MAG016_MAG016_46_73,1.151699901,EX01,MAG016
MAG016_MAG016_MAG016_46_74,0.0,EX01,MAG016
MAG016_MAG016_MAG016_46_75,0.0,EX01,MAG016
MAG016_MAG016_MAG016_46_76,7.369985184,EX01,MAG016
MAG016_MAG016_MAG016_46_77,0.0,EX01,MAG016
MAG016_MAG016_MAG016_46_78,39.75274437,EX01,MAG016
MAG016_MAG016_MAG016_46_79,2.07814386,EX01,MAG016
MAG016_MAG016_MAG016_46_8,3.024096982,EX01,MAG016
MAG016_MAG016_MAG016_46_80,15.07351372,EX01,MAG016
MAG016_MAG016_MAG016_46_81,0.476131147,EX01,MAG016
MAG016_MAG016_MAG016_46_82,0.0,EX01,MAG016
MAG016_MAG016_MAG016_46_83,1.046010933,EX01,MAG016
MAG016_MAG016_MAG016_46_84,0.0,EX01,MAG016
MAG016_MAG016_MAG016_46_85,1.362213726,EX01,MAG016
MAG016_MAG016_MAG016_46_86,0.0,EX01,MAG016
MAG016_MAG016_MAG016_46_87,0.0,EX01,MAG016
MAG016_MAG016_MAG016_46_88,1.115001825,EX01,MAG016
MAG016_MAG016_MAG016_46_89,0.20651099,EX01,MAG016
MAG016_MAG016_MAG016_46_9,2.374694985,EX01,MAG016
MAG016_MAG016_MAG016_46_90,0.680879084,EX01,MAG016
MAG016_MAG016_MAG016_46_91,0.002422359,EX01,MAG016
MAG016_MAG016_MAG016_46_92,0.086877093,EX01,MAG016
MAG016_MAG016_MAG016_46_93,10.35050432,EX01,MAG016
MAG016_MAG016_MAG016_46_94,0.0,EX01,MAG016
MAG016_MAG016_MAG016_46_95,0.0,EX01,MAG016
MAG016_MAG016_MAG016_46_96,0.002232734,EX01,MAG016
MAG016_MAG016_MAG016_46_97,0.0,EX01,MAG016
MAG016_MAG016_MAG016_46_98,0.176652065,EX01,MAG016
MAG016_MAG016_MAG016_46_99,0.798373931,EX01,MAG016
MAG016_MAG016_MAG016_47_1,0.0,EX01,MAG016
MAG016_MAG016_MAG016_47_10,0.052062667,EX01,MAG016
MAG016_MAG016_MAG016_47_11,0.633848343,EX01,MAG016
MAG016_MAG016_MAG016_47_12,7.166009571,EX01,MAG016
MAG016_MAG016_MAG016_47_13,0.669394585,EX01,MAG016
MAG016_MAG016_MAG016_47_14,0.0,EX01,MAG016
MAG016_MAG016_MAG016_47_15,0.99778587,EX01,MAG016
MAG016_MAG016_MAG016_47_16,2.571554964,EX01,MAG016
MAG016_MAG016_MAG016_47_17,0.0,EX01,MAG016
MAG016_MAG016_MAG016_47_18,2.619047228,EX01,MAG016
MAG016_MAG016_MAG016_47_19,0.229254778,EX01,MAG016
MAG016_MAG016_MAG016_47_2,0.288902118,EX01,MAG016
MAG016_MAG016_MAG016_47_20,0.0,EX01,MAG016
MAG016_MAG016_MAG016_47_21,0.0,EX01,MAG016
MAG016_MAG016_MAG016_47_22,0.213349827,EX01,MAG016
MAG016_MAG016_MAG016_47_23,0.358708253,EX01,MAG016
MAG016_MAG016_MAG016_47_24,0.0,EX01,MAG016
MAG016_MAG016_MAG016_47_25,2.949202891,EX01,MAG016
MAG016_MAG016_MAG016_47_26,1.841552122,EX01,MAG016
MAG016_MAG016_MAG016_47_27,2.458927583,EX01,MAG016
MAG016_MAG016_MAG016_47_28,0.0,EX01,MAG016
MAG016_MAG016_MAG016_47_29,1.317233329,EX01,MAG016
MAG016_MAG016_MAG016_47_3,0.0,EX01,MAG016
MAG016_MAG016_MAG016_47_30,0.0,EX01,MAG016
MAG016_MAG016_MAG016_47_31,0.0,EX01,MAG016
MAG016_MAG016_MAG016_47_32,0.0,EX01,MAG016
MAG016_MAG016_MAG016_47_33,0.0,EX01,MAG016
MAG016_MAG016_MAG016_47_34,6.041243852,EX01,MAG016
MAG016_MAG016_MAG016_47_35,0.164127131,EX01,MAG016
MAG016_MAG016_MAG016_47_36,0.0,EX01,MAG016
MAG016_MAG016_MAG016_47_37,0.0,EX01,MAG016
MAG016_MAG016_MAG016_47_38,0.020707161,EX01,MAG016
MAG016_MAG016_MAG016_47_39,1.645626174,EX01,MAG016
MAG016_MAG016_MAG016_47_4,0.0,EX01,MAG016
MAG016_MAG016_MAG016_47_40,1.739313813,EX01,MAG016
MAG016_MAG016_MAG016_47_41,0.0,EX01,MAG016
MAG016_MAG016_MAG016_47_42,0.0,EX01,MAG016
MAG016_MAG016_MAG016_47_43,4.215232405,EX01,MAG016
MAG016_MAG016_MAG016_47_44,0.0,EX01,MAG016
MAG016_MAG016_MAG016_47_45,4.14360735,EX01,MAG016
MAG016_MAG016_MAG016_47_46,0.0,EX01,MAG016
MAG016_MAG016_MAG016_47_47,0.436534213,EX01,MAG016
MAG016_MAG016_MAG016_47_48,0.78352573,EX01,MAG016
MAG016_MAG016_MAG016_47_49,0.005745443,EX01,MAG016
MAG016_MAG016_MAG016_47_5,1.980168333,EX01,MAG016
MAG016_MAG016_MAG016_47_50,0.536589876,EX01,MAG016
MAG016_MAG016_MAG016_47_51,0.0,EX01,MAG016
MAG016_MAG016_MAG016_47_52,0.0,EX01,MAG016
MAG016_MAG016_MAG016_47_53,0.342649192,EX01,MAG016
MAG016_MAG016_MAG016_47_54,0.0,EX01,MAG016
MAG016_MAG016_MAG016_47_55,31.52845507,EX01,MAG016
MAG016_MAG016_MAG016_47_56,1.197469143,EX01,MAG016
MAG016_MAG016_MAG016_47_57,1.57753871,EX01,MAG016
MAG016_MAG016_MAG016_47_58,0.161081728,EX01,MAG016
MAG016_MAG016_MAG016_47_59,0.0,EX01,MAG016
MAG016_MAG016_MAG016_47_6,0.0,EX01,MAG016
MAG016_MAG016_MAG016_47_60,2.621036621,EX01,MAG016
MAG016_MAG016_MAG016_47_61,1.068880021,EX01,MAG016
MAG016_MAG016_MAG016_47_62,1.561216547,EX01,MAG016
MAG016_MAG016_MAG016_47_63,1.542151707,EX01,MAG016
MAG016_MAG016_MAG016_47_64,3.13698588,EX01,MAG016
MAG016_MAG016_MAG016_47_65,3.296168226,EX01,MAG016
MAG016_MAG016_MAG016_47_66,0.365591791,EX01,MAG016
MAG016_MAG016_MAG016_47_67,5.054737718,EX01,MAG016
MAG016_MAG016_MAG016_47_68,4.01916931,EX01,MAG016
MAG016_MAG016_MAG016_47_69,8.026241997,EX01,MAG016
MAG016_MAG016_MAG016_47_7,1.014052469,EX01,MAG016
MAG016_MAG016_MAG016_47_70,7.695556727,EX01,MAG016
MAG016_MAG016_MAG016_47_8,1.988517611,EX01,MAG016
MAG016_MAG016_MAG016_47_9,0.092601084,EX01,MAG016
MAG016_MAG016_MAG016_48_1,0.0,EX01,MAG016
MAG016_MAG016_MAG016_48_10,0.0,EX01,MAG016
MAG016_MAG016_MAG016_48_11,0.0,EX01,MAG016
MAG016_MAG016_MAG016_48_12,1.176360302,EX01,MAG016
MAG016_MAG016_MAG016_48_13,11.96394861,EX01,MAG016
MAG016_MAG016_MAG016_48_14,2.282752914,EX01,MAG016
MAG016_MAG016_MAG016_48_15,0.301629958,EX01,MAG016
MAG016_MAG016_MAG016_48_16,6.054116886,EX01,MAG016
MAG016_MAG016_MAG016_48_17,0.0,EX01,MAG016
MAG016_MAG016_MAG016_48_18,0.142058468,EX01,MAG016
MAG016_MAG016_MAG016_48_19,0.0,EX01,MAG016
MAG016_MAG016_MAG016_48_2,0.0,EX01,MAG016
MAG016_MAG016_MAG016_48_20,0.884625371,EX01,MAG016
MAG016_MAG016_MAG016_48_21,0.0,EX01,MAG016
MAG016_MAG016_MAG016_48_22,0.0,EX01,MAG016
MAG016_MAG016_MAG016_48_23,0.010026702,EX01,MAG016
MAG016_MAG016_MAG016_48_24,0.008619731,EX01,MAG016
MAG016_MAG016_MAG016_48_25,0.0,EX01,MAG016
MAG016_MAG016_MAG016_48_26,0.004068925,EX01,MAG016
MAG016_MAG016_MAG016_48_27,0.0,EX01,MAG016
MAG016_MAG016_MAG016_48_28,0.145399189,EX01,MAG016
MAG016_MAG016_MAG016_48_29,0.0,EX01,MAG016
MAG016_MAG016_MAG016_48_3,0.0,EX01,MAG016
MAG016_MAG016_MAG016_48_30,0.0,EX01,MAG016
MAG016_MAG016_MAG016_48_31,0.019839812,EX01,MAG016
MAG016_MAG016_MAG016_48_32,0.108385,EX01,MAG016
MAG016_MAG016_MAG016_48_33,0.0,EX01,MAG016
MAG016_MAG016_MAG016_48_34,0.0,EX01,MAG016
MAG016_MAG016_MAG016_48_35,0.0,EX01,MAG016
MAG016_MAG016_MAG016_48_36,0.379197264,EX01,MAG016
MAG016_MAG016_MAG016_48_37,0.0,EX01,MAG016
MAG016_MAG016_MAG016_48_38,0.0,EX01,MAG016
MAG016_MAG016_MAG016_48_4,0.0,EX01,MAG016
MAG016_MAG016_MAG016_48_5,0.0,EX01,MAG016
MAG016_MAG016_MAG016_48_6,1.637252547,EX01,MAG016
MAG016_MAG016_MAG016_48_7,1.037529077,EX01,MAG016
MAG016_MAG016_MAG016_48_8,0.528708944,EX01,MAG016
MAG016_MAG016_MAG016_48_9,1.300276936,EX01,MAG016
MAG016_MAG016_MAG016_49_1,21.23572606,EX01,MAG016
MAG016_MAG016_MAG016_49_10,1.378136338,EX01,MAG016
MAG016_MAG016_MAG016_49_11,1.809190275,EX01,MAG016
MAG016_MAG016_MAG016_49_12,0.0,EX01,MAG016
MAG016_MAG016_MAG016_49_13,0.385174603,EX01,MAG016
MAG016_MAG016_MAG016_49_14,0.0,EX01,MAG016
MAG016_MAG016_MAG016_49_15,0.957061042,EX01,MAG016
MAG016_MAG016_MAG016_49_16,3.448853144,EX01,MAG016
MAG016_MAG016_MAG016_49_17,4.233304432,EX01,MAG016
MAG016_MAG016_MAG016_49_18,0.0,EX01,MAG016
MAG016_MAG016_MAG016_49_19,5.269977233,EX01,MAG016
MAG016_MAG016_MAG016_49_2,8.975057752,EX01,MAG016
MAG016_MAG016_MAG016_49_20,8.587200129,EX01,MAG016
MAG016_MAG016_MAG016_49_21,4.989583979,EX01,MAG016
MAG016_MAG016_MAG016_49_22,3.820915862,EX01,MAG016
MAG016_MAG016_MAG016_49_23,0.140458634,EX01,MAG016
MAG016_MAG016_MAG016_49_24,0.0,EX01,MAG016
MAG016_MAG016_MAG016_49_25,2.008388006,EX01,MAG016
MAG016_MAG016_MAG016_49_26,0.632479584,EX01,MAG016
MAG016_MAG016_MAG016_49_27,3.065777327,EX01,MAG016
MAG016_MAG016_MAG016_49_28,0.0,EX01,MAG016
MAG016_MAG016_MAG016_49_29,0.163578284,EX01,MAG016
MAG016_MAG016_MAG016_49_3,23.25172161,EX01,MAG016
MAG016_MAG016_MAG016_49_30,11.87909252,EX01,MAG016
MAG016_MAG016_MAG016_49_4,1.319907606,EX01,MAG016
MAG016_MAG016_MAG016_49_5,1.078233366,EX01,MAG016
MAG016_MAG016_MAG016_49_6,0.0,EX01,MAG016
MAG016_MAG016_MAG016_49_7,0.563895408,EX01,MAG016
MAG016_MAG016_MAG016_49_8,4.097814009,EX01,MAG016
MAG016_MAG016_MAG016_49_9,0.0,EX01,MAG016
MAG016_MAG016_MAG016_4_1,0.0,EX01,MAG016
MAG016_MAG016_MAG016_4_10,0.15312441,EX01,MAG016
MAG016_MAG016_MAG016_4_100,0.0,EX01,MAG016
MAG016_MAG016_MAG016_4_101,0.270455059,EX01,MAG016
MAG016_MAG016_MAG016_4_102,0.18315449,EX01,MAG016
MAG016_MAG016_MAG016_4_103,0.293328668,EX01,MAG016
MAG016_MAG016_MAG016_4_104,0.0,EX01,MAG016
MAG016_MAG016_MAG016_4_105,0.421874272,EX01,MAG016
MAG016_MAG016_MAG016_4_106,7.413716824,EX01,MAG016
MAG016_MAG016_MAG016_4_107,0.0,EX01,MAG016
MAG016_MAG016_MAG016_4_108,17.53584104,EX01,MAG016
MAG016_MAG016_MAG016_4_109,0.0,EX01,MAG016
MAG016_MAG016_MAG016_4_11,2.514647701,EX01,MAG016
MAG016_MAG016_MAG016_4_12,2.545132267,EX01,MAG016
MAG016_MAG016_MAG016_4_13,1.122095904,EX01,MAG016
MAG016_MAG016_MAG016_4_14,0.024030005,EX01,MAG016
MAG016_MAG016_MAG016_4_15,0.00605997,EX01,MAG016
MAG016_MAG016_MAG016_4_16,0.0,EX01,MAG016
MAG016_MAG016_MAG016_4_17,0.49673442,EX01,MAG016
MAG016_MAG016_MAG016_4_18,0.909577106,EX01,MAG016
MAG016_MAG016_MAG016_4_19,2.151408419,EX01,MAG016
MAG016_MAG016_MAG016_4_2,0.0,EX01,MAG016
MAG016_MAG016_MAG016_4_20,0.0,EX01,MAG016
MAG016_MAG016_MAG016_4_21,0.402073062,EX01,MAG016
MAG016_MAG016_MAG016_4_22,0.0,EX01,MAG016
MAG016_MAG016_MAG016_4_23,0.0,EX01,MAG016
MAG016_MAG016_MAG016_4_24,0.0,EX01,MAG016
MAG016_MAG016_MAG016_4_25,0.0,EX01,MAG016
MAG016_MAG016_MAG016_4_26,0.122152373,EX01,MAG016
MAG016_MAG016_MAG016_4_27,0.589874291,EX01,MAG016
MAG016_MAG016_MAG016_4_28,0.409024611,EX01,MAG016
MAG016_MAG016_MAG016_4_29,1.504800305,EX01,MAG016
MAG016_MAG016_MAG016_4_3,0.977257884,EX01,MAG016
MAG016_MAG016_MAG016_4_30,1.026020183,EX01,MAG016
MAG016_MAG016_MAG016_4_31,4.061073369,EX01,MAG016
MAG016_MAG016_MAG016_4_32,0.025276544,EX01,MAG016
MAG016_MAG016_MAG016_4_33,0.0,EX01,MAG016
MAG016_MAG016_MAG016_4_34,0.477368359,EX01,MAG016
MAG016_MAG016_MAG016_4_35,0.593808178,EX01,MAG016
MAG016_MAG016_MAG016_4_36,1.069603973,EX01,MAG016
MAG016_MAG016_MAG016_4_37,1.65683255,EX01,MAG016
MAG016_MAG016_MAG016_4_38,0.644866238,EX01,MAG016
MAG016_MAG016_MAG016_4_39,0.0,EX01,MAG016
MAG016_MAG016_MAG016_4_4,3.368259301,EX01,MAG016
MAG016_MAG016_MAG016_4_40,0.799758171,EX01,MAG016
MAG016_MAG016_MAG016_4_41,2.047135745,EX01,MAG016
MAG016_MAG016_MAG016_4_42,1.767109317,EX01,MAG016
MAG016_MAG016_MAG016_4_43,0.0,EX01,MAG016
MAG016_MAG016_MAG016_4_44,4.483706199,EX01,MAG016
MAG016_MAG016_MAG016_4_45,5.390617145,EX01,MAG016
MAG016_MAG016_MAG016_4_46,29.64211953,EX01,MAG016
MAG016_MAG016_MAG016_4_47,0.0,EX01,MAG016
MAG016_MAG016_MAG016_4_48,0.0,EX01,MAG016
MAG016_MAG016_MAG016_4_49,125.7636547,EX01,MAG016
MAG016_MAG016_MAG016_4_5,0.228258109,EX01,MAG016
MAG016_MAG016_MAG016_4_50,0.0,EX01,MAG016
MAG016_MAG016_MAG016_4_51,55.64311105,EX01,MAG016
MAG016_MAG016_MAG016_4_52,1.654390686,EX01,MAG016
MAG016_MAG016_MAG016_4_53,0.0,EX01,MAG016
MAG016_MAG016_MAG016_4_54,2.457569883,EX01,MAG016
MAG016_MAG016_MAG016_4_55,0.0,EX01,MAG016
MAG016_MAG016_MAG016_4_56,3.380894734,EX01,MAG016
MAG016_MAG016_MAG016_4_57,0.608702364,EX01,MAG016
MAG016_MAG016_MAG016_4_58,0.0,EX01,MAG016
MAG016_MAG016_MAG016_4_59,0.0,EX01,MAG016
MAG016_MAG016_MAG016_4_6,0.298452226,EX01,MAG016
MAG016_MAG016_MAG016_4_60,1.141539459,EX01,MAG016
MAG016_MAG016_MAG016_4_61,0.0,EX01,MAG016
MAG016_MAG016_MAG016_4_62,2.384510232,EX01,MAG016
MAG016_MAG016_MAG016_4_63,6.142480481,EX01,MAG016
MAG016_MAG016_MAG016_4_64,6.404945876,EX01,MAG016
MAG016_MAG016_MAG016_4_65,0.0,EX01,MAG016
MAG016_MAG016_MAG016_4_66,1.84172423,EX01,MAG016
MAG016_MAG016_MAG016_4_67,0.493796328,EX01,MAG016
MAG016_MAG016_MAG016_4_68,0.0,EX01,MAG016
MAG016_MAG016_MAG016_4_69,9.17496075,EX01,MAG016
MAG016_MAG016_MAG016_4_7,0.373762289,EX01,MAG016
MAG016_MAG016_MAG016_4_70,0.0,EX01,MAG016
MAG016_MAG016_MAG016_4_71,12.06918065,EX01,MAG016
MAG016_MAG016_MAG016_4_72,1.520676613,EX01,MAG016
MAG016_MAG016_MAG016_4_73,3.271912319,EX01,MAG016
MAG016_MAG016_MAG016_4_74,2.165823364,EX01,MAG016
MAG016_MAG016_MAG016_4_75,2.398316396,EX01,MAG016
MAG016_MAG016_MAG016_4_76,0.929969508,EX01,MAG016
MAG016_MAG016_MAG016_4_77,1.02713005,EX01,MAG016
MAG016_MAG016_MAG016_4_78,4.104618444,EX01,MAG016
MAG016_MAG016_MAG016_4_79,0.631096602,EX01,MAG016
MAG016_MAG016_MAG016_4_8,0.117654126,EX01,MAG016
MAG016_MAG016_MAG016_4_80,1.103465816,EX01,MAG016
MAG016_MAG016_MAG016_4_81,0.0,EX01,MAG016
MAG016_MAG016_MAG016_4_82,0.0,EX01,MAG016
MAG016_MAG016_MAG016_4_83,1.689817126,EX01,MAG016
MAG016_MAG016_MAG016_4_84,1.562520437,EX01,MAG016
MAG016_MAG016_MAG016_4_85,1.337457163,EX01,MAG016
MAG016_MAG016_MAG016_4_86,7.649906539,EX01,MAG016
MAG016_MAG016_MAG016_4_87,0.0,EX01,MAG016
MAG016_MAG016_MAG016_4_88,0.432000007,EX01,MAG016
MAG016_MAG016_MAG016_4_89,4.16585729,EX01,MAG016
MAG016_MAG016_MAG016_4_9,0.854128348,EX01,MAG016
MAG016_MAG016_MAG016_4_90,0.165219267,EX01,MAG016
MAG016_MAG016_MAG016_4_91,0.0,EX01,MAG016
MAG016_MAG016_MAG016_4_92,0.859110731,EX01,MAG016
MAG016_MAG016_MAG016_4_93,0.0,EX01,MAG016
MAG016_MAG016_MAG016_4_94,8.971281229,EX01,MAG016
MAG016_MAG016_MAG016_4_95,9.997397127,EX01,MAG016
MAG016_MAG016_MAG016_4_96,13.80171092,EX01,MAG016
MAG016_MAG016_MAG016_4_97,0.711200276,EX01,MAG016
MAG016_MAG016_MAG016_4_98,79.5275516,EX01,MAG016
MAG016_MAG016_MAG016_4_99,0.886432672,EX01,MAG016
MAG016_MAG016_MAG016_50_1,0.0,EX01,MAG016
MAG016_MAG016_MAG016_50_10,33.28535285,EX01,MAG016
MAG016_MAG016_MAG016_50_11,18.11148889,EX01,MAG016
MAG016_MAG016_MAG016_50_12,0.0,EX01,MAG016
MAG016_MAG016_MAG016_50_13,0.007305774,EX01,MAG016
MAG016_MAG016_MAG016_50_14,0.466208736,EX01,MAG016
MAG016_MAG016_MAG016_50_15,0.0,EX01,MAG016
MAG016_MAG016_MAG016_50_16,0.00579377,EX01,MAG016
MAG016_MAG016_MAG016_50_17,0.0,EX01,MAG016
MAG016_MAG016_MAG016_50_18,0.0,EX01,MAG016
MAG016_MAG016_MAG016_50_19,0.0,EX01,MAG016
MAG016_MAG016_MAG016_50_2,3.819875569,EX01,MAG016
MAG016_MAG016_MAG016_50_20,0.0,EX01,MAG016
MAG016_MAG016_MAG016_50_21,0.724403074,EX01,MAG016
MAG016_MAG016_MAG016_50_22,0.0,EX01,MAG016
MAG016_MAG016_MAG016_50_23,0.100966168,EX01,MAG016
MAG016_MAG016_MAG016_50_24,0.0,EX01,MAG016
MAG016_MAG016_MAG016_50_25,0.339544261,EX01,MAG016
MAG016_MAG016_MAG016_50_26,7.051338452,EX01,MAG016
MAG016_MAG016_MAG016_50_27,0.0,EX01,MAG016
MAG016_MAG016_MAG016_50_28,0.310694313,EX01,MAG016
MAG016_MAG016_MAG016_50_29,0.0,EX01,MAG016
MAG016_MAG016_MAG016_50_3,0.806026745,EX01,MAG016
MAG016_MAG016_MAG016_50_30,0.539725699,EX01,MAG016
MAG016_MAG016_MAG016_50_31,20.0238257,EX01,MAG016
MAG016_MAG016_MAG016_50_32,0.0,EX01,MAG016
MAG016_MAG016_MAG016_50_33,1.202757084,EX01,MAG016
MAG016_MAG016_MAG016_50_34,0.134494328,EX01,MAG016
MAG016_MAG016_MAG016_50_35,0.127748858,EX01,MAG016
MAG016_MAG016_MAG016_50_36,0.132288169,EX01,MAG016
MAG016_MAG016_MAG016_50_37,3.302820616,EX01,MAG016
MAG016_MAG016_MAG016_50_38,0.942958906,EX01,MAG016
MAG016_MAG016_MAG016_50_39,0.0,EX01,MAG016
MAG016_MAG016_MAG016_50_4,2.737376478,EX01,MAG016
MAG016_MAG016_MAG016_50_40,0.277183153,EX01,MAG016
MAG016_MAG016_MAG016_50_41,3.378664342,EX01,MAG016
MAG016_MAG016_MAG016_50_42,5.343937829,EX01,MAG016
MAG016_MAG016_MAG016_50_43,2.213941544,EX01,MAG016
MAG016_MAG016_MAG016_50_44,0.354659639,EX01,MAG016
MAG016_MAG016_MAG016_50_45,0.0,EX01,MAG016
MAG016_MAG016_MAG016_50_46,0.0,EX01,MAG016
MAG016_MAG016_MAG016_50_47,1.588406917,EX01,MAG016
MAG016_MAG016_MAG016_50_48,2.103186264,EX01,MAG016
MAG016_MAG016_MAG016_50_49,4.688567517,EX01,MAG016
MAG016_MAG016_MAG016_50_5,0.0,EX01,MAG016
MAG016_MAG016_MAG016_50_50,30.46684837,EX01,MAG016
MAG016_MAG016_MAG016_50_51,1.210107644,EX01,MAG016
MAG016_MAG016_MAG016_50_52,0.0,EX01,MAG016
MAG016_MAG016_MAG016_50_53,0.0,EX01,MAG016
MAG016_MAG016_MAG016_50_54,0.0,EX01,MAG016
MAG016_MAG016_MAG016_50_55,0.0,EX01,MAG016
MAG016_MAG016_MAG016_50_56,0.0,EX01,MAG016
MAG016_MAG016_MAG016_50_57,36.23793546,EX01,MAG016
MAG016_MAG016_MAG016_50_58,26.78796653,EX01,MAG016
MAG016_MAG016_MAG016_50_59,26.49461053,EX01,MAG016
MAG016_MAG016_MAG016_50_6,2.166582605,EX01,MAG016
MAG016_MAG016_MAG016_50_60,7.362604337,EX01,MAG016
MAG016_MAG016_MAG016_50_61,4.727929705,EX01,MAG016
MAG016_MAG016_MAG016_50_62,8.961734296,EX01,MAG016
MAG016_MAG016_MAG016_50_63,0.0,EX01,MAG016
MAG016_MAG016_MAG016_50_64,0.0,EX01,MAG016
MAG016_MAG016_MAG016_50_65,0.0,EX01,MAG016
MAG016_MAG016_MAG016_50_66,0.324254699,EX01,MAG016
MAG016_MAG016_MAG016_50_67,0.0,EX01,MAG016
MAG016_MAG016_MAG016_50_68,0.0,EX01,MAG016
MAG016_MAG016_MAG016_50_69,2.723438076,EX01,MAG016
MAG016_MAG016_MAG016_50_7,0.0,EX01,MAG016
MAG016_MAG016_MAG016_50_70,0.0,EX01,MAG016
MAG016_MAG016_MAG016_50_71,0.206621794,EX01,MAG016
MAG016_MAG016_MAG016_50_72,0.0,EX01,MAG016
MAG016_MAG016_MAG016_50_8,1.930464837,EX01,MAG016
MAG016_MAG016_MAG016_50_9,0.232396637,EX01,MAG016
MAG016_MAG016_MAG016_51_1,0.0,EX01,MAG016
MAG016_MAG016_MAG016_51_10,0.561826102,EX01,MAG016
MAG016_MAG016_MAG016_51_100,34.91910126,EX01,MAG016
MAG016_MAG016_MAG016_51_101,0.0,EX01,MAG016
MAG016_MAG016_MAG016_51_102,1.190767081,EX01,MAG016
MAG016_MAG016_MAG016_51_103,2.084390484,EX01,MAG016
MAG016_MAG016_MAG016_51_104,1.074332676,EX01,MAG016
MAG016_MAG016_MAG016_51_105,0.0,EX01,MAG016
MAG016_MAG016_MAG016_51_106,0.0,EX01,MAG016
MAG016_MAG016_MAG016_51_107,0.0,EX01,MAG016
MAG016_MAG016_MAG016_51_108,1.938485037,EX01,MAG016
MAG016_MAG016_MAG016_51_109,5.429293318,EX01,MAG016
MAG016_MAG016_MAG016_51_11,2.014656,EX01,MAG016
MAG016_MAG016_MAG016_51_110,0.0,EX01,MAG016
MAG016_MAG016_MAG016_51_111,0.558990073,EX01,MAG016
MAG016_MAG016_MAG016_51_112,0.005481687,EX01,MAG016
MAG016_MAG016_MAG016_51_113,0.11836048,EX01,MAG016
MAG016_MAG016_MAG016_51_114,0.006900158,EX01,MAG016
MAG016_MAG016_MAG016_51_115,4.326957781,EX01,MAG016
MAG016_MAG016_MAG016_51_116,4.450053654,EX01,MAG016
MAG016_MAG016_MAG016_51_117,2.409971623,EX01,MAG016
MAG016_MAG016_MAG016_51_118,0.0,EX01,MAG016
MAG016_MAG016_MAG016_51_119,8.938267947,EX01,MAG016
MAG016_MAG016_MAG016_51_12,0.0,EX01,MAG016
MAG016_MAG016_MAG016_51_120,0.0,EX01,MAG016
MAG016_MAG016_MAG016_51_121,0.783303014,EX01,MAG016
MAG016_MAG016_MAG016_51_122,1.812143379,EX01,MAG016
MAG016_MAG016_MAG016_51_123,0.438107109,EX01,MAG016
MAG016_MAG016_MAG016_51_124,6.042250678,EX01,MAG016
MAG016_MAG016_MAG016_51_125,0.0,EX01,MAG016
MAG016_MAG016_MAG016_51_126,0.0,EX01,MAG016
MAG016_MAG016_MAG016_51_127,0.0,EX01,MAG016
MAG016_MAG016_MAG016_51_128,0.0,EX01,MAG016
MAG016_MAG016_MAG016_51_129,0.0,EX01,MAG016
MAG016_MAG016_MAG016_51_13,0.0,EX01,MAG016
MAG016_MAG016_MAG016_51_130,0.317365085,EX01,MAG016
MAG016_MAG016_MAG016_51_131,0.190445927,EX01,MAG016
MAG016_MAG016_MAG016_51_132,0.303311497,EX01,MAG016
MAG016_MAG016_MAG016_51_133,2.033387749,EX01,MAG016
MAG016_MAG016_MAG016_51_134,0.1728377,EX01,MAG016
MAG016_MAG016_MAG016_51_135,0.0,EX01,MAG016
MAG016_MAG016_MAG016_51_136,1.9615553,EX01,MAG016
MAG016_MAG016_MAG016_51_137,0.430152094,EX01,MAG016
MAG016_MAG016_MAG016_51_138,0.0,EX01,MAG016
MAG016_MAG016_MAG016_51_139,0.595814322,EX01,MAG016
MAG016_MAG016_MAG016_51_14,0.0,EX01,MAG016
MAG016_MAG016_MAG016_51_140,1.690425429,EX01,MAG016
MAG016_MAG016_MAG016_51_141,0.0,EX01,MAG016
MAG016_MAG016_MAG016_51_142,0.0,EX01,MAG016
MAG016_MAG016_MAG016_51_143,8.090790784,EX01,MAG016
MAG016_MAG016_MAG016_51_144,1.045300201,EX01,MAG016
MAG016_MAG016_MAG016_51_145,1.006643057,EX01,MAG016
MAG016_MAG016_MAG016_51_146,0.0,EX01,MAG016
MAG016_MAG016_MAG016_51_147,0.239679669,EX01,MAG016
MAG016_MAG016_MAG016_51_148,3.842446709,EX01,MAG016
MAG016_MAG016_MAG016_51_149,0.001490935,EX01,MAG016
MAG016_MAG016_MAG016_51_15,0.0,EX01,MAG016
MAG016_MAG016_MAG016_51_150,0.209739552,EX01,MAG016
MAG016_MAG016_MAG016_51_151,1.352848724,EX01,MAG016
MAG016_MAG016_MAG016_51_152,1.601495608,EX01,MAG016
MAG016_MAG016_MAG016_51_153,0.204756497,EX01,MAG016
MAG016_MAG016_MAG016_51_154,4.409199782,EX01,MAG016
MAG016_MAG016_MAG016_51_155,1.95019454,EX01,MAG016
MAG016_MAG016_MAG016_51_156,77.28170857,EX01,MAG016
MAG016_MAG016_MAG016_51_157,23.72801076,EX01,MAG016
MAG016_MAG016_MAG016_51_158,17.73624223,EX01,MAG016
MAG016_MAG016_MAG016_51_16,0.010909953,EX01,MAG016
MAG016_MAG016_MAG016_51_17,0.0,EX01,MAG016
MAG016_MAG016_MAG016_51_18,0.0,EX01,MAG016
MAG016_MAG016_MAG016_51_19,7.228312214,EX01,MAG016
MAG016_MAG016_MAG016_51_2,0.0,EX01,MAG016
MAG016_MAG016_MAG016_51_20,2.140523011,EX01,MAG016
MAG016_MAG016_MAG016_51_21,0.0,EX01,MAG016
MAG016_MAG016_MAG016_51_22,1.063721755,EX01,MAG016
MAG016_MAG016_MAG016_51_23,0.806226358,EX01,MAG016
MAG016_MAG016_MAG016_51_24,1.351741384,EX01,MAG016
MAG016_MAG016_MAG016_51_25,1.769904365,EX01,MAG016
MAG016_MAG016_MAG016_51_26,0.01071125,EX01,MAG016
MAG016_MAG016_MAG016_51_27,0.128666145,EX01,MAG016
MAG016_MAG016_MAG016_51_28,1.984171132,EX01,MAG016
MAG016_MAG016_MAG016_51_29,0.516509848,EX01,MAG016
MAG016_MAG016_MAG016_51_3,0.0,EX01,MAG016
MAG016_MAG016_MAG016_51_30,0.0,EX01,MAG016
MAG016_MAG016_MAG016_51_31,2.138480579,EX01,MAG016
MAG016_MAG016_MAG016_51_32,1.219367169,EX01,MAG016
MAG016_MAG016_MAG016_51_33,0.487385214,EX01,MAG016
MAG016_MAG016_MAG016_51_34,1.2732684,EX01,MAG016
MAG016_MAG016_MAG016_51_35,15.98177715,EX01,MAG016
MAG016_MAG016_MAG016_51_36,1.670739855,EX01,MAG016
MAG016_MAG016_MAG016_51_37,0.0,EX01,MAG016
MAG016_MAG016_MAG016_51_38,0.137590056,EX01,MAG016
MAG016_MAG016_MAG016_51_39,2.291170341,EX01,MAG016
MAG016_MAG016_MAG016_51_4,0.0,EX01,MAG016
MAG016_MAG016_MAG016_51_40,4.120696936,EX01,MAG016
MAG016_MAG016_MAG016_51_41,0.009582773,EX01,MAG016
MAG016_MAG016_MAG016_51_42,0.544463212,EX01,MAG016
MAG016_MAG016_MAG016_51_43,0.0,EX01,MAG016
MAG016_MAG016_MAG016_51_44,0.0,EX01,MAG016
MAG016_MAG016_MAG016_51_45,0.0,EX01,MAG016
MAG016_MAG016_MAG016_51_46,0.0,EX01,MAG016
MAG016_MAG016_MAG016_51_47,0.0,EX01,MAG016
MAG016_MAG016_MAG016_51_48,0.0,EX01,MAG016
MAG016_MAG016_MAG016_51_49,0.0,EX01,MAG016
MAG016_MAG016_MAG016_51_5,0.0,EX01,MAG016
MAG016_MAG016_MAG016_51_50,0.00901993,EX01,MAG016
MAG016_MAG016_MAG016_51_51,0.0,EX01,MAG016
MAG016_MAG016_MAG016_51_52,0.0,EX01,MAG016
MAG016_MAG016_MAG016_51_53,0.0,EX01,MAG016
MAG016_MAG016_MAG016_51_54,0.0,EX01,MAG016
MAG016_MAG016_MAG016_51_55,0.0,EX01,MAG016
MAG016_MAG016_MAG016_51_56,0.313183065,EX01,MAG016
MAG016_MAG016_MAG016_51_57,0.0,EX01,MAG016
MAG016_MAG016_MAG016_51_58,0.0,EX01,MAG016
MAG016_MAG016_MAG016_51_59,0.0,EX01,MAG016
MAG016_MAG016_MAG016_51_6,0.729596513,EX01,MAG016
MAG016_MAG016_MAG016_51_60,0.0,EX01,MAG016
MAG016_MAG016_MAG016_51_61,0.0,EX01,MAG016
MAG016_MAG016_MAG016_51_62,0.0,EX01,MAG016
MAG016_MAG016_MAG016_51_63,0.668893909,EX01,MAG016
MAG016_MAG016_MAG016_51_64,0.494973521,EX01,MAG016
MAG016_MAG016_MAG016_51_65,0.0,EX01,MAG016
MAG016_MAG016_MAG016_51_66,0.0,EX01,MAG016
MAG016_MAG016_MAG016_51_67,0.0,EX01,MAG016
MAG016_MAG016_MAG016_51_68,0.0,EX01,MAG016
MAG016_MAG016_MAG016_51_69,0.0,EX01,MAG016
MAG016_MAG016_MAG016_51_7,0.009862856,EX01,MAG016
MAG016_MAG016_MAG016_51_70,0.0,EX01,MAG016
MAG016_MAG016_MAG016_51_71,0.0,EX01,MAG016
MAG016_MAG016_MAG016_51_72,0.008466308,EX01,MAG016
MAG016_MAG016_MAG016_51_73,0.0,EX01,MAG016
MAG016_MAG016_MAG016_51_74,0.0,EX01,MAG016
MAG016_MAG016_MAG016_51_75,0.0,EX01,MAG016
MAG016_MAG016_MAG016_51_76,0.0,EX01,MAG016
MAG016_MAG016_MAG016_51_77,0.0,EX01,MAG016
MAG016_MAG016_MAG016_51_78,0.0,EX01,MAG016
MAG016_MAG016_MAG016_51_79,0.0,EX01,MAG016
MAG016_MAG016_MAG016_51_8,5.821611205,EX01,MAG016
MAG016_MAG016_MAG016_51_80,0.0,EX01,MAG016
MAG016_MAG016_MAG016_51_81,21.75437993,EX01,MAG016
MAG016_MAG016_MAG016_51_82,15.55726847,EX01,MAG016
MAG016_MAG016_MAG016_51_83,9.343356261,EX01,MAG016
MAG016_MAG016_MAG016_51_84,6.599380322,EX01,MAG016
MAG016_MAG016_MAG016_51_85,3.631857437,EX01,MAG016
MAG016_MAG016_MAG016_51_86,0.0,EX01,MAG016
MAG016_MAG016_MAG016_51_87,10.34570902,EX01,MAG016
MAG016_MAG016_MAG016_51_88,0.146742178,EX01,MAG016
MAG016_MAG016_MAG016_51_89,18.16344974,EX01,MAG016
MAG016_MAG016_MAG016_51_9,0.0,EX01,MAG016
MAG016_MAG016_MAG016_51_90,0.479921968,EX01,MAG016
MAG016_MAG016_MAG016_51_91,1.723241544,EX01,MAG016
MAG016_MAG016_MAG016_51_92,0.0,EX01,MAG016
MAG016_MAG016_MAG016_51_93,1.008154168,EX01,MAG016
MAG016_MAG016_MAG016_51_94,0.0,EX01,MAG016
MAG016_MAG016_MAG016_51_95,5.468626347,EX01,MAG016
MAG016_MAG016_MAG016_51_96,6.949613889,EX01,MAG016
MAG016_MAG016_MAG016_51_97,33.99409041,EX01,MAG016
MAG016_MAG016_MAG016_51_98,1.585274548,EX01,MAG016
MAG016_MAG016_MAG016_51_99,3.130962953,EX01,MAG016
MAG016_MAG016_MAG016_52_1,0.0,EX01,MAG016
MAG016_MAG016_MAG016_52_10,4.081596419,EX01,MAG016
MAG016_MAG016_MAG016_52_100,0.0,EX01,MAG016
MAG016_MAG016_MAG016_52_101,5.388211379,EX01,MAG016
MAG016_MAG016_MAG016_52_102,0.106352342,EX01,MAG016
MAG016_MAG016_MAG016_52_103,2.213286815,EX01,MAG016
MAG016_MAG016_MAG016_52_104,0.0,EX01,MAG016
MAG016_MAG016_MAG016_52_105,0.0,EX01,MAG016
MAG016_MAG016_MAG016_52_106,0.0,EX01,MAG016
MAG016_MAG016_MAG016_52_107,2.435762763,EX01,MAG016
MAG016_MAG016_MAG016_52_108,8.495378746,EX01,MAG016
MAG016_MAG016_MAG016_52_109,0.0,EX01,MAG016
MAG016_MAG016_MAG016_52_11,4.244733042,EX01,MAG016
MAG016_MAG016_MAG016_52_110,0.756767388,EX01,MAG016
MAG016_MAG016_MAG016_52_111,0.107317302,EX01,MAG016
MAG016_MAG016_MAG016_52_112,4.105622546,EX01,MAG016
MAG016_MAG016_MAG016_52_113,2.096941406,EX01,MAG016
MAG016_MAG016_MAG016_52_114,0.381124448,EX01,MAG016
MAG016_MAG016_MAG016_52_115,3.4678177,EX01,MAG016
MAG016_MAG016_MAG016_52_116,3.636147803,EX01,MAG016
MAG016_MAG016_MAG016_52_117,1.213026473,EX01,MAG016
MAG016_MAG016_MAG016_52_118,0.039003186,EX01,MAG016
MAG016_MAG016_MAG016_52_119,1.088268722,EX01,MAG016
MAG016_MAG016_MAG016_52_12,0.0,EX01,MAG016
MAG016_MAG016_MAG016_52_120,0.746488599,EX01,MAG016
MAG016_MAG016_MAG016_52_121,0.211722163,EX01,MAG016
MAG016_MAG016_MAG016_52_122,0.02897431,EX01,MAG016
MAG016_MAG016_MAG016_52_123,0.012237459,EX01,MAG016
MAG016_MAG016_MAG016_52_124,0.0,EX01,MAG016
MAG016_MAG016_MAG016_52_125,0.0,EX01,MAG016
MAG016_MAG016_MAG016_52_126,0.086459443,EX01,MAG016
MAG016_MAG016_MAG016_52_127,0.003159343,EX01,MAG016
MAG016_MAG016_MAG016_52_128,0.547963772,EX01,MAG016
MAG016_MAG016_MAG016_52_129,0.0,EX01,MAG016
MAG016_MAG016_MAG016_52_13,0.0,EX01,MAG016
MAG016_MAG016_MAG016_52_130,0.0,EX01,MAG016
MAG016_MAG016_MAG016_52_131,0.094397652,EX01,MAG016
MAG016_MAG016_MAG016_52_132,0.0,EX01,MAG016
MAG016_MAG016_MAG016_52_133,0.0,EX01,MAG016
MAG016_MAG016_MAG016_52_134,0.0,EX01,MAG016
MAG016_MAG016_MAG016_52_135,0.0,EX01,MAG016
MAG016_MAG016_MAG016_52_136,0.880707515,EX01,MAG016
MAG016_MAG016_MAG016_52_137,0.229448251,EX01,MAG016
MAG016_MAG016_MAG016_52_138,0.0,EX01,MAG016
MAG016_MAG016_MAG016_52_139,0.006005435,EX01,MAG016
MAG016_MAG016_MAG016_52_14,1.014261249,EX01,MAG016
MAG016_MAG016_MAG016_52_140,0.205274727,EX01,MAG016
MAG016_MAG016_MAG016_52_141,13.70687811,EX01,MAG016
MAG016_MAG016_MAG016_52_142,0.0,EX01,MAG016
MAG016_MAG016_MAG016_52_143,0.0,EX01,MAG016
MAG016_MAG016_MAG016_52_144,10.78292331,EX01,MAG016
MAG016_MAG016_MAG016_52_145,8.514539649,EX01,MAG016
MAG016_MAG016_MAG016_52_146,2.230746178,EX01,MAG016
MAG016_MAG016_MAG016_52_147,0.0,EX01,MAG016
MAG016_MAG016_MAG016_52_148,1.243323099,EX01,MAG016
MAG016_MAG016_MAG016_52_149,0.510499146,EX01,MAG016
MAG016_MAG016_MAG016_52_15,0.0,EX01,MAG016
MAG016_MAG016_MAG016_52_150,5.3709714,EX01,MAG016
MAG016_MAG016_MAG016_52_151,0.25611044,EX01,MAG016
MAG016_MAG016_MAG016_52_152,0.0,EX01,MAG016
MAG016_MAG016_MAG016_52_153,0.00165478,EX01,MAG016
MAG016_MAG016_MAG016_52_154,0.139778876,EX01,MAG016
MAG016_MAG016_MAG016_52_16,2.306553662,EX01,MAG016
MAG016_MAG016_MAG016_52_17,0.272144121,EX01,MAG016
MAG016_MAG016_MAG016_52_18,0.212954881,EX01,MAG016
MAG016_MAG016_MAG016_52_19,4.038603629,EX01,MAG016
MAG016_MAG016_MAG016_52_2,0.0,EX01,MAG016
MAG016_MAG016_MAG016_52_20,17.97845109,EX01,MAG016
MAG016_MAG016_MAG016_52_21,1.695388711,EX01,MAG016
MAG016_MAG016_MAG016_52_22,0.292402796,EX01,MAG016
MAG016_MAG016_MAG016_52_23,0.680213379,EX01,MAG016
MAG016_MAG016_MAG016_52_24,0.02190762,EX01,MAG016
MAG016_MAG016_MAG016_52_25,0.013837197,EX01,MAG016
MAG016_MAG016_MAG016_52_26,0.105284583,EX01,MAG016
MAG016_MAG016_MAG016_52_27,0.137870775,EX01,MAG016
MAG016_MAG016_MAG016_52_28,0.049868044,EX01,MAG016
MAG016_MAG016_MAG016_52_29,0.002610059,EX01,MAG016
MAG016_MAG016_MAG016_52_3,0.272050713,EX01,MAG016
MAG016_MAG016_MAG016_52_30,0.0,EX01,MAG016
MAG016_MAG016_MAG016_52_31,0.0,EX01,MAG016
MAG016_MAG016_MAG016_52_32,0.0,EX01,MAG016
MAG016_MAG016_MAG016_52_33,0.0,EX01,MAG016
MAG016_MAG016_MAG016_52_34,0.004314112,EX01,MAG016
MAG016_MAG016_MAG016_52_35,0.002251984,EX01,MAG016
MAG016_MAG016_MAG016_52_36,0.0,EX01,MAG016
MAG016_MAG016_MAG016_52_37,0.024741199,EX01,MAG016
MAG016_MAG016_MAG016_52_38,7.347297965,EX01,MAG016
MAG016_MAG016_MAG016_52_39,0.212525651,EX01,MAG016
MAG016_MAG016_MAG016_52_4,0.0,EX01,MAG016
MAG016_MAG016_MAG016_52_40,1.334306079,EX01,MAG016
MAG016_MAG016_MAG016_52_41,1.930495999,EX01,MAG016
MAG016_MAG016_MAG016_52_42,7.113378301,EX01,MAG016
MAG016_MAG016_MAG016_52_43,6.106829418,EX01,MAG016
MAG016_MAG016_MAG016_52_44,0.188781002,EX01,MAG016
MAG016_MAG016_MAG016_52_45,0.00822924,EX01,MAG016
MAG016_MAG016_MAG016_52_46,0.002819606,EX01,MAG016
MAG016_MAG016_MAG016_52_47,2.881851976,EX01,MAG016
MAG016_MAG016_MAG016_52_48,1.198055763,EX01,MAG016
MAG016_MAG016_MAG016_52_49,0.0,EX01,MAG016
MAG016_MAG016_MAG016_52_5,0.0,EX01,MAG016
MAG016_MAG016_MAG016_52_50,0.052845172,EX01,MAG016
MAG016_MAG016_MAG016_52_51,0.127213713,EX01,MAG016
MAG016_MAG016_MAG016_52_52,0.001215781,EX01,MAG016
MAG016_MAG016_MAG016_52_53,0.105101332,EX01,MAG016
MAG016_MAG016_MAG016_52_54,0.0,EX01,MAG016
MAG016_MAG016_MAG016_52_55,0.0,EX01,MAG016
MAG016_MAG016_MAG016_52_56,0.0,EX01,MAG016
MAG016_MAG016_MAG016_52_57,0.0,EX01,MAG016
MAG016_MAG016_MAG016_52_58,0.0,EX01,MAG016
MAG016_MAG016_MAG016_52_59,0.0,EX01,MAG016
MAG016_MAG016_MAG016_52_6,0.0,EX01,MAG016
MAG016_MAG016_MAG016_52_60,0.005451025,EX01,MAG016
MAG016_MAG016_MAG016_52_61,0.002396062,EX01,MAG016
MAG016_MAG016_MAG016_52_62,0.0,EX01,MAG016
MAG016_MAG016_MAG016_52_63,0.007664057,EX01,MAG016
MAG016_MAG016_MAG016_52_64,0.249720388,EX01,MAG016
MAG016_MAG016_MAG016_52_65,0.0,EX01,MAG016
MAG016_MAG016_MAG016_52_66,0.0,EX01,MAG016
MAG016_MAG016_MAG016_52_67,0.001659059,EX01,MAG016
MAG016_MAG016_MAG016_52_68,0.028116603,EX01,MAG016
MAG016_MAG016_MAG016_52_69,0.085211291,EX01,MAG016
MAG016_MAG016_MAG016_52_7,0.010542351,EX01,MAG016
MAG016_MAG016_MAG016_52_70,0.065602366,EX01,MAG016
MAG016_MAG016_MAG016_52_71,0.002076471,EX01,MAG016
MAG016_MAG016_MAG016_52_72,0.002414299,EX01,MAG016
MAG016_MAG016_MAG016_52_73,0.003530213,EX01,MAG016
MAG016_MAG016_MAG016_52_74,0.002211284,EX01,MAG016
MAG016_MAG016_MAG016_52_75,0.309000514,EX01,MAG016
MAG016_MAG016_MAG016_52_76,0.347196326,EX01,MAG016
MAG016_MAG016_MAG016_52_77,0.159543024,EX01,MAG016
MAG016_MAG016_MAG016_52_78,0.232863361,EX01,MAG016
MAG016_MAG016_MAG016_52_79,1.982305028,EX01,MAG016
MAG016_MAG016_MAG016_52_8,1.157419549,EX01,MAG016
MAG016_MAG016_MAG016_52_80,4.021074781,EX01,MAG016
MAG016_MAG016_MAG016_52_81,0.363589018,EX01,MAG016
MAG016_MAG016_MAG016_52_82,0.22421586,EX01,MAG016
MAG016_MAG016_MAG016_52_83,0.023375245,EX01,MAG016
MAG016_MAG016_MAG016_52_84,2.392521247,EX01,MAG016
MAG016_MAG016_MAG016_52_85,0.0,EX01,MAG016
MAG016_MAG016_MAG016_52_86,0.003921101,EX01,MAG016
MAG016_MAG016_MAG016_52_87,12.57799021,EX01,MAG016
MAG016_MAG016_MAG016_52_88,0.645096154,EX01,MAG016
MAG016_MAG016_MAG016_52_89,0.0,EX01,MAG016
MAG016_MAG016_MAG016_52_9,0.135077794,EX01,MAG016
MAG016_MAG016_MAG016_52_90,0.401119716,EX01,MAG016
MAG016_MAG016_MAG016_52_91,0.215103591,EX01,MAG016
MAG016_MAG016_MAG016_52_92,1.163573138,EX01,MAG016
MAG016_MAG016_MAG016_52_93,7.817412454,EX01,MAG016
MAG016_MAG016_MAG016_52_94,0.0,EX01,MAG016
MAG016_MAG016_MAG016_52_95,0.0,EX01,MAG016
MAG016_MAG016_MAG016_52_96,2.544993179,EX01,MAG016
MAG016_MAG016_MAG016_52_97,0.024702267,EX01,MAG016
MAG016_MAG016_MAG016_52_98,0.002941184,EX01,MAG016
MAG016_MAG016_MAG016_52_99,2.01678697,EX01,MAG016
MAG016_MAG016_MAG016_53_1,0.0,EX01,MAG016
MAG016_MAG016_MAG016_53_10,0.625155204,EX01,MAG016
MAG016_MAG016_MAG016_53_100,0.0,EX01,MAG016
MAG016_MAG016_MAG016_53_101,0.0,EX01,MAG016
MAG016_MAG016_MAG016_53_102,4.076869631,EX01,MAG016
MAG016_MAG016_MAG016_53_103,3.821917526,EX01,MAG016
MAG016_MAG016_MAG016_53_104,0.208991266,EX01,MAG016
MAG016_MAG016_MAG016_53_105,0.0,EX01,MAG016
MAG016_MAG016_MAG016_53_106,0.0,EX01,MAG016
MAG016_MAG016_MAG016_53_107,0.0,EX01,MAG016
MAG016_MAG016_MAG016_53_108,0.390065042,EX01,MAG016
MAG016_MAG016_MAG016_53_109,0.038628065,EX01,MAG016
MAG016_MAG016_MAG016_53_11,0.0,EX01,MAG016
MAG016_MAG016_MAG016_53_110,3.858308493,EX01,MAG016
MAG016_MAG016_MAG016_53_111,0.368370948,EX01,MAG016
MAG016_MAG016_MAG016_53_112,0.0,EX01,MAG016
MAG016_MAG016_MAG016_53_113,0.0,EX01,MAG016
MAG016_MAG016_MAG016_53_114,0.515092495,EX01,MAG016
MAG016_MAG016_MAG016_53_115,4.34851145,EX01,MAG016
MAG016_MAG016_MAG016_53_116,0.0,EX01,MAG016
MAG016_MAG016_MAG016_53_117,1.049801334,EX01,MAG016
MAG016_MAG016_MAG016_53_118,0.0,EX01,MAG016
MAG016_MAG016_MAG016_53_119,0.0,EX01,MAG016
MAG016_MAG016_MAG016_53_12,0.527291033,EX01,MAG016
MAG016_MAG016_MAG016_53_120,3.323264352,EX01,MAG016
MAG016_MAG016_MAG016_53_121,0.0,EX01,MAG016
MAG016_MAG016_MAG016_53_122,0.0,EX01,MAG016
MAG016_MAG016_MAG016_53_123,0.0,EX01,MAG016
MAG016_MAG016_MAG016_53_124,0.0,EX01,MAG016
MAG016_MAG016_MAG016_53_125,0.0,EX01,MAG016
MAG016_MAG016_MAG016_53_126,0.0,EX01,MAG016
MAG016_MAG016_MAG016_53_127,4.926378273,EX01,MAG016
MAG016_MAG016_MAG016_53_128,0.0,EX01,MAG016
MAG016_MAG016_MAG016_53_129,0.0,EX01,MAG016
MAG016_MAG016_MAG016_53_13,0.009255485,EX01,MAG016
MAG016_MAG016_MAG016_53_130,0.0,EX01,MAG016
MAG016_MAG016_MAG016_53_131,0.0,EX01,MAG016
MAG016_MAG016_MAG016_53_132,0.721255457,EX01,MAG016
MAG016_MAG016_MAG016_53_133,0.08179088,EX01,MAG016
MAG016_MAG016_MAG016_53_134,0.289018594,EX01,MAG016
MAG016_MAG016_MAG016_53_135,1.521760917,EX01,MAG016
MAG016_MAG016_MAG016_53_136,4.073695434,EX01,MAG016
MAG016_MAG016_MAG016_53_137,0.0,EX01,MAG016
MAG016_MAG016_MAG016_53_138,85.10878418,EX01,MAG016
MAG016_MAG016_MAG016_53_139,1.119821193,EX01,MAG016
MAG016_MAG016_MAG016_53_14,0.0,EX01,MAG016
MAG016_MAG016_MAG016_53_140,5.049729056,EX01,MAG016
MAG016_MAG016_MAG016_53_141,0.219471924,EX01,MAG016
MAG016_MAG016_MAG016_53_142,0.0,EX01,MAG016
MAG016_MAG016_MAG016_53_143,0.011380205,EX01,MAG016
MAG016_MAG016_MAG016_53_144,0.534644736,EX01,MAG016
MAG016_MAG016_MAG016_53_145,2.067728801,EX01,MAG016
MAG016_MAG016_MAG016_53_146,2.15664193,EX01,MAG016
MAG016_MAG016_MAG016_53_147,0.038510228,EX01,MAG016
MAG016_MAG016_MAG016_53_148,1.506270949,EX01,MAG016
MAG016_MAG016_MAG016_53_149,0.749500155,EX01,MAG016
MAG016_MAG016_MAG016_53_15,0.006505021,EX01,MAG016
MAG016_MAG016_MAG016_53_150,0.947699451,EX01,MAG016
MAG016_MAG016_MAG016_53_151,3.616950323,EX01,MAG016
MAG016_MAG016_MAG016_53_152,0.0,EX01,MAG016
MAG016_MAG016_MAG016_53_153,4.704292132,EX01,MAG016
MAG016_MAG016_MAG016_53_154,0.010973209,EX01,MAG016
MAG016_MAG016_MAG016_53_155,0.042607463,EX01,MAG016
MAG016_MAG016_MAG016_53_156,0.0,EX01,MAG016
MAG016_MAG016_MAG016_53_157,0.0,EX01,MAG016
MAG016_MAG016_MAG016_53_158,0.127979336,EX01,MAG016
MAG016_MAG016_MAG016_53_159,0.0,EX01,MAG016
MAG016_MAG016_MAG016_53_16,0.379844577,EX01,MAG016
MAG016_MAG016_MAG016_53_160,0.0,EX01,MAG016
MAG016_MAG016_MAG016_53_161,0.80035345,EX01,MAG016
MAG016_MAG016_MAG016_53_162,0.0,EX01,MAG016
MAG016_MAG016_MAG016_53_163,0.356914725,EX01,MAG016
MAG016_MAG016_MAG016_53_164,0.111551111,EX01,MAG016
MAG016_MAG016_MAG016_53_165,0.0,EX01,MAG016
MAG016_MAG016_MAG016_53_166,0.0,EX01,MAG016
MAG016_MAG016_MAG016_53_17,1.505346355,EX01,MAG016
MAG016_MAG016_MAG016_53_18,0.009346889,EX01,MAG016
MAG016_MAG016_MAG016_53_19,0.531690279,EX01,MAG016
MAG016_MAG016_MAG016_53_2,0.0,EX01,MAG016
MAG016_MAG016_MAG016_53_20,0.0,EX01,MAG016
MAG016_MAG016_MAG016_53_21,1.003812453,EX01,MAG016
MAG016_MAG016_MAG016_53_22,0.0,EX01,MAG016
MAG016_MAG016_MAG016_53_23,0.0,EX01,MAG016
MAG016_MAG016_MAG016_53_24,0.732384475,EX01,MAG016
MAG016_MAG016_MAG016_53_25,0.479697802,EX01,MAG016
MAG016_MAG016_MAG016_53_26,0.018736906,EX01,MAG016
MAG016_MAG016_MAG016_53_27,0.239643673,EX01,MAG016
MAG016_MAG016_MAG016_53_28,0.0,EX01,MAG016
MAG016_MAG016_MAG016_53_29,0.104405301,EX01,MAG016
MAG016_MAG016_MAG016_53_3,4.307399541,EX01,MAG016
MAG016_MAG016_MAG016_53_30,0.572913868,EX01,MAG016
MAG016_MAG016_MAG016_53_31,0.0,EX01,MAG016
MAG016_MAG016_MAG016_53_32,0.0,EX01,MAG016
MAG016_MAG016_MAG016_53_33,0.0,EX01,MAG016
MAG016_MAG016_MAG016_53_34,0.958103978,EX01,MAG016
MAG016_MAG016_MAG016_53_35,0.59525005,EX01,MAG016
MAG016_MAG016_MAG016_53_36,2.004635183,EX01,MAG016
MAG016_MAG016_MAG016_53_37,0.716420357,EX01,MAG016
MAG016_MAG016_MAG016_53_38,0.267703895,EX01,MAG016
MAG016_MAG016_MAG016_53_39,0.101715902,EX01,MAG016
MAG016_MAG016_MAG016_53_4,0.204108646,EX01,MAG016
MAG016_MAG016_MAG016_53_40,0.008299255,EX01,MAG016
MAG016_MAG016_MAG016_53_41,1.04091232,EX01,MAG016
MAG016_MAG016_MAG016_53_42,0.643829361,EX01,MAG016
MAG016_MAG016_MAG016_53_43,0.97296861,EX01,MAG016
MAG016_MAG016_MAG016_53_44,2.390626328,EX01,MAG016
MAG016_MAG016_MAG016_53_45,4.438730764,EX01,MAG016
MAG016_MAG016_MAG016_53_46,3.350240039,EX01,MAG016
MAG016_MAG016_MAG016_53_47,8.215306643,EX01,MAG016
MAG016_MAG016_MAG016_53_48,0.011093819,EX01,MAG016
MAG016_MAG016_MAG016_53_49,2.810800976,EX01,MAG016
MAG016_MAG016_MAG016_53_5,0.214038312,EX01,MAG016
MAG016_MAG016_MAG016_53_50,0.804084557,EX01,MAG016
MAG016_MAG016_MAG016_53_51,2.74492487,EX01,MAG016
MAG016_MAG016_MAG016_53_52,0.0,EX01,MAG016
MAG016_MAG016_MAG016_53_53,0.0,EX01,MAG016
MAG016_MAG016_MAG016_53_54,0.0,EX01,MAG016
MAG016_MAG016_MAG016_53_55,1.833803349,EX01,MAG016
MAG016_MAG016_MAG016_53_56,1.300477596,EX01,MAG016
MAG016_MAG016_MAG016_53_57,0.0,EX01,MAG016
MAG016_MAG016_MAG016_53_58,0.0,EX01,MAG016
MAG016_MAG016_MAG016_53_59,0.0,EX01,MAG016
MAG016_MAG016_MAG016_53_6,0.0,EX01,MAG016
MAG016_MAG016_MAG016_53_60,0.948087916,EX01,MAG016
MAG016_MAG016_MAG016_53_61,0.0,EX01,MAG016
MAG016_MAG016_MAG016_53_62,0.0,EX01,MAG016
MAG016_MAG016_MAG016_53_63,0.0,EX01,MAG016
MAG016_MAG016_MAG016_53_64,0.0,EX01,MAG016
MAG016_MAG016_MAG016_53_65,0.002355554,EX01,MAG016
MAG016_MAG016_MAG016_53_66,0.639702189,EX01,MAG016
MAG016_MAG016_MAG016_53_67,0.171553568,EX01,MAG016
MAG016_MAG016_MAG016_53_68,1.947128915,EX01,MAG016
MAG016_MAG016_MAG016_53_69,0.0,EX01,MAG016
MAG016_MAG016_MAG016_53_7,0.0,EX01,MAG016
MAG016_MAG016_MAG016_53_70,0.0,EX01,MAG016
MAG016_MAG016_MAG016_53_71,24.95735929,EX01,MAG016
MAG016_MAG016_MAG016_53_72,2.103481784,EX01,MAG016
MAG016_MAG016_MAG016_53_73,0.614781511,EX01,MAG016
MAG016_MAG016_MAG016_53_74,2.060389246,EX01,MAG016
MAG016_MAG016_MAG016_53_75,0.0,EX01,MAG016
MAG016_MAG016_MAG016_53_76,0.0,EX01,MAG016
MAG016_MAG016_MAG016_53_77,0.0,EX01,MAG016
MAG016_MAG016_MAG016_53_78,0.0,EX01,MAG016
MAG016_MAG016_MAG016_53_79,0.0,EX01,MAG016
MAG016_MAG016_MAG016_53_8,5.417174173,EX01,MAG016
MAG016_MAG016_MAG016_53_80,0.020336629,EX01,MAG016
MAG016_MAG016_MAG016_53_81,0.0,EX01,MAG016
MAG016_MAG016_MAG016_53_82,0.488285702,EX01,MAG016
MAG016_MAG016_MAG016_53_83,29.70891988,EX01,MAG016
MAG016_MAG016_MAG016_53_84,11.25133412,EX01,MAG016
MAG016_MAG016_MAG016_53_85,0.05792301,EX01,MAG016
MAG016_MAG016_MAG016_53_86,0.377068635,EX01,MAG016
MAG016_MAG016_MAG016_53_87,0.0,EX01,MAG016
MAG016_MAG016_MAG016_53_88,0.0,EX01,MAG016
MAG016_MAG016_MAG016_53_89,6.183174436,EX01,MAG016
MAG016_MAG016_MAG016_53_9,0.003742987,EX01,MAG016
MAG016_MAG016_MAG016_53_90,1.434953675,EX01,MAG016
MAG016_MAG016_MAG016_53_91,0.0,EX01,MAG016
MAG016_MAG016_MAG016_53_92,0.445312982,EX01,MAG016
MAG016_MAG016_MAG016_53_93,0.516989747,EX01,MAG016
MAG016_MAG016_MAG016_53_94,0.0,EX01,MAG016
MAG016_MAG016_MAG016_53_95,0.0,EX01,MAG016
MAG016_MAG016_MAG016_53_96,1.026213654,EX01,MAG016
MAG016_MAG016_MAG016_53_97,0.0,EX01,MAG016
MAG016_MAG016_MAG016_53_98,0.0,EX01,MAG016
MAG016_MAG016_MAG016_53_99,0.0,EX01,MAG016
MAG016_MAG016_MAG016_54_1,0.0,EX01,MAG016
MAG016_MAG016_MAG016_54_10,0.013686357,EX01,MAG016
MAG016_MAG016_MAG016_54_11,0.0,EX01,MAG016
MAG016_MAG016_MAG016_54_12,0.0,EX01,MAG016
MAG016_MAG016_MAG016_54_13,0.0,EX01,MAG016
MAG016_MAG016_MAG016_54_14,0.003961622,EX01,MAG016
MAG016_MAG016_MAG016_54_15,0.003679333,EX01,MAG016
MAG016_MAG016_MAG016_54_16,0.0,EX01,MAG016
MAG016_MAG016_MAG016_54_17,0.0,EX01,MAG016
MAG016_MAG016_MAG016_54_2,0.0,EX01,MAG016
MAG016_MAG016_MAG016_54_3,0.48539715,EX01,MAG016
MAG016_MAG016_MAG016_54_4,0.0,EX01,MAG016
MAG016_MAG016_MAG016_54_5,0.784372712,EX01,MAG016
MAG016_MAG016_MAG016_54_6,0.836953559,EX01,MAG016
MAG016_MAG016_MAG016_54_7,0.0,EX01,MAG016
MAG016_MAG016_MAG016_54_8,0.0,EX01,MAG016
MAG016_MAG016_MAG016_54_9,0.0,EX01,MAG016
MAG016_MAG016_MAG016_55_1,0.0,EX01,MAG016
MAG016_MAG016_MAG016_55_10,0.0,EX01,MAG016
MAG016_MAG016_MAG016_55_11,0.0,EX01,MAG016
MAG016_MAG016_MAG016_55_12,2.685349796,EX01,MAG016
MAG016_MAG016_MAG016_55_13,0.0,EX01,MAG016
MAG016_MAG016_MAG016_55_14,0.191282424,EX01,MAG016
MAG016_MAG016_MAG016_55_15,0.0,EX01,MAG016
MAG016_MAG016_MAG016_55_16,0.0,EX01,MAG016
MAG016_MAG016_MAG016_55_17,0.0,EX01,MAG016
MAG016_MAG016_MAG016_55_18,0.680331671,EX01,MAG016
MAG016_MAG016_MAG016_55_19,0.01324186,EX01,MAG016
MAG016_MAG016_MAG016_55_2,0.0,EX01,MAG016
MAG016_MAG016_MAG016_55_20,0.016979161,EX01,MAG016
MAG016_MAG016_MAG016_55_21,0.152020802,EX01,MAG016
MAG016_MAG016_MAG016_55_22,0.0,EX01,MAG016
MAG016_MAG016_MAG016_55_23,0.0,EX01,MAG016
MAG016_MAG016_MAG016_55_24,0.507808567,EX01,MAG016
MAG016_MAG016_MAG016_55_25,0.36312323,EX01,MAG016
MAG016_MAG016_MAG016_55_26,0.121926343,EX01,MAG016
MAG016_MAG016_MAG016_55_3,0.0,EX01,MAG016
MAG016_MAG016_MAG016_55_4,0.0,EX01,MAG016
MAG016_MAG016_MAG016_55_5,0.0,EX01,MAG016
MAG016_MAG016_MAG016_55_6,0.0,EX01,MAG016
MAG016_MAG016_MAG016_55_7,0.191045186,EX01,MAG016
MAG016_MAG016_MAG016_55_8,0.345867655,EX01,MAG016
MAG016_MAG016_MAG016_55_9,0.0,EX01,MAG016
MAG016_MAG016_MAG016_56_1,0.130236267,EX01,MAG016
MAG016_MAG016_MAG016_56_10,0.214449808,EX01,MAG016
MAG016_MAG016_MAG016_56_11,0.516056614,EX01,MAG016
MAG016_MAG016_MAG016_56_12,0.137277476,EX01,MAG016
MAG016_MAG016_MAG016_56_2,0.070483418,EX01,MAG016
MAG016_MAG016_MAG016_56_3,0.098665803,EX01,MAG016
MAG016_MAG016_MAG016_56_4,0.12904403,EX01,MAG016
MAG016_MAG016_MAG016_56_5,0.153611025,EX01,MAG016
MAG016_MAG016_MAG016_56_6,0.103992611,EX01,MAG016
MAG016_MAG016_MAG016_56_7,0.538469588,EX01,MAG016
MAG016_MAG016_MAG016_56_8,0.0,EX01,MAG016
MAG016_MAG016_MAG016_56_9,0.006131807,EX01,MAG016
MAG016_MAG016_MAG016_57_1,0.065696238,EX01,MAG016
MAG016_MAG016_MAG016_57_10,0.0,EX01,MAG016
MAG016_MAG016_MAG016_57_11,0.0,EX01,MAG016
MAG016_MAG016_MAG016_57_12,0.478289666,EX01,MAG016
MAG016_MAG016_MAG016_57_13,0.0,EX01,MAG016
MAG016_MAG016_MAG016_57_14,0.793407854,EX01,MAG016
MAG016_MAG016_MAG016_57_15,0.0,EX01,MAG016
MAG016_MAG016_MAG016_57_16,0.71265856,EX01,MAG016
MAG016_MAG016_MAG016_57_17,1.966744162,EX01,MAG016
MAG016_MAG016_MAG016_57_18,0.0,EX01,MAG016
MAG016_MAG016_MAG016_57_19,0.423913793,EX01,MAG016
MAG016_MAG016_MAG016_57_2,0.017121004,EX01,MAG016
MAG016_MAG016_MAG016_57_20,0.116123667,EX01,MAG016
MAG016_MAG016_MAG016_57_21,0.479259395,EX01,MAG016
MAG016_MAG016_MAG016_57_22,0.0,EX01,MAG016
MAG016_MAG016_MAG016_57_23,0.00459286,EX01,MAG016
MAG016_MAG016_MAG016_57_24,0.0,EX01,MAG016
MAG016_MAG016_MAG016_57_3,0.0,EX01,MAG016
MAG016_MAG016_MAG016_57_4,0.277600195,EX01,MAG016
MAG016_MAG016_MAG016_57_5,0.001792173,EX01,MAG016
MAG016_MAG016_MAG016_57_6,0.0,EX01,MAG016
MAG016_MAG016_MAG016_57_7,0.002987476,EX01,MAG016
MAG016_MAG016_MAG016_57_8,0.182635504,EX01,MAG016
MAG016_MAG016_MAG016_57_9,0.339422987,EX01,MAG016
MAG016_MAG016_MAG016_58_1,0.0,EX01,MAG016
MAG016_MAG016_MAG016_58_10,0.806779638,EX01,MAG016
MAG016_MAG016_MAG016_58_100,0.0,EX01,MAG016
MAG016_MAG016_MAG016_58_101,4.00310505,EX01,MAG016
MAG016_MAG016_MAG016_58_102,0.0,EX01,MAG016
MAG016_MAG016_MAG016_58_103,0.378931347,EX01,MAG016
MAG016_MAG016_MAG016_58_104,0.0,EX01,MAG016
MAG016_MAG016_MAG016_58_105,0.422420561,EX01,MAG016
MAG016_MAG016_MAG016_58_106,0.112116247,EX01,MAG016
MAG016_MAG016_MAG016_58_107,0.679621172,EX01,MAG016
MAG016_MAG016_MAG016_58_108,0.17861808,EX01,MAG016
MAG016_MAG016_MAG016_58_109,0.207432282,EX01,MAG016
MAG016_MAG016_MAG016_58_11,0.816770593,EX01,MAG016
MAG016_MAG016_MAG016_58_110,0.0,EX01,MAG016
MAG016_MAG016_MAG016_58_111,0.0,EX01,MAG016
MAG016_MAG016_MAG016_58_112,0.42463491,EX01,MAG016
MAG016_MAG016_MAG016_58_113,0.340963902,EX01,MAG016
MAG016_MAG016_MAG016_58_114,0.582161174,EX01,MAG016
MAG016_MAG016_MAG016_58_115,0.756457219,EX01,MAG016
MAG016_MAG016_MAG016_58_116,1.648156921,EX01,MAG016
MAG016_MAG016_MAG016_58_117,0.0,EX01,MAG016
MAG016_MAG016_MAG016_58_118,6.797212758,EX01,MAG016
MAG016_MAG016_MAG016_58_119,0.0,EX01,MAG016
MAG016_MAG016_MAG016_58_12,0.643926955,EX01,MAG016
MAG016_MAG016_MAG016_58_120,19.22339195,EX01,MAG016
MAG016_MAG016_MAG016_58_121,0.0,EX01,MAG016
MAG016_MAG016_MAG016_58_122,0.068064548,EX01,MAG016
MAG016_MAG016_MAG016_58_123,6.065160286,EX01,MAG016
MAG016_MAG016_MAG016_58_124,1.43048253,EX01,MAG016
MAG016_MAG016_MAG016_58_125,0.219332696,EX01,MAG016
MAG016_MAG016_MAG016_58_126,4.0666159,EX01,MAG016
MAG016_MAG016_MAG016_58_127,0.133557663,EX01,MAG016
MAG016_MAG016_MAG016_58_128,0.74275983,EX01,MAG016
MAG016_MAG016_MAG016_58_129,0.0,EX01,MAG016
MAG016_MAG016_MAG016_58_13,0.412774434,EX01,MAG016
MAG016_MAG016_MAG016_58_130,1.021588256,EX01,MAG016
MAG016_MAG016_MAG016_58_131,0.186697275,EX01,MAG016
MAG016_MAG016_MAG016_58_132,0.168993391,EX01,MAG016
MAG016_MAG016_MAG016_58_133,0.180619331,EX01,MAG016
MAG016_MAG016_MAG016_58_134,0.0,EX01,MAG016
MAG016_MAG016_MAG016_58_135,1.780256451,EX01,MAG016
MAG016_MAG016_MAG016_58_136,0.676564995,EX01,MAG016
MAG016_MAG016_MAG016_58_137,0.218795022,EX01,MAG016
MAG016_MAG016_MAG016_58_138,0.194215278,EX01,MAG016
MAG016_MAG016_MAG016_58_139,0.276353063,EX01,MAG016
MAG016_MAG016_MAG016_58_14,0.0,EX01,MAG016
MAG016_MAG016_MAG016_58_140,2.045686155,EX01,MAG016
MAG016_MAG016_MAG016_58_141,0.0,EX01,MAG016
MAG016_MAG016_MAG016_58_142,0.0,EX01,MAG016
MAG016_MAG016_MAG016_58_143,0.733681988,EX01,MAG016
MAG016_MAG016_MAG016_58_144,1.659232859,EX01,MAG016
MAG016_MAG016_MAG016_58_145,3.544779361,EX01,MAG016
MAG016_MAG016_MAG016_58_146,0.0,EX01,MAG016
MAG016_MAG016_MAG016_58_147,0.0,EX01,MAG016
MAG016_MAG016_MAG016_58_148,0.019556382,EX01,MAG016
MAG016_MAG016_MAG016_58_149,0.204786909,EX01,MAG016
MAG016_MAG016_MAG016_58_15,0.998881554,EX01,MAG016
MAG016_MAG016_MAG016_58_150,0.0,EX01,MAG016
MAG016_MAG016_MAG016_58_151,473.6081075,EX01,MAG016
MAG016_MAG016_MAG016_58_152,0.468454182,EX01,MAG016
MAG016_MAG016_MAG016_58_153,0.0,EX01,MAG016
MAG016_MAG016_MAG016_58_154,1.103483932,EX01,MAG016
MAG016_MAG016_MAG016_58_155,0.0,EX01,MAG016
MAG016_MAG016_MAG016_58_156,5.614604106,EX01,MAG016
MAG016_MAG016_MAG016_58_157,0.367725812,EX01,MAG016
MAG016_MAG016_MAG016_58_158,0.0,EX01,MAG016
MAG016_MAG016_MAG016_58_159,0.0,EX01,MAG016
MAG016_MAG016_MAG016_58_16,0.798447363,EX01,MAG016
MAG016_MAG016_MAG016_58_160,1.877177073,EX01,MAG016
MAG016_MAG016_MAG016_58_161,0.0,EX01,MAG016
MAG016_MAG016_MAG016_58_162,0.0,EX01,MAG016
MAG016_MAG016_MAG016_58_163,6.364977984,EX01,MAG016
MAG016_MAG016_MAG016_58_164,4.100657243,EX01,MAG016
MAG016_MAG016_MAG016_58_165,0.263735141,EX01,MAG016
MAG016_MAG016_MAG016_58_166,16.7478645,EX01,MAG016
MAG016_MAG016_MAG016_58_167,8.547206141,EX01,MAG016
MAG016_MAG016_MAG016_58_168,0.0,EX01,MAG016
MAG016_MAG016_MAG016_58_169,4.818824407,EX01,MAG016
MAG016_MAG016_MAG016_58_17,0.173934006,EX01,MAG016
MAG016_MAG016_MAG016_58_170,0.897237687,EX01,MAG016
MAG016_MAG016_MAG016_58_171,0.52865393,EX01,MAG016
MAG016_MAG016_MAG016_58_172,0.0,EX01,MAG016
MAG016_MAG016_MAG016_58_173,0.016044825,EX01,MAG016
MAG016_MAG016_MAG016_58_174,0.212262028,EX01,MAG016
MAG016_MAG016_MAG016_58_175,1.041706665,EX01,MAG016
MAG016_MAG016_MAG016_58_176,2.04047569,EX01,MAG016
MAG016_MAG016_MAG016_58_177,0.676201316,EX01,MAG016
MAG016_MAG016_MAG016_58_178,2.035440563,EX01,MAG016
MAG016_MAG016_MAG016_58_179,2.792306901,EX01,MAG016
MAG016_MAG016_MAG016_58_18,0.0,EX01,MAG016
MAG016_MAG016_MAG016_58_180,0.107441709,EX01,MAG016
MAG016_MAG016_MAG016_58_181,0.043028684,EX01,MAG016
MAG016_MAG016_MAG016_58_182,1.757830013,EX01,MAG016
MAG016_MAG016_MAG016_58_183,0.085179042,EX01,MAG016
MAG016_MAG016_MAG016_58_184,0.666793237,EX01,MAG016
MAG016_MAG016_MAG016_58_185,9.544564453,EX01,MAG016
MAG016_MAG016_MAG016_58_186,0.0,EX01,MAG016
MAG016_MAG016_MAG016_58_187,0.0,EX01,MAG016
MAG016_MAG016_MAG016_58_188,0.387137805,EX01,MAG016
MAG016_MAG016_MAG016_58_189,2.336632242,EX01,MAG016
MAG016_MAG016_MAG016_58_19,1.022646904,EX01,MAG016
MAG016_MAG016_MAG016_58_190,0.0,EX01,MAG016
MAG016_MAG016_MAG016_58_191,0.505652213,EX01,MAG016
MAG016_MAG016_MAG016_58_192,0.002175208,EX01,MAG016
MAG016_MAG016_MAG016_58_193,0.207434284,EX01,MAG016
MAG016_MAG016_MAG016_58_194,3.084275599,EX01,MAG016
MAG016_MAG016_MAG016_58_195,0.0,EX01,MAG016
MAG016_MAG016_MAG016_58_196,0.0,EX01,MAG016
MAG016_MAG016_MAG016_58_197,0.0,EX01,MAG016
MAG016_MAG016_MAG016_58_198,1.339304187,EX01,MAG016
MAG016_MAG016_MAG016_58_199,0.0,EX01,MAG016
MAG016_MAG016_MAG016_58_2,0.0,EX01,MAG016
MAG016_MAG016_MAG016_58_20,2.298379108,EX01,MAG016
MAG016_MAG016_MAG016_58_200,0.0,EX01,MAG016
MAG016_MAG016_MAG016_58_201,0.515235078,EX01,MAG016
MAG016_MAG016_MAG016_58_202,1.642127408,EX01,MAG016
MAG016_MAG016_MAG016_58_203,2.167785828,EX01,MAG016
MAG016_MAG016_MAG016_58_204,0.0,EX01,MAG016
MAG016_MAG016_MAG016_58_205,0.0,EX01,MAG016
MAG016_MAG016_MAG016_58_206,0.0,EX01,MAG016
MAG016_MAG016_MAG016_58_207,0.193857639,EX01,MAG016
MAG016_MAG016_MAG016_58_208,8.026830154,EX01,MAG016
MAG016_MAG016_MAG016_58_209,5.556790173,EX01,MAG016
MAG016_MAG016_MAG016_58_21,11.06890561,EX01,MAG016
MAG016_MAG016_MAG016_58_210,25.33164372,EX01,MAG016
MAG016_MAG016_MAG016_58_211,6.132834039,EX01,MAG016
MAG016_MAG016_MAG016_58_212,11.86420643,EX01,MAG016
MAG016_MAG016_MAG016_58_213,31.08066583,EX01,MAG016
MAG016_MAG016_MAG016_58_214,6.529955714,EX01,MAG016
MAG016_MAG016_MAG016_58_215,4.979727237,EX01,MAG016
MAG016_MAG016_MAG016_58_216,4.015794096,EX01,MAG016
MAG016_MAG016_MAG016_58_217,14.77545989,EX01,MAG016
MAG016_MAG016_MAG016_58_218,0.0,EX01,MAG016
MAG016_MAG016_MAG016_58_219,17.70624439,EX01,MAG016
MAG016_MAG016_MAG016_58_22,0.0,EX01,MAG016
MAG016_MAG016_MAG016_58_220,4.639705138,EX01,MAG016
MAG016_MAG016_MAG016_58_221,45.12300774,EX01,MAG016
MAG016_MAG016_MAG016_58_222,5.469463827,EX01,MAG016
MAG016_MAG016_MAG016_58_223,4.610018364,EX01,MAG016
MAG016_MAG016_MAG016_58_224,6.049030645,EX01,MAG016
MAG016_MAG016_MAG016_58_225,11.00455848,EX01,MAG016
MAG016_MAG016_MAG016_58_226,0.0,EX01,MAG016
MAG016_MAG016_MAG016_58_227,4.060708835,EX01,MAG016
MAG016_MAG016_MAG016_58_228,14.21158872,EX01,MAG016
MAG016_MAG016_MAG016_58_229,1.917183293,EX01,MAG016
MAG016_MAG016_MAG016_58_23,0.131201798,EX01,MAG016
MAG016_MAG016_MAG016_58_230,1.32572081,EX01,MAG016
MAG016_MAG016_MAG016_58_231,2.576866303,EX01,MAG016
MAG016_MAG016_MAG016_58_232,0.134945269,EX01,MAG016
MAG016_MAG016_MAG016_58_233,0.0,EX01,MAG016
MAG016_MAG016_MAG016_58_234,0.655790094,EX01,MAG016
MAG016_MAG016_MAG016_58_235,0.034779209,EX01,MAG016
MAG016_MAG016_MAG016_58_236,0.0,EX01,MAG016
MAG016_MAG016_MAG016_58_237,4.570514214,EX01,MAG016
MAG016_MAG016_MAG016_58_238,1.834342241,EX01,MAG016
MAG016_MAG016_MAG016_58_239,4.670647632,EX01,MAG016
MAG016_MAG016_MAG016_58_24,0.0,EX01,MAG016
MAG016_MAG016_MAG016_58_240,5.276894737,EX01,MAG016
MAG016_MAG016_MAG016_58_241,2.099402208,EX01,MAG016
MAG016_MAG016_MAG016_58_242,0.0,EX01,MAG016
MAG016_MAG016_MAG016_58_243,0.305171108,EX01,MAG016
MAG016_MAG016_MAG016_58_244,0.013733411,EX01,MAG016
MAG016_MAG016_MAG016_58_245,1.52280751,EX01,MAG016
MAG016_MAG016_MAG016_58_246,0.019027175,EX01,MAG016
MAG016_MAG016_MAG016_58_247,1.176527797,EX01,MAG016
MAG016_MAG016_MAG016_58_248,23.01812764,EX01,MAG016
MAG016_MAG016_MAG016_58_249,0.686244903,EX01,MAG016
MAG016_MAG016_MAG016_58_25,0.0,EX01,MAG016
MAG016_MAG016_MAG016_58_250,0.0,EX01,MAG016
MAG016_MAG016_MAG016_58_251,0.638421296,EX01,MAG016
MAG016_MAG016_MAG016_58_252,2.761158545,EX01,MAG016
MAG016_MAG016_MAG016_58_253,0.0,EX01,MAG016
MAG016_MAG016_MAG016_58_254,0.002371765,EX01,MAG016
MAG016_MAG016_MAG016_58_255,0.0,EX01,MAG016
MAG016_MAG016_MAG016_58_256,1.037041071,EX01,MAG016
MAG016_MAG016_MAG016_58_257,0.097887784,EX01,MAG016
MAG016_MAG016_MAG016_58_258,0.017273055,EX01,MAG016
MAG016_MAG016_MAG016_58_259,0.356548936,EX01,MAG016
MAG016_MAG016_MAG016_58_26,0.0,EX01,MAG016
MAG016_MAG016_MAG016_58_260,0.399816374,EX01,MAG016
MAG016_MAG016_MAG016_58_261,0.141711437,EX01,MAG016
MAG016_MAG016_MAG016_58_262,0.0,EX01,MAG016
MAG016_MAG016_MAG016_58_263,0.161006434,EX01,MAG016
MAG016_MAG016_MAG016_58_264,0.0,EX01,MAG016
MAG016_MAG016_MAG016_58_265,2.499352438,EX01,MAG016
MAG016_MAG016_MAG016_58_266,2.225859067,EX01,MAG016
MAG016_MAG016_MAG016_58_267,2.12173143,EX01,MAG016
MAG016_MAG016_MAG016_58_268,0.0,EX01,MAG016
MAG016_MAG016_MAG016_58_269,0.142837105,EX01,MAG016
MAG016_MAG016_MAG016_58_27,0.225609998,EX01,MAG016
MAG016_MAG016_MAG016_58_270,2.186641234,EX01,MAG016
MAG016_MAG016_MAG016_58_271,0.523790086,EX01,MAG016
MAG016_MAG016_MAG016_58_272,0.028075937,EX01,MAG016
MAG016_MAG016_MAG016_58_273,0.015646938,EX01,MAG016
MAG016_MAG016_MAG016_58_274,0.209804973,EX01,MAG016
MAG016_MAG016_MAG016_58_275,1.853341695,EX01,MAG016
MAG016_MAG016_MAG016_58_276,0.027620115,EX01,MAG016
MAG016_MAG016_MAG016_58_277,0.008752417,EX01,MAG016
MAG016_MAG016_MAG016_58_278,0.414537377,EX01,MAG016
MAG016_MAG016_MAG016_58_279,0.033457469,EX01,MAG016
MAG016_MAG016_MAG016_58_28,0.011113502,EX01,MAG016
MAG016_MAG016_MAG016_58_280,0.014229433,EX01,MAG016
MAG016_MAG016_MAG016_58_281,0.007463821,EX01,MAG016
MAG016_MAG016_MAG016_58_282,0.026272527,EX01,MAG016
MAG016_MAG016_MAG016_58_283,0.349474601,EX01,MAG016
MAG016_MAG016_MAG016_58_284,0.0,EX01,MAG016
MAG016_MAG016_MAG016_58_285,0.203670963,EX01,MAG016
MAG016_MAG016_MAG016_58_286,0.0,EX01,MAG016
MAG016_MAG016_MAG016_58_287,0.202004124,EX01,MAG016
MAG016_MAG016_MAG016_58_288,0.134288149,EX01,MAG016
MAG016_MAG016_MAG016_58_289,0.0,EX01,MAG016
MAG016_MAG016_MAG016_58_29,0.998881571,EX01,MAG016
MAG016_MAG016_MAG016_58_290,0.0,EX01,MAG016
MAG016_MAG016_MAG016_58_291,0.0,EX01,MAG016
MAG016_MAG016_MAG016_58_292,0.0,EX01,MAG016
MAG016_MAG016_MAG016_58_293,0.0,EX01,MAG016
MAG016_MAG016_MAG016_58_294,0.00837449,EX01,MAG016
MAG016_MAG016_MAG016_58_295,0.003620451,EX01,MAG016
MAG016_MAG016_MAG016_58_296,0.222442403,EX01,MAG016
MAG016_MAG016_MAG016_58_297,0.762976635,EX01,MAG016
MAG016_MAG016_MAG016_58_298,0.0,EX01,MAG016
MAG016_MAG016_MAG016_58_299,0.0,EX01,MAG016
MAG016_MAG016_MAG016_58_3,1.010092346,EX01,MAG016
MAG016_MAG016_MAG016_58_30,0.774369546,EX01,MAG016
MAG016_MAG016_MAG016_58_300,0.210536451,EX01,MAG016
MAG016_MAG016_MAG016_58_301,0.146628145,EX01,MAG016
MAG016_MAG016_MAG016_58_302,0.0,EX01,MAG016
MAG016_MAG016_MAG016_58_303,0.421862871,EX01,MAG016
MAG016_MAG016_MAG016_58_304,4.318210326,EX01,MAG016
MAG016_MAG016_MAG016_58_305,3.855852353,EX01,MAG016
MAG016_MAG016_MAG016_58_306,0.697911168,EX01,MAG016
MAG016_MAG016_MAG016_58_307,0.0,EX01,MAG016
MAG016_MAG016_MAG016_58_308,1.319039038,EX01,MAG016
MAG016_MAG016_MAG016_58_309,1.025806911,EX01,MAG016
MAG016_MAG016_MAG016_58_31,0.105572036,EX01,MAG016
MAG016_MAG016_MAG016_58_310,0.057872907,EX01,MAG016
MAG016_MAG016_MAG016_58_311,0.0,EX01,MAG016
MAG016_MAG016_MAG016_58_312,0.30262497,EX01,MAG016
MAG016_MAG016_MAG016_58_313,0.0,EX01,MAG016
MAG016_MAG016_MAG016_58_314,75.7380545,EX01,MAG016
MAG016_MAG016_MAG016_58_315,41.24391807,EX01,MAG016
MAG016_MAG016_MAG016_58_316,31.25895147,EX01,MAG016
MAG016_MAG016_MAG016_58_317,1.051724474,EX01,MAG016
MAG016_MAG016_MAG016_58_318,0.799582195,EX01,MAG016
MAG016_MAG016_MAG016_58_319,0.0,EX01,MAG016
MAG016_MAG016_MAG016_58_32,0.0,EX01,MAG016
MAG016_MAG016_MAG016_58_320,0.0,EX01,MAG016
MAG016_MAG016_MAG016_58_321,0.0,EX01,MAG016
MAG016_MAG016_MAG016_58_322,0.0,EX01,MAG016
MAG016_MAG016_MAG016_58_323,0.0,EX01,MAG016
MAG016_MAG016_MAG016_58_324,7.695349855,EX01,MAG016
MAG016_MAG016_MAG016_58_325,1.986642576,EX01,MAG016
MAG016_MAG016_MAG016_58_326,4.760835823,EX01,MAG016
MAG016_MAG016_MAG016_58_327,0.0,EX01,MAG016
MAG016_MAG016_MAG016_58_328,4.164794334,EX01,MAG016
MAG016_MAG016_MAG016_58_329,0.239149334,EX01,MAG016
MAG016_MAG016_MAG016_58_33,1.519576569,EX01,MAG016
MAG016_MAG016_MAG016_58_330,0.0,EX01,MAG016
MAG016_MAG016_MAG016_58_331,0.098587966,EX01,MAG016
MAG016_MAG016_MAG016_58_332,0.0,EX01,MAG016
MAG016_MAG016_MAG016_58_333,0.0,EX01,MAG016
MAG016_MAG016_MAG016_58_334,0.0,EX01,MAG016
MAG016_MAG016_MAG016_58_335,0.0,EX01,MAG016
MAG016_MAG016_MAG016_58_336,0.0,EX01,MAG016
MAG016_MAG016_MAG016_58_337,0.0,EX01,MAG016
MAG016_MAG016_MAG016_58_338,0.0,EX01,MAG016
MAG016_MAG016_MAG016_58_339,0.0,EX01,MAG016
MAG016_MAG016_MAG016_58_34,2.035083602,EX01,MAG016
MAG016_MAG016_MAG016_58_340,0.231431969,EX01,MAG016
MAG016_MAG016_MAG016_58_341,0.043424877,EX01,MAG016
MAG016_MAG016_MAG016_58_342,14.13687951,EX01,MAG016
MAG016_MAG016_MAG016_58_343,0.0,EX01,MAG016
MAG016_MAG016_MAG016_58_344,31.73556731,EX01,MAG016
MAG016_MAG016_MAG016_58_345,0.0,EX01,MAG016
MAG016_MAG016_MAG016_58_346,5.727682368,EX01,MAG016
MAG016_MAG016_MAG016_58_35,0.298133988,EX01,MAG016
MAG016_MAG016_MAG016_58_36,3.678604812,EX01,MAG016
MAG016_MAG016_MAG016_58_37,0.0,EX01,MAG016
MAG016_MAG016_MAG016_58_38,2.872680952,EX01,MAG016
MAG016_MAG016_MAG016_58_39,0.133940259,EX01,MAG016
MAG016_MAG016_MAG016_58_4,0.048636286,EX01,MAG016
MAG016_MAG016_MAG016_58_40,0.766662133,EX01,MAG016
MAG016_MAG016_MAG016_58_41,0.595804302,EX01,MAG016
MAG016_MAG016_MAG016_58_42,1.777334718,EX01,MAG016
MAG016_MAG016_MAG016_58_43,1.413680104,EX01,MAG016
MAG016_MAG016_MAG016_58_44,1.346852286,EX01,MAG016
MAG016_MAG016_MAG016_58_45,0.0,EX01,MAG016
MAG016_MAG016_MAG016_58_46,0.0,EX01,MAG016
MAG016_MAG016_MAG016_58_47,11.09470649,EX01,MAG016
MAG016_MAG016_MAG016_58_48,0.730115875,EX01,MAG016
MAG016_MAG016_MAG016_58_49,1.636984867,EX01,MAG016
MAG016_MAG016_MAG016_58_5,0.0,EX01,MAG016
MAG016_MAG016_MAG016_58_50,0.837838528,EX01,MAG016
MAG016_MAG016_MAG016_58_51,12.68372668,EX01,MAG016
MAG016_MAG016_MAG016_58_52,7.228709368,EX01,MAG016
MAG016_MAG016_MAG016_58_53,0.0,EX01,MAG016
MAG016_MAG016_MAG016_58_54,0.0,EX01,MAG016
MAG016_MAG016_MAG016_58_55,0.001408734,EX01,MAG016
MAG016_MAG016_MAG016_58_56,0.028242953,EX01,MAG016
MAG016_MAG016_MAG016_58_57,0.0,EX01,MAG016
MAG016_MAG016_MAG016_58_58,0.896870917,EX01,MAG016
MAG016_MAG016_MAG016_58_59,2.6445199,EX01,MAG016
MAG016_MAG016_MAG016_58_6,1.583267699,EX01,MAG016
MAG016_MAG016_MAG016_58_60,0.567456152,EX01,MAG016
MAG016_MAG016_MAG016_58_61,0.533942746,EX01,MAG016
MAG016_MAG016_MAG016_58_62,0.474740868,EX01,MAG016
MAG016_MAG016_MAG016_58_63,0.0,EX01,MAG016
MAG016_MAG016_MAG016_58_64,0.506002203,EX01,MAG016
MAG016_MAG016_MAG016_58_65,2.399850277,EX01,MAG016
MAG016_MAG016_MAG016_58_66,2.562190693,EX01,MAG016
MAG016_MAG016_MAG016_58_67,0.0,EX01,MAG016
MAG016_MAG016_MAG016_58_68,0.86211227,EX01,MAG016
MAG016_MAG016_MAG016_58_69,0.0,EX01,MAG016
MAG016_MAG016_MAG016_58_7,0.0,EX01,MAG016
MAG016_MAG016_MAG016_58_70,0.344284856,EX01,MAG016
MAG016_MAG016_MAG016_58_71,0.0,EX01,MAG016
MAG016_MAG016_MAG016_58_72,1.516895894,EX01,MAG016
MAG016_MAG016_MAG016_58_73,0.0,EX01,MAG016
MAG016_MAG016_MAG016_58_74,0.0,EX01,MAG016
MAG016_MAG016_MAG016_58_75,9.499947475,EX01,MAG016
MAG016_MAG016_MAG016_58_76,8.240009798,EX01,MAG016
MAG016_MAG016_MAG016_58_77,0.634418296,EX01,MAG016
MAG016_MAG016_MAG016_58_78,0.060652719,EX01,MAG016
MAG016_MAG016_MAG016_58_79,1.082479802,EX01,MAG016
MAG016_MAG016_MAG016_58_8,1.951554607,EX01,MAG016
MAG016_MAG016_MAG016_58_80,0.0,EX01,MAG016
MAG016_MAG016_MAG016_58_81,0.677396838,EX01,MAG016
MAG016_MAG016_MAG016_58_82,8.605611019,EX01,MAG016
MAG016_MAG016_MAG016_58_83,0.0,EX01,MAG016
MAG016_MAG016_MAG016_58_84,2.040738016,EX01,MAG016
MAG016_MAG016_MAG016_58_85,0.718335655,EX01,MAG016
MAG016_MAG016_MAG016_58_86,10.38252308,EX01,MAG016
MAG016_MAG016_MAG016_58_87,1.349251953,EX01,MAG016
MAG016_MAG016_MAG016_58_88,1.522201381,EX01,MAG016
MAG016_MAG016_MAG016_58_89,0.0,EX01,MAG016
MAG016_MAG016_MAG016_58_9,0.593941576,EX01,MAG016
MAG016_MAG016_MAG016_58_90,0.0,EX01,MAG016
MAG016_MAG016_MAG016_58_91,0.007436443,EX01,MAG016
MAG016_MAG016_MAG016_58_92,0.448378262,EX01,MAG016
MAG016_MAG016_MAG016_58_93,0.174402934,EX01,MAG016
MAG016_MAG016_MAG016_58_94,0.017194196,EX01,MAG016
MAG016_MAG016_MAG016_58_95,0.335364711,EX01,MAG016
MAG016_MAG016_MAG016_58_96,0.766421543,EX01,MAG016
MAG016_MAG016_MAG016_58_97,0.0,EX01,MAG016
MAG016_MAG016_MAG016_58_98,0.15241614,EX01,MAG016
MAG016_MAG016_MAG016_58_99,0.029962156,EX01,MAG016
MAG016_MAG016_MAG016_59_1,0.0,EX01,MAG016
MAG016_MAG016_MAG016_59_10,0.386924616,EX01,MAG016
MAG016_MAG016_MAG016_59_11,0.0,EX01,MAG016
MAG016_MAG016_MAG016_59_12,0.0,EX01,MAG016
MAG016_MAG016_MAG016_59_13,0.0,EX01,MAG016
MAG016_MAG016_MAG016_59_14,0.0,EX01,MAG016
MAG016_MAG016_MAG016_59_15,0.291198992,EX01,MAG016
MAG016_MAG016_MAG016_59_16,0.030791436,EX01,MAG016
MAG016_MAG016_MAG016_59_17,0.0,EX01,MAG016
MAG016_MAG016_MAG016_59_18,2.471039332,EX01,MAG016
MAG016_MAG016_MAG016_59_19,21.74861491,EX01,MAG016
MAG016_MAG016_MAG016_59_2,0.003068684,EX01,MAG016
MAG016_MAG016_MAG016_59_20,1.538621951,EX01,MAG016
MAG016_MAG016_MAG016_59_21,0.0,EX01,MAG016
MAG016_MAG016_MAG016_59_22,5.056651829,EX01,MAG016
MAG016_MAG016_MAG016_59_23,0.878926417,EX01,MAG016
MAG016_MAG016_MAG016_59_24,14.66688778,EX01,MAG016
MAG016_MAG016_MAG016_59_25,0.110826022,EX01,MAG016
MAG016_MAG016_MAG016_59_26,4.068404265,EX01,MAG016
MAG016_MAG016_MAG016_59_27,6.85364643,EX01,MAG016
MAG016_MAG016_MAG016_59_28,0.271316019,EX01,MAG016
MAG016_MAG016_MAG016_59_29,0.01293534,EX01,MAG016
MAG016_MAG016_MAG016_59_3,0.0,EX01,MAG016
MAG016_MAG016_MAG016_59_30,3.035744193,EX01,MAG016
MAG016_MAG016_MAG016_59_31,0.417773692,EX01,MAG016
MAG016_MAG016_MAG016_59_32,4.043255047,EX01,MAG016
MAG016_MAG016_MAG016_59_33,5.136074879,EX01,MAG016
MAG016_MAG016_MAG016_59_34,3.42801888,EX01,MAG016
MAG016_MAG016_MAG016_59_35,96.25359589,EX01,MAG016
MAG016_MAG016_MAG016_59_36,0.243603447,EX01,MAG016
MAG016_MAG016_MAG016_59_37,0.038602655,EX01,MAG016
MAG016_MAG016_MAG016_59_38,1.109096899,EX01,MAG016
MAG016_MAG016_MAG016_59_39,2.088375236,EX01,MAG016
MAG016_MAG016_MAG016_59_4,0.003428461,EX01,MAG016
MAG016_MAG016_MAG016_59_40,1.539185218,EX01,MAG016
MAG016_MAG016_MAG016_59_41,1.010752074,EX01,MAG016
MAG016_MAG016_MAG016_59_42,0.38159267,EX01,MAG016
MAG016_MAG016_MAG016_59_43,0.001215654,EX01,MAG016
MAG016_MAG016_MAG016_59_44,0.004480946,EX01,MAG016
MAG016_MAG016_MAG016_59_45,0.19977631,EX01,MAG016
MAG016_MAG016_MAG016_59_46,0.0,EX01,MAG016
MAG016_MAG016_MAG016_59_47,0.003062443,EX01,MAG016
MAG016_MAG016_MAG016_59_48,0.771836323,EX01,MAG016
MAG016_MAG016_MAG016_59_49,0.0,EX01,MAG016
MAG016_MAG016_MAG016_59_5,0.405048198,EX01,MAG016
MAG016_MAG016_MAG016_59_50,0.0,EX01,MAG016
MAG016_MAG016_MAG016_59_51,0.0,EX01,MAG016
MAG016_MAG016_MAG016_59_52,0.74869285,EX01,MAG016
MAG016_MAG016_MAG016_59_53,0.733679637,EX01,MAG016
MAG016_MAG016_MAG016_59_54,0.658097072,EX01,MAG016
MAG016_MAG016_MAG016_59_55,0.0,EX01,MAG016
MAG016_MAG016_MAG016_59_56,3.019008506,EX01,MAG016
MAG016_MAG016_MAG016_59_57,0.291201236,EX01,MAG016
MAG016_MAG016_MAG016_59_58,0.0,EX01,MAG016
MAG016_MAG016_MAG016_59_59,0.602443312,EX01,MAG016
MAG016_MAG016_MAG016_59_6,0.0,EX01,MAG016
MAG016_MAG016_MAG016_59_60,2.278494326,EX01,MAG016
MAG016_MAG016_MAG016_59_61,0.0,EX01,MAG016
MAG016_MAG016_MAG016_59_62,7.151125397,EX01,MAG016
MAG016_MAG016_MAG016_59_63,0.007280243,EX01,MAG016
MAG016_MAG016_MAG016_59_64,0.570288602,EX01,MAG016
MAG016_MAG016_MAG016_59_65,0.0,EX01,MAG016
MAG016_MAG016_MAG016_59_66,0.0,EX01,MAG016
MAG016_MAG016_MAG016_59_67,0.0,EX01,MAG016
MAG016_MAG016_MAG016_59_68,3.658803533,EX01,MAG016
MAG016_MAG016_MAG016_59_69,0.0,EX01,MAG016
MAG016_MAG016_MAG016_59_7,0.676323506,EX01,MAG016
MAG016_MAG016_MAG016_59_70,0.775319683,EX01,MAG016
MAG016_MAG016_MAG016_59_71,2.716416951,EX01,MAG016
MAG016_MAG016_MAG016_59_72,0.199588686,EX01,MAG016
MAG016_MAG016_MAG016_59_73,0.0,EX01,MAG016
MAG016_MAG016_MAG016_59_74,1.026652659,EX01,MAG016
MAG016_MAG016_MAG016_59_75,1.274827267,EX01,MAG016
MAG016_MAG016_MAG016_59_76,6.545116059,EX01,MAG016
MAG016_MAG016_MAG016_59_77,2.913151504,EX01,MAG016
MAG016_MAG016_MAG016_59_78,3.770809329,EX01,MAG016
MAG016_MAG016_MAG016_59_79,7.751587689,EX01,MAG016
MAG016_MAG016_MAG016_59_8,0.0,EX01,MAG016
MAG016_MAG016_MAG016_59_80,0.345415008,EX01,MAG016
MAG016_MAG016_MAG016_59_81,0.001620369,EX01,MAG016
MAG016_MAG016_MAG016_59_82,0.288088209,EX01,MAG016
MAG016_MAG016_MAG016_59_9,0.20574385,EX01,MAG016
MAG016_MAG016_MAG016_5_1,1.042885256,EX01,MAG016
MAG016_MAG016_MAG016_5_2,0.93348644,EX01,MAG016
MAG016_MAG016_MAG016_5_3,0.0,EX01,MAG016
MAG016_MAG016_MAG016_5_4,0.519788517,EX01,MAG016
MAG016_MAG016_MAG016_5_5,0.547308346,EX01,MAG016
MAG016_MAG016_MAG016_5_6,0.007626081,EX01,MAG016
MAG016_MAG016_MAG016_5_7,0.161712475,EX01,MAG016
MAG016_MAG016_MAG016_5_8,0.526148027,EX01,MAG016
MAG016_MAG016_MAG016_5_9,0.0,EX01,MAG016
MAG016_MAG016_MAG016_60_1,0.001351969,EX01,MAG016
MAG016_MAG016_MAG016_60_10,1.822600801,EX01,MAG016
MAG016_MAG016_MAG016_60_11,3.608600512,EX01,MAG016
MAG016_MAG016_MAG016_60_12,4.335805819,EX01,MAG016
MAG016_MAG016_MAG016_60_13,0.0,EX01,MAG016
MAG016_MAG016_MAG016_60_14,4.210375589,EX01,MAG016
MAG016_MAG016_MAG016_60_15,2.570187256,EX01,MAG016
MAG016_MAG016_MAG016_60_16,3.135527556,EX01,MAG016
MAG016_MAG016_MAG016_60_17,3.56755374,EX01,MAG016
MAG016_MAG016_MAG016_60_18,0.363576058,EX01,MAG016
MAG016_MAG016_MAG016_60_19,1.365815915,EX01,MAG016
MAG016_MAG016_MAG016_60_2,0.0,EX01,MAG016
MAG016_MAG016_MAG016_60_20,2.541008175,EX01,MAG016
MAG016_MAG016_MAG016_60_21,0.0,EX01,MAG016
MAG016_MAG016_MAG016_60_22,1.738169854,EX01,MAG016
MAG016_MAG016_MAG016_60_23,24.35761627,EX01,MAG016
MAG016_MAG016_MAG016_60_24,11.12750014,EX01,MAG016
MAG016_MAG016_MAG016_60_25,2.841141208,EX01,MAG016
MAG016_MAG016_MAG016_60_26,1.464946826,EX01,MAG016
MAG016_MAG016_MAG016_60_3,0.224943058,EX01,MAG016
MAG016_MAG016_MAG016_60_4,0.0,EX01,MAG016
MAG016_MAG016_MAG016_60_5,0.0,EX01,MAG016
MAG016_MAG016_MAG016_60_6,0.0,EX01,MAG016
MAG016_MAG016_MAG016_60_7,0.998104955,EX01,MAG016
MAG016_MAG016_MAG016_60_8,0.023606744,EX01,MAG016
MAG016_MAG016_MAG016_60_9,0.013476273,EX01,MAG016
MAG016_MAG016_MAG016_61_1,47.81144213,EX01,MAG016
MAG016_MAG016_MAG016_61_10,0.0,EX01,MAG016
MAG016_MAG016_MAG016_61_100,0.0,EX01,MAG016
MAG016_MAG016_MAG016_61_101,0.0,EX01,MAG016
MAG016_MAG016_MAG016_61_102,0.0,EX01,MAG016
MAG016_MAG016_MAG016_61_103,1.430289828,EX01,MAG016
MAG016_MAG016_MAG016_61_104,2.900024001,EX01,MAG016
MAG016_MAG016_MAG016_61_105,0.418120945,EX01,MAG016
MAG016_MAG016_MAG016_61_106,0.526491741,EX01,MAG016
MAG016_MAG016_MAG016_61_107,2.390876712,EX01,MAG016
MAG016_MAG016_MAG016_61_108,0.0,EX01,MAG016
MAG016_MAG016_MAG016_61_109,0.0,EX01,MAG016
MAG016_MAG016_MAG016_61_11,1.534569853,EX01,MAG016
MAG016_MAG016_MAG016_61_110,0.0,EX01,MAG016
MAG016_MAG016_MAG016_61_111,0.05151464,EX01,MAG016
MAG016_MAG016_MAG016_61_112,0.005903382,EX01,MAG016
MAG016_MAG016_MAG016_61_113,0.062637911,EX01,MAG016
MAG016_MAG016_MAG016_61_114,0.132805193,EX01,MAG016
MAG016_MAG016_MAG016_61_115,0.0,EX01,MAG016
MAG016_MAG016_MAG016_61_116,0.010263841,EX01,MAG016
MAG016_MAG016_MAG016_61_117,0.13618129,EX01,MAG016
MAG016_MAG016_MAG016_61_118,0.0,EX01,MAG016
MAG016_MAG016_MAG016_61_119,1.029716733,EX01,MAG016
MAG016_MAG016_MAG016_61_12,1.622273393,EX01,MAG016
MAG016_MAG016_MAG016_61_120,1.005181608,EX01,MAG016
MAG016_MAG016_MAG016_61_121,0.478685222,EX01,MAG016
MAG016_MAG016_MAG016_61_122,2.273518335,EX01,MAG016
MAG016_MAG016_MAG016_61_123,0.0,EX01,MAG016
MAG016_MAG016_MAG016_61_124,0.0,EX01,MAG016
MAG016_MAG016_MAG016_61_125,10.33327858,EX01,MAG016
MAG016_MAG016_MAG016_61_126,25.10178152,EX01,MAG016
MAG016_MAG016_MAG016_61_127,0.0,EX01,MAG016
MAG016_MAG016_MAG016_61_128,0.0,EX01,MAG016
MAG016_MAG016_MAG016_61_13,0.0,EX01,MAG016
MAG016_MAG016_MAG016_61_14,0.0,EX01,MAG016
MAG016_MAG016_MAG016_61_15,0.0,EX01,MAG016
MAG016_MAG016_MAG016_61_16,4.53852902,EX01,MAG016
MAG016_MAG016_MAG016_61_17,0.0,EX01,MAG016
MAG016_MAG016_MAG016_61_18,0.009406343,EX01,MAG016
MAG016_MAG016_MAG016_61_19,0.0,EX01,MAG016
MAG016_MAG016_MAG016_61_2,0.0,EX01,MAG016
MAG016_MAG016_MAG016_61_20,0.530543644,EX01,MAG016
MAG016_MAG016_MAG016_61_21,0.014304669,EX01,MAG016
MAG016_MAG016_MAG016_61_22,0.036831096,EX01,MAG016
MAG016_MAG016_MAG016_61_23,0.018696797,EX01,MAG016
MAG016_MAG016_MAG016_61_24,0.0,EX01,MAG016
MAG016_MAG016_MAG016_61_25,0.687809332,EX01,MAG016
MAG016_MAG016_MAG016_61_26,0.0,EX01,MAG016
MAG016_MAG016_MAG016_61_27,9.054051135,EX01,MAG016
MAG016_MAG016_MAG016_61_28,0.0,EX01,MAG016
MAG016_MAG016_MAG016_61_29,0.432908022,EX01,MAG016
MAG016_MAG016_MAG016_61_3,0.0,EX01,MAG016
MAG016_MAG016_MAG016_61_30,0.0,EX01,MAG016
MAG016_MAG016_MAG016_61_31,0.282098161,EX01,MAG016
MAG016_MAG016_MAG016_61_32,0.0,EX01,MAG016
MAG016_MAG016_MAG016_61_33,0.0,EX01,MAG016
MAG016_MAG016_MAG016_61_34,0.0,EX01,MAG016
MAG016_MAG016_MAG016_61_35,0.249257903,EX01,MAG016
MAG016_MAG016_MAG016_61_36,8.314485165,EX01,MAG016
MAG016_MAG016_MAG016_61_37,12.4311543,EX01,MAG016
MAG016_MAG016_MAG016_61_38,4.124980722,EX01,MAG016
MAG016_MAG016_MAG016_61_39,6.470306761,EX01,MAG016
MAG016_MAG016_MAG016_61_4,0.303519177,EX01,MAG016
MAG016_MAG016_MAG016_61_40,3.473774414,EX01,MAG016
MAG016_MAG016_MAG016_61_41,6.546109573,EX01,MAG016
MAG016_MAG016_MAG016_61_42,0.0,EX01,MAG016
MAG016_MAG016_MAG016_61_43,6.050964165,EX01,MAG016
MAG016_MAG016_MAG016_61_44,0.787445884,EX01,MAG016
MAG016_MAG016_MAG016_61_45,0.0,EX01,MAG016
MAG016_MAG016_MAG016_61_46,2.097550506,EX01,MAG016
MAG016_MAG016_MAG016_61_47,0.0,EX01,MAG016
MAG016_MAG016_MAG016_61_48,2.293227252,EX01,MAG016
MAG016_MAG016_MAG016_61_49,4.649968528,EX01,MAG016
MAG016_MAG016_MAG016_61_5,5.189740278,EX01,MAG016
MAG016_MAG016_MAG016_61_50,0.0,EX01,MAG016
MAG016_MAG016_MAG016_61_51,18.38786218,EX01,MAG016
MAG016_MAG016_MAG016_61_52,0.0,EX01,MAG016
MAG016_MAG016_MAG016_61_53,0.0,EX01,MAG016
MAG016_MAG016_MAG016_61_54,0.0,EX01,MAG016
MAG016_MAG016_MAG016_61_55,0.0,EX01,MAG016
MAG016_MAG016_MAG016_61_56,0.993710776,EX01,MAG016
MAG016_MAG016_MAG016_61_57,2.080834787,EX01,MAG016
MAG016_MAG016_MAG016_61_58,0.196185629,EX01,MAG016
MAG016_MAG016_MAG016_61_59,0.190017829,EX01,MAG016
MAG016_MAG016_MAG016_61_6,0.0,EX01,MAG016
MAG016_MAG016_MAG016_61_60,0.003004194,EX01,MAG016
MAG016_MAG016_MAG016_61_61,1.036611312,EX01,MAG016
MAG016_MAG016_MAG016_61_62,2.808716938,EX01,MAG016
MAG016_MAG016_MAG016_61_63,34.93900067,EX01,MAG016
MAG016_MAG016_MAG016_61_64,0.0,EX01,MAG016
MAG016_MAG016_MAG016_61_65,0.008225402,EX01,MAG016
MAG016_MAG016_MAG016_61_66,0.002708622,EX01,MAG016
MAG016_MAG016_MAG016_61_67,0.071348682,EX01,MAG016
MAG016_MAG016_MAG016_61_68,2.539461541,EX01,MAG016
MAG016_MAG016_MAG016_61_69,0.041125191,EX01,MAG016
MAG016_MAG016_MAG016_61_7,0.0,EX01,MAG016
MAG016_MAG016_MAG016_61_70,0.124198036,EX01,MAG016
MAG016_MAG016_MAG016_61_71,1.610520947,EX01,MAG016
MAG016_MAG016_MAG016_61_72,6.550025829,EX01,MAG016
MAG016_MAG016_MAG016_61_73,3.520513894,EX01,MAG016
MAG016_MAG016_MAG016_61_74,3.989083287,EX01,MAG016
MAG016_MAG016_MAG016_61_75,20.19089167,EX01,MAG016
MAG016_MAG016_MAG016_61_76,5.700404958,EX01,MAG016
MAG016_MAG016_MAG016_61_77,1.307059044,EX01,MAG016
MAG016_MAG016_MAG016_61_78,55.76353323,EX01,MAG016
MAG016_MAG016_MAG016_61_79,1.922427211,EX01,MAG016
MAG016_MAG016_MAG016_61_8,0.010089947,EX01,MAG016
MAG016_MAG016_MAG016_61_80,2.565568273,EX01,MAG016
MAG016_MAG016_MAG016_61_81,1.883960944,EX01,MAG016
MAG016_MAG016_MAG016_61_82,1.859929145,EX01,MAG016
MAG016_MAG016_MAG016_61_83,0.0,EX01,MAG016
MAG016_MAG016_MAG016_61_84,0.0,EX01,MAG016
MAG016_MAG016_MAG016_61_85,0.0,EX01,MAG016
MAG016_MAG016_MAG016_61_86,0.0,EX01,MAG016
MAG016_MAG016_MAG016_61_87,0.0,EX01,MAG016
MAG016_MAG016_MAG016_61_88,1.039786661,EX01,MAG016
MAG016_MAG016_MAG016_61_89,0.644386523,EX01,MAG016
MAG016_MAG016_MAG016_61_9,3.943670699,EX01,MAG016
MAG016_MAG016_MAG016_61_90,2.257353713,EX01,MAG016
MAG016_MAG016_MAG016_61_91,2.070165764,EX01,MAG016
MAG016_MAG016_MAG016_61_92,0.0,EX01,MAG016
MAG016_MAG016_MAG016_61_93,0.576595674,EX01,MAG016
MAG016_MAG016_MAG016_61_94,0.0,EX01,MAG016
MAG016_MAG016_MAG016_61_95,2.404307026,EX01,MAG016
MAG016_MAG016_MAG016_61_96,0.0,EX01,MAG016
MAG016_MAG016_MAG016_61_97,0.0,EX01,MAG016
MAG016_MAG016_MAG016_61_98,0.811643855,EX01,MAG016
MAG016_MAG016_MAG016_61_99,0.0,EX01,MAG016
MAG016_MAG016_MAG016_62_1,0.0,EX01,MAG016
MAG016_MAG016_MAG016_62_10,0.535355757,EX01,MAG016
MAG016_MAG016_MAG016_62_11,0.0,EX01,MAG016
MAG016_MAG016_MAG016_62_12,5.213659714,EX01,MAG016
MAG016_MAG016_MAG016_62_13,0.015603216,EX01,MAG016
MAG016_MAG016_MAG016_62_14,0.972370412,EX01,MAG016
MAG016_MAG016_MAG016_62_15,0.0,EX01,MAG016
MAG016_MAG016_MAG016_62_16,0.113895741,EX01,MAG016
MAG016_MAG016_MAG016_62_17,0.0,EX01,MAG016
MAG016_MAG016_MAG016_62_18,0.004244454,EX01,MAG016
MAG016_MAG016_MAG016_62_19,0.518934587,EX01,MAG016
MAG016_MAG016_MAG016_62_2,0.228516487,EX01,MAG016
MAG016_MAG016_MAG016_62_20,0.282341443,EX01,MAG016
MAG016_MAG016_MAG016_62_21,0.0,EX01,MAG016
MAG016_MAG016_MAG016_62_22,0.0,EX01,MAG016
MAG016_MAG016_MAG016_62_23,0.0,EX01,MAG016
MAG016_MAG016_MAG016_62_24,0.0,EX01,MAG016
MAG016_MAG016_MAG016_62_25,0.223531991,EX01,MAG016
MAG016_MAG016_MAG016_62_26,0.0,EX01,MAG016
MAG016_MAG016_MAG016_62_27,1.855805825,EX01,MAG016
MAG016_MAG016_MAG016_62_28,0.0,EX01,MAG016
MAG016_MAG016_MAG016_62_29,0.0,EX01,MAG016
MAG016_MAG016_MAG016_62_3,1.674664467,EX01,MAG016
MAG016_MAG016_MAG016_62_30,0.0,EX01,MAG016
MAG016_MAG016_MAG016_62_4,0.429975442,EX01,MAG016
MAG016_MAG016_MAG016_62_5,0.107673073,EX01,MAG016
MAG016_MAG016_MAG016_62_6,0.005531578,EX01,MAG016
MAG016_MAG016_MAG016_62_7,0.0,EX01,MAG016
MAG016_MAG016_MAG016_62_8,0.0,EX01,MAG016
MAG016_MAG016_MAG016_62_9,0.0,EX01,MAG016
MAG016_MAG016_MAG016_63_1,0.0,EX01,MAG016
MAG016_MAG016_MAG016_63_10,0.852582766,EX01,MAG016
MAG016_MAG016_MAG016_63_11,0.0,EX01,MAG016
MAG016_MAG016_MAG016_63_12,0.551072797,EX01,MAG016
MAG016_MAG016_MAG016_63_13,0.0,EX01,MAG016
MAG016_MAG016_MAG016_63_14,0.0,EX01,MAG016
MAG016_MAG016_MAG016_63_15,0.331614477,EX01,MAG016
MAG016_MAG016_MAG016_63_16,0.0,EX01,MAG016
MAG016_MAG016_MAG016_63_17,0.0,EX01,MAG016
MAG016_MAG016_MAG016_63_18,0.0,EX01,MAG016
MAG016_MAG016_MAG016_63_2,0.427333718,EX01,MAG016
MAG016_MAG016_MAG016_63_3,0.0,EX01,MAG016
MAG016_MAG016_MAG016_63_4,2.070351459,EX01,MAG016
MAG016_MAG016_MAG016_63_5,0.0,EX01,MAG016
MAG016_MAG016_MAG016_63_6,1.073499089,EX01,MAG016
MAG016_MAG016_MAG016_63_7,0.349427062,EX01,MAG016
MAG016_MAG016_MAG016_63_8,0.0,EX01,MAG016
MAG016_MAG016_MAG016_63_9,0.189408449,EX01,MAG016
MAG016_MAG016_MAG016_64_1,0.187572326,EX01,MAG016
MAG016_MAG016_MAG016_64_10,1.712787822,EX01,MAG016
MAG016_MAG016_MAG016_64_11,0.504168956,EX01,MAG016
MAG016_MAG016_MAG016_64_12,0.767198498,EX01,MAG016
MAG016_MAG016_MAG016_64_13,1.487852454,EX01,MAG016
MAG016_MAG016_MAG016_64_14,0.163186558,EX01,MAG016
MAG016_MAG016_MAG016_64_15,0.0,EX01,MAG016
MAG016_MAG016_MAG016_64_16,13.09291874,EX01,MAG016
MAG016_MAG016_MAG016_64_17,0.928656697,EX01,MAG016
MAG016_MAG016_MAG016_64_18,2.029743692,EX01,MAG016
MAG016_MAG016_MAG016_64_19,0.0,EX01,MAG016
MAG016_MAG016_MAG016_64_2,0.015500546,EX01,MAG016
MAG016_MAG016_MAG016_64_20,0.0,EX01,MAG016
MAG016_MAG016_MAG016_64_21,0.0,EX01,MAG016
MAG016_MAG016_MAG016_64_22,0.0,EX01,MAG016
MAG016_MAG016_MAG016_64_23,0.423719755,EX01,MAG016
MAG016_MAG016_MAG016_64_24,0.351552196,EX01,MAG016
MAG016_MAG016_MAG016_64_25,0.343110325,EX01,MAG016
MAG016_MAG016_MAG016_64_26,0.0,EX01,MAG016
MAG016_MAG016_MAG016_64_27,0.0,EX01,MAG016
MAG016_MAG016_MAG016_64_28,0.001861622,EX01,MAG016
MAG016_MAG016_MAG016_64_29,0.154731916,EX01,MAG016
MAG016_MAG016_MAG016_64_3,0.0,EX01,MAG016
MAG016_MAG016_MAG016_64_30,0.0,EX01,MAG016
MAG016_MAG016_MAG016_64_31,1.418735326,EX01,MAG016
MAG016_MAG016_MAG016_64_32,2.437416854,EX01,MAG016
MAG016_MAG016_MAG016_64_33,0.0,EX01,MAG016
MAG016_MAG016_MAG016_64_34,0.477750693,EX01,MAG016
MAG016_MAG016_MAG016_64_35,0.173739725,EX01,MAG016
MAG016_MAG016_MAG016_64_36,0.155125673,EX01,MAG016
MAG016_MAG016_MAG016_64_37,0.294057865,EX01,MAG016
MAG016_MAG016_MAG016_64_38,0.171744111,EX01,MAG016
MAG016_MAG016_MAG016_64_39,0.931504938,EX01,MAG016
MAG016_MAG016_MAG016_64_4,0.041360787,EX01,MAG016
MAG016_MAG016_MAG016_64_40,0.474339404,EX01,MAG016
MAG016_MAG016_MAG016_64_41,0.64250136,EX01,MAG016
MAG016_MAG016_MAG016_64_42,1.381392217,EX01,MAG016
MAG016_MAG016_MAG016_64_43,0.517256247,EX01,MAG016
MAG016_MAG016_MAG016_64_44,0.524834479,EX01,MAG016
MAG016_MAG016_MAG016_64_45,1.451894508,EX01,MAG016
MAG016_MAG016_MAG016_64_46,0.019706111,EX01,MAG016
MAG016_MAG016_MAG016_64_47,0.283110381,EX01,MAG016
MAG016_MAG016_MAG016_64_48,0.345537559,EX01,MAG016
MAG016_MAG016_MAG016_64_49,0.915015096,EX01,MAG016
MAG016_MAG016_MAG016_64_5,1.36698093,EX01,MAG016
MAG016_MAG016_MAG016_64_50,1.256311328,EX01,MAG016
MAG016_MAG016_MAG016_64_51,0.851571559,EX01,MAG016
MAG016_MAG016_MAG016_64_6,0.50591043,EX01,MAG016
MAG016_MAG016_MAG016_64_7,4.914661917,EX01,MAG016
MAG016_MAG016_MAG016_64_8,0.0,EX01,MAG016
MAG016_MAG016_MAG016_64_9,0.0,EX01,MAG016
MAG016_MAG016_MAG016_65_1,0.0,EX01,MAG016
MAG016_MAG016_MAG016_65_2,3.875779652,EX01,MAG016
MAG016_MAG016_MAG016_65_3,1.327305984,EX01,MAG016
MAG016_MAG016_MAG016_65_4,0.1614497,EX01,MAG016
MAG016_MAG016_MAG016_65_5,13.05313867,EX01,MAG016
MAG016_MAG016_MAG016_65_6,0.0,EX01,MAG016
MAG016_MAG016_MAG016_65_7,0.0,EX01,MAG016
MAG016_MAG016_MAG016_65_8,0.210974098,EX01,MAG016
MAG016_MAG016_MAG016_65_9,0.358832345,EX01,MAG016
MAG016_MAG016_MAG016_66_1,0.0,EX01,MAG016
MAG016_MAG016_MAG016_66_10,0.128321421,EX01,MAG016
MAG016_MAG016_MAG016_66_11,0.0,EX01,MAG016
MAG016_MAG016_MAG016_66_12,0.0,EX01,MAG016
MAG016_MAG016_MAG016_66_13,0.0,EX01,MAG016
MAG016_MAG016_MAG016_66_14,0.323885329,EX01,MAG016
MAG016_MAG016_MAG016_66_15,1.278159661,EX01,MAG016
MAG016_MAG016_MAG016_66_16,0.456421598,EX01,MAG016
MAG016_MAG016_MAG016_66_17,0.007299004,EX01,MAG016
MAG016_MAG016_MAG016_66_18,0.0,EX01,MAG016
MAG016_MAG016_MAG016_66_19,0.00103672,EX01,MAG016
MAG016_MAG016_MAG016_66_2,0.0,EX01,MAG016
MAG016_MAG016_MAG016_66_20,0.0,EX01,MAG016
MAG016_MAG016_MAG016_66_21,0.0,EX01,MAG016
MAG016_MAG016_MAG016_66_22,0.0,EX01,MAG016
MAG016_MAG016_MAG016_66_23,0.123130678,EX01,MAG016
MAG016_MAG016_MAG016_66_24,0.007642054,EX01,MAG016
MAG016_MAG016_MAG016_66_25,0.0,EX01,MAG016
MAG016_MAG016_MAG016_66_26,0.0,EX01,MAG016
MAG016_MAG016_MAG016_66_27,1.340859653,EX01,MAG016
MAG016_MAG016_MAG016_66_28,0.0,EX01,MAG016
MAG016_MAG016_MAG016_66_29,0.0,EX01,MAG016
MAG016_MAG016_MAG016_66_3,0.0,EX01,MAG016
MAG016_MAG016_MAG016_66_30,0.380564185,EX01,MAG016
MAG016_MAG016_MAG016_66_4,0.107985319,EX01,MAG016
MAG016_MAG016_MAG016_66_5,0.0,EX01,MAG016
MAG016_MAG016_MAG016_66_6,0.010477278,EX01,MAG016
MAG016_MAG016_MAG016_66_7,0.022376216,EX01,MAG016
MAG016_MAG016_MAG016_66_8,0.114671958,EX01,MAG016
MAG016_MAG016_MAG016_66_9,0.791782342,EX01,MAG016
MAG016_MAG016_MAG016_67_1,0.0,EX01,MAG016
MAG016_MAG016_MAG016_67_10,0.0,EX01,MAG016
MAG016_MAG016_MAG016_67_11,0.0,EX01,MAG016
MAG016_MAG016_MAG016_67_12,0.462856263,EX01,MAG016
MAG016_MAG016_MAG016_67_13,0.0,EX01,MAG016
MAG016_MAG016_MAG016_67_14,0.0,EX01,MAG016
MAG016_MAG016_MAG016_67_15,0.0,EX01,MAG016
MAG016_MAG016_MAG016_67_16,0.63971098,EX01,MAG016
MAG016_MAG016_MAG016_67_17,0.0,EX01,MAG016
MAG016_MAG016_MAG016_67_2,0.0,EX01,MAG016
MAG016_MAG016_MAG016_67_3,1.146116153,EX01,MAG016
MAG016_MAG016_MAG016_67_4,0.0,EX01,MAG016
MAG016_MAG016_MAG016_67_5,5.725817251,EX01,MAG016
MAG016_MAG016_MAG016_67_6,1.084828028,EX01,MAG016
MAG016_MAG016_MAG016_67_7,4.116058297,EX01,MAG016
MAG016_MAG016_MAG016_67_8,2.086008686,EX01,MAG016
MAG016_MAG016_MAG016_67_9,0.0,EX01,MAG016
MAG016_MAG016_MAG016_68_1,0.0,EX01,MAG016
MAG016_MAG016_MAG016_68_10,1.713772091,EX01,MAG016
MAG016_MAG016_MAG016_68_11,0.019875899,EX01,MAG016
MAG016_MAG016_MAG016_68_12,0.209475128,EX01,MAG016
MAG016_MAG016_MAG016_68_13,0.424156171,EX01,MAG016
MAG016_MAG016_MAG016_68_14,1.356348802,EX01,MAG016
MAG016_MAG016_MAG016_68_15,3.861188932,EX01,MAG016
MAG016_MAG016_MAG016_68_16,7.779777676,EX01,MAG016
MAG016_MAG016_MAG016_68_17,5.773596073,EX01,MAG016
MAG016_MAG016_MAG016_68_18,0.220081822,EX01,MAG016
MAG016_MAG016_MAG016_68_19,0.0,EX01,MAG016
MAG016_MAG016_MAG016_68_2,0.0,EX01,MAG016
MAG016_MAG016_MAG016_68_20,1.213849217,EX01,MAG016
MAG016_MAG016_MAG016_68_21,0.28271848,EX01,MAG016
MAG016_MAG016_MAG016_68_3,0.0,EX01,MAG016
MAG016_MAG016_MAG016_68_4,0.0,EX01,MAG016
MAG016_MAG016_MAG016_68_5,0.0,EX01,MAG016
MAG016_MAG016_MAG016_68_6,0.178630283,EX01,MAG016
MAG016_MAG016_MAG016_68_7,4.045579772,EX01,MAG016
MAG016_MAG016_MAG016_68_8,4.492800332,EX01,MAG016
MAG016_MAG016_MAG016_68_9,2.348671884,EX01,MAG016
MAG016_MAG016_MAG016_69_1,4.003585217,EX01,MAG016
MAG016_MAG016_MAG016_69_10,0.0,EX01,MAG016
MAG016_MAG016_MAG016_69_11,1.069502854,EX01,MAG016
MAG016_MAG016_MAG016_69_12,5.479153066,EX01,MAG016
MAG016_MAG016_MAG016_69_13,0.0,EX01,MAG016
MAG016_MAG016_MAG016_69_14,1.824067385,EX01,MAG016
MAG016_MAG016_MAG016_69_15,3.483759988,EX01,MAG016
MAG016_MAG016_MAG016_69_16,10.09735107,EX01,MAG016
MAG016_MAG016_MAG016_69_17,2.10352092,EX01,MAG016
MAG016_MAG016_MAG016_69_18,0.0,EX01,MAG016
MAG016_MAG016_MAG016_69_19,0.0,EX01,MAG016
MAG016_MAG016_MAG016_69_2,0.0,EX01,MAG016
MAG016_MAG016_MAG016_69_20,0.0,EX01,MAG016
MAG016_MAG016_MAG016_69_21,1.616366878,EX01,MAG016
MAG016_MAG016_MAG016_69_22,3.70986015,EX01,MAG016
MAG016_MAG016_MAG016_69_23,0.0,EX01,MAG016
MAG016_MAG016_MAG016_69_24,0.015588257,EX01,MAG016
MAG016_MAG016_MAG016_69_25,0.009218156,EX01,MAG016
MAG016_MAG016_MAG016_69_26,0.071348682,EX01,MAG016
MAG016_MAG016_MAG016_69_27,6.038226644,EX01,MAG016
MAG016_MAG016_MAG016_69_28,0.0,EX01,MAG016
MAG016_MAG016_MAG016_69_29,0.504668545,EX01,MAG016
MAG016_MAG016_MAG016_69_3,0.719895772,EX01,MAG016
MAG016_MAG016_MAG016_69_4,0.559740309,EX01,MAG016
MAG016_MAG016_MAG016_69_5,8.076944992,EX01,MAG016
MAG016_MAG016_MAG016_69_6,1.958143492,EX01,MAG016
MAG016_MAG016_MAG016_69_7,0.0,EX01,MAG016
MAG016_MAG016_MAG016_69_8,0.68623095,EX01,MAG016
MAG016_MAG016_MAG016_69_9,0.0,EX01,MAG016
MAG016_MAG016_MAG016_6_1,0.007119383,EX01,MAG016
MAG016_MAG016_MAG016_6_10,0.0,EX01,MAG016
MAG016_MAG016_MAG016_6_11,0.0,EX01,MAG016
MAG016_MAG016_MAG016_6_12,0.0,EX01,MAG016
MAG016_MAG016_MAG016_6_13,2.762043573,EX01,MAG016
MAG016_MAG016_MAG016_6_2,0.004488701,EX01,MAG016
MAG016_MAG016_MAG016_6_3,0.0,EX01,MAG016
MAG016_MAG016_MAG016_6_4,0.006499174,EX01,MAG016
MAG016_MAG016_MAG016_6_5,0.004631866,EX01,MAG016
MAG016_MAG016_MAG016_6_6,0.956722926,EX01,MAG016
MAG016_MAG016_MAG016_6_7,2.267674963,EX01,MAG016
MAG016_MAG016_MAG016_6_8,0.004934393,EX01,MAG016
MAG016_MAG016_MAG016_6_9,0.0,EX01,MAG016
MAG016_MAG016_MAG016_70_1,0.046254416,EX01,MAG016
MAG016_MAG016_MAG016_70_2,0.0,EX01,MAG016
MAG016_MAG016_MAG016_70_3,0.0,EX01,MAG016
MAG016_MAG016_MAG016_70_4,0.003363519,EX01,MAG016
MAG016_MAG016_MAG016_70_5,0.0,EX01,MAG016
MAG016_MAG016_MAG016_70_6,0.002081874,EX01,MAG016
MAG016_MAG016_MAG016_71_1,2.942020434,EX01,MAG016
MAG016_MAG016_MAG016_71_10,2.045203983,EX01,MAG016
MAG016_MAG016_MAG016_71_100,0.006681898,EX01,MAG016
MAG016_MAG016_MAG016_71_101,0.0,EX01,MAG016
MAG016_MAG016_MAG016_71_102,0.185932353,EX01,MAG016
MAG016_MAG016_MAG016_71_103,1.216797874,EX01,MAG016
MAG016_MAG016_MAG016_71_104,0.0,EX01,MAG016
MAG016_MAG016_MAG016_71_105,0.0,EX01,MAG016
MAG016_MAG016_MAG016_71_106,0.13426757,EX01,MAG016
MAG016_MAG016_MAG016_71_107,0.402446341,EX01,MAG016
MAG016_MAG016_MAG016_71_108,0.003696236,EX01,MAG016
MAG016_MAG016_MAG016_71_109,0.290078123,EX01,MAG016
MAG016_MAG016_MAG016_71_11,37.15104336,EX01,MAG016
MAG016_MAG016_MAG016_71_110,7.504950927,EX01,MAG016
MAG016_MAG016_MAG016_71_111,2.111510863,EX01,MAG016
MAG016_MAG016_MAG016_71_112,0.867352752,EX01,MAG016
MAG016_MAG016_MAG016_71_113,2.027798512,EX01,MAG016
MAG016_MAG016_MAG016_71_114,0.0,EX01,MAG016
MAG016_MAG016_MAG016_71_115,6.443112477,EX01,MAG016
MAG016_MAG016_MAG016_71_116,0.0,EX01,MAG016
MAG016_MAG016_MAG016_71_117,0.0,EX01,MAG016
MAG016_MAG016_MAG016_71_118,0.0,EX01,MAG016
MAG016_MAG016_MAG016_71_119,28.48655511,EX01,MAG016
MAG016_MAG016_MAG016_71_12,0.0,EX01,MAG016
MAG016_MAG016_MAG016_71_120,22.31441701,EX01,MAG016
MAG016_MAG016_MAG016_71_121,13.43889976,EX01,MAG016
MAG016_MAG016_MAG016_71_122,0.0,EX01,MAG016
MAG016_MAG016_MAG016_71_123,0.024737328,EX01,MAG016
MAG016_MAG016_MAG016_71_124,1.116722753,EX01,MAG016
MAG016_MAG016_MAG016_71_125,0.0,EX01,MAG016
MAG016_MAG016_MAG016_71_126,0.0,EX01,MAG016
MAG016_MAG016_MAG016_71_127,1.131235228,EX01,MAG016
MAG016_MAG016_MAG016_71_128,6.706419139,EX01,MAG016
MAG016_MAG016_MAG016_71_129,3.688493682,EX01,MAG016
MAG016_MAG016_MAG016_71_13,2.302708984,EX01,MAG016
MAG016_MAG016_MAG016_71_130,0.115036324,EX01,MAG016
MAG016_MAG016_MAG016_71_131,1.887507305,EX01,MAG016
MAG016_MAG016_MAG016_71_132,3.773938387,EX01,MAG016
MAG016_MAG016_MAG016_71_133,2.999987913,EX01,MAG016
MAG016_MAG016_MAG016_71_134,0.688960441,EX01,MAG016
MAG016_MAG016_MAG016_71_135,0.510021436,EX01,MAG016
MAG016_MAG016_MAG016_71_136,52.13162127,EX01,MAG016
MAG016_MAG016_MAG016_71_137,0.0,EX01,MAG016
MAG016_MAG016_MAG016_71_138,2.719594627,EX01,MAG016
MAG016_MAG016_MAG016_71_139,0.585295409,EX01,MAG016
MAG016_MAG016_MAG016_71_14,4.665026455,EX01,MAG016
MAG016_MAG016_MAG016_71_140,0.0,EX01,MAG016
MAG016_MAG016_MAG016_71_141,0.0,EX01,MAG016
MAG016_MAG016_MAG016_71_142,1.052354129,EX01,MAG016
MAG016_MAG016_MAG016_71_143,0.152190822,EX01,MAG016
MAG016_MAG016_MAG016_71_144,2.716452657,EX01,MAG016
MAG016_MAG016_MAG016_71_145,1.066957136,EX01,MAG016
MAG016_MAG016_MAG016_71_146,0.063801166,EX01,MAG016
MAG016_MAG016_MAG016_71_147,0.005209279,EX01,MAG016
MAG016_MAG016_MAG016_71_148,0.02117223,EX01,MAG016
MAG016_MAG016_MAG016_71_149,0.0,EX01,MAG016
MAG016_MAG016_MAG016_71_15,2.408195229,EX01,MAG016
MAG016_MAG016_MAG016_71_150,1.036967449,EX01,MAG016
MAG016_MAG016_MAG016_71_151,0.0,EX01,MAG016
MAG016_MAG016_MAG016_71_152,0.016882043,EX01,MAG016
MAG016_MAG016_MAG016_71_153,0.007512694,EX01,MAG016
MAG016_MAG016_MAG016_71_154,0.0,EX01,MAG016
MAG016_MAG016_MAG016_71_155,0.00966859,EX01,MAG016
MAG016_MAG016_MAG016_71_16,0.0,EX01,MAG016
MAG016_MAG016_MAG016_71_17,0.045565113,EX01,MAG016
MAG016_MAG016_MAG016_71_18,2.867129486,EX01,MAG016
MAG016_MAG016_MAG016_71_19,3.554883578,EX01,MAG016
MAG016_MAG016_MAG016_71_2,0.0,EX01,MAG016
MAG016_MAG016_MAG016_71_20,0.308884296,EX01,MAG016
MAG016_MAG016_MAG016_71_21,0.0,EX01,MAG016
MAG016_MAG016_MAG016_71_22,6.283746492,EX01,MAG016
MAG016_MAG016_MAG016_71_23,20.40575742,EX01,MAG016
MAG016_MAG016_MAG016_71_24,4.148038189,EX01,MAG016
MAG016_MAG016_MAG016_71_25,0.97830245,EX01,MAG016
MAG016_MAG016_MAG016_71_26,0.715551518,EX01,MAG016
MAG016_MAG016_MAG016_71_27,0.0,EX01,MAG016
MAG016_MAG016_MAG016_71_28,0.0,EX01,MAG016
MAG016_MAG016_MAG016_71_29,0.0,EX01,MAG016
MAG016_MAG016_MAG016_71_3,10.21001718,EX01,MAG016
MAG016_MAG016_MAG016_71_30,1.439655118,EX01,MAG016
MAG016_MAG016_MAG016_71_31,3.0061504,EX01,MAG016
MAG016_MAG016_MAG016_71_32,0.0,EX01,MAG016
MAG016_MAG016_MAG016_71_33,0.0,EX01,MAG016
MAG016_MAG016_MAG016_71_34,0.258096214,EX01,MAG016
MAG016_MAG016_MAG016_71_35,0.265664298,EX01,MAG016
MAG016_MAG016_MAG016_71_36,0.047398245,EX01,MAG016
MAG016_MAG016_MAG016_71_37,0.0,EX01,MAG016
MAG016_MAG016_MAG016_71_38,0.0,EX01,MAG016
MAG016_MAG016_MAG016_71_39,0.0,EX01,MAG016
MAG016_MAG016_MAG016_71_4,2.044103187,EX01,MAG016
MAG016_MAG016_MAG016_71_40,0.0,EX01,MAG016
MAG016_MAG016_MAG016_71_41,0.0,EX01,MAG016
MAG016_MAG016_MAG016_71_42,0.0,EX01,MAG016
MAG016_MAG016_MAG016_71_43,0.007254126,EX01,MAG016
MAG016_MAG016_MAG016_71_44,2.972974748,EX01,MAG016
MAG016_MAG016_MAG016_71_45,0.506565248,EX01,MAG016
MAG016_MAG016_MAG016_71_46,2.14878292,EX01,MAG016
MAG016_MAG016_MAG016_71_47,3.379805098,EX01,MAG016
MAG016_MAG016_MAG016_71_48,15.80245933,EX01,MAG016
MAG016_MAG016_MAG016_71_49,0.636012342,EX01,MAG016
MAG016_MAG016_MAG016_71_5,0.176409048,EX01,MAG016
MAG016_MAG016_MAG016_71_50,0.34707549,EX01,MAG016
MAG016_MAG016_MAG016_71_51,0.0,EX01,MAG016
MAG016_MAG016_MAG016_71_52,0.0,EX01,MAG016
MAG016_MAG016_MAG016_71_53,0.0,EX01,MAG016
MAG016_MAG016_MAG016_71_54,2.379898773,EX01,MAG016
MAG016_MAG016_MAG016_71_55,10.17551365,EX01,MAG016
MAG016_MAG016_MAG016_71_56,2.961819832,EX01,MAG016
MAG016_MAG016_MAG016_71_57,0.0,EX01,MAG016
MAG016_MAG016_MAG016_71_58,0.0,EX01,MAG016
MAG016_MAG016_MAG016_71_59,0.0,EX01,MAG016
MAG016_MAG016_MAG016_71_6,4.041969933,EX01,MAG016
MAG016_MAG016_MAG016_71_60,7.028504952,EX01,MAG016
MAG016_MAG016_MAG016_71_61,1.222570299,EX01,MAG016
MAG016_MAG016_MAG016_71_62,0.0,EX01,MAG016
MAG016_MAG016_MAG016_71_63,0.0,EX01,MAG016
MAG016_MAG016_MAG016_71_64,0.0,EX01,MAG016
MAG016_MAG016_MAG016_71_65,1.272654258,EX01,MAG016
MAG016_MAG016_MAG016_71_66,34.04719221,EX01,MAG016
MAG016_MAG016_MAG016_71_67,0.0,EX01,MAG016
MAG016_MAG016_MAG016_71_68,0.0,EX01,MAG016
MAG016_MAG016_MAG016_71_69,0.711649713,EX01,MAG016
MAG016_MAG016_MAG016_71_7,0.00687325,EX01,MAG016
MAG016_MAG016_MAG016_71_70,2.405464372,EX01,MAG016
MAG016_MAG016_MAG016_71_71,0.658196366,EX01,MAG016
MAG016_MAG016_MAG016_71_72,1.934552411,EX01,MAG016
MAG016_MAG016_MAG016_71_73,6.668142866,EX01,MAG016
MAG016_MAG016_MAG016_71_74,0.610678638,EX01,MAG016
MAG016_MAG016_MAG016_71_75,5.657455566,EX01,MAG016
MAG016_MAG016_MAG016_71_76,1.755657201,EX01,MAG016
MAG016_MAG016_MAG016_71_77,1.120737659,EX01,MAG016
MAG016_MAG016_MAG016_71_78,0.518277341,EX01,MAG016
MAG016_MAG016_MAG016_71_79,0.0,EX01,MAG016
MAG016_MAG016_MAG016_71_8,6.210984029,EX01,MAG016
MAG016_MAG016_MAG016_71_80,3.13684749,EX01,MAG016
MAG016_MAG016_MAG016_71_81,0.0,EX01,MAG016
MAG016_MAG016_MAG016_71_82,0.0,EX01,MAG016
MAG016_MAG016_MAG016_71_83,37.30688742,EX01,MAG016
MAG016_MAG016_MAG016_71_84,39.59176951,EX01,MAG016
MAG016_MAG016_MAG016_71_85,0.00774541,EX01,MAG016
MAG016_MAG016_MAG016_71_86,0.12500585,EX01,MAG016
MAG016_MAG016_MAG016_71_87,0.351758831,EX01,MAG016
MAG016_MAG016_MAG016_71_88,1.481017243,EX01,MAG016
MAG016_MAG016_MAG016_71_89,5.905693937,EX01,MAG016
MAG016_MAG016_MAG016_71_9,11.2618938,EX01,MAG016
MAG016_MAG016_MAG016_71_90,5.125587241,EX01,MAG016
MAG016_MAG016_MAG016_71_91,2.251124423,EX01,MAG016
MAG016_MAG016_MAG016_71_92,0.0,EX01,MAG016
MAG016_MAG016_MAG016_71_93,0.211441974,EX01,MAG016
MAG016_MAG016_MAG016_71_94,0.0,EX01,MAG016
MAG016_MAG016_MAG016_71_95,0.0,EX01,MAG016
MAG016_MAG016_MAG016_71_96,0.249720387,EX01,MAG016
MAG016_MAG016_MAG016_71_97,0.0,EX01,MAG016
MAG016_MAG016_MAG016_71_98,0.104252576,EX01,MAG016
MAG016_MAG016_MAG016_71_99,0.015836254,EX01,MAG016
MAG016_MAG016_MAG016_72_1,0.0,EX01,MAG016
MAG016_MAG016_MAG016_72_10,0.0,EX01,MAG016
MAG016_MAG016_MAG016_72_11,3.337039595,EX01,MAG016
MAG016_MAG016_MAG016_72_12,0.0,EX01,MAG016
MAG016_MAG016_MAG016_72_13,0.274688421,EX01,MAG016
MAG016_MAG016_MAG016_72_14,0.0,EX01,MAG016
MAG016_MAG016_MAG016_72_15,0.0,EX01,MAG016
MAG016_MAG016_MAG016_72_16,0.0,EX01,MAG016
MAG016_MAG016_MAG016_72_17,0.0,EX01,MAG016
MAG016_MAG016_MAG016_72_2,0.237379558,EX01,MAG016
MAG016_MAG016_MAG016_72_3,0.003767481,EX01,MAG016
MAG016_MAG016_MAG016_72_4,0.774640632,EX01,MAG016
MAG016_MAG016_MAG016_72_5,0.0,EX01,MAG016
MAG016_MAG016_MAG016_72_6,2.664899928,EX01,MAG016
MAG016_MAG016_MAG016_72_7,1.007971712,EX01,MAG016
MAG016_MAG016_MAG016_72_8,0.261859433,EX01,MAG016
MAG016_MAG016_MAG016_72_9,0.0,EX01,MAG016
MAG016_MAG016_MAG016_73_1,0.0,EX01,MAG016
MAG016_MAG016_MAG016_73_10,2.349395088,EX01,MAG016
MAG016_MAG016_MAG016_73_11,5.272436737,EX01,MAG016
MAG016_MAG016_MAG016_73_12,0.21804928,EX01,MAG016
MAG016_MAG016_MAG016_73_13,4.070645253,EX01,MAG016
MAG016_MAG016_MAG016_73_14,0.935358168,EX01,MAG016
MAG016_MAG016_MAG016_73_15,0.0,EX01,MAG016
MAG016_MAG016_MAG016_73_16,0.0,EX01,MAG016
MAG016_MAG016_MAG016_73_17,1.273541984,EX01,MAG016
MAG016_MAG016_MAG016_73_18,2.446558823,EX01,MAG016
MAG016_MAG016_MAG016_73_19,0.772005506,EX01,MAG016
MAG016_MAG016_MAG016_73_2,0.41195775,EX01,MAG016
MAG016_MAG016_MAG016_73_20,0.0,EX01,MAG016
MAG016_MAG016_MAG016_73_21,0.231211573,EX01,MAG016
MAG016_MAG016_MAG016_73_22,0.526365661,EX01,MAG016
MAG016_MAG016_MAG016_73_23,0.0,EX01,MAG016
MAG016_MAG016_MAG016_73_24,0.677917838,EX01,MAG016
MAG016_MAG016_MAG016_73_25,0.0,EX01,MAG016
MAG016_MAG016_MAG016_73_26,0.0,EX01,MAG016
MAG016_MAG016_MAG016_73_27,1.533243656,EX01,MAG016
MAG016_MAG016_MAG016_73_28,2.723567326,EX01,MAG016
MAG016_MAG016_MAG016_73_29,0.216563744,EX01,MAG016
MAG016_MAG016_MAG016_73_3,0.382672192,EX01,MAG016
MAG016_MAG016_MAG016_73_30,5.106037196,EX01,MAG016
MAG016_MAG016_MAG016_73_31,8.216562111,EX01,MAG016
MAG016_MAG016_MAG016_73_32,0.830885373,EX01,MAG016
MAG016_MAG016_MAG016_73_33,1.911907576,EX01,MAG016
MAG016_MAG016_MAG016_73_34,0.996330233,EX01,MAG016
MAG016_MAG016_MAG016_73_35,3.06848314,EX01,MAG016
MAG016_MAG016_MAG016_73_36,1.077390512,EX01,MAG016
MAG016_MAG016_MAG016_73_37,34.76297149,EX01,MAG016
MAG016_MAG016_MAG016_73_38,0.0,EX01,MAG016
MAG016_MAG016_MAG016_73_39,0.0067553,EX01,MAG016
MAG016_MAG016_MAG016_73_4,0.0,EX01,MAG016
MAG016_MAG016_MAG016_73_40,0.0,EX01,MAG016
MAG016_MAG016_MAG016_73_41,0.0,EX01,MAG016
MAG016_MAG016_MAG016_73_42,0.504090858,EX01,MAG016
MAG016_MAG016_MAG016_73_43,0.375621225,EX01,MAG016
MAG016_MAG016_MAG016_73_44,0.0,EX01,MAG016
MAG016_MAG016_MAG016_73_45,0.213683831,EX01,MAG016
MAG016_MAG016_MAG016_73_46,1.059800395,EX01,MAG016
MAG016_MAG016_MAG016_73_47,4.726575171,EX01,MAG016
MAG016_MAG016_MAG016_73_48,4.19014162,EX01,MAG016
MAG016_MAG016_MAG016_73_49,20.45988495,EX01,MAG016
MAG016_MAG016_MAG016_73_5,0.513475639,EX01,MAG016
MAG016_MAG016_MAG016_73_50,8.219521774,EX01,MAG016
MAG016_MAG016_MAG016_73_51,0.545595623,EX01,MAG016
MAG016_MAG016_MAG016_73_52,0.0,EX01,MAG016
MAG016_MAG016_MAG016_73_53,0.0,EX01,MAG016
MAG016_MAG016_MAG016_73_54,0.74461907,EX01,MAG016
MAG016_MAG016_MAG016_73_55,0.755260543,EX01,MAG016
MAG016_MAG016_MAG016_73_56,0.226083789,EX01,MAG016
MAG016_MAG016_MAG016_73_57,0.012970643,EX01,MAG016
MAG016_MAG016_MAG016_73_58,0.005048883,EX01,MAG016
MAG016_MAG016_MAG016_73_59,0.282647995,EX01,MAG016
MAG016_MAG016_MAG016_73_6,0.0,EX01,MAG016
MAG016_MAG016_MAG016_73_60,0.031146257,EX01,MAG016
MAG016_MAG016_MAG016_73_61,0.59015937,EX01,MAG016
MAG016_MAG016_MAG016_73_62,0.7406814,EX01,MAG016
MAG016_MAG016_MAG016_73_63,0.79787827,EX01,MAG016
MAG016_MAG016_MAG016_73_64,0.189116675,EX01,MAG016
MAG016_MAG016_MAG016_73_65,0.521913308,EX01,MAG016
MAG016_MAG016_MAG016_73_66,1.605834561,EX01,MAG016
MAG016_MAG016_MAG016_73_67,0.0,EX01,MAG016
MAG016_MAG016_MAG016_73_68,0.783951054,EX01,MAG016
MAG016_MAG016_MAG016_73_69,10.47434116,EX01,MAG016
MAG016_MAG016_MAG016_73_7,0.028907776,EX01,MAG016
MAG016_MAG016_MAG016_73_70,4.964767079,EX01,MAG016
MAG016_MAG016_MAG016_73_71,11.35644981,EX01,MAG016
MAG016_MAG016_MAG016_73_72,0.0,EX01,MAG016
MAG016_MAG016_MAG016_73_73,0.367906467,EX01,MAG016
MAG016_MAG016_MAG016_73_74,1.092117541,EX01,MAG016
MAG016_MAG016_MAG016_73_75,1.170374483,EX01,MAG016
MAG016_MAG016_MAG016_73_76,4.906071008,EX01,MAG016
MAG016_MAG016_MAG016_73_77,0.0,EX01,MAG016
MAG016_MAG016_MAG016_73_78,0.006497521,EX01,MAG016
MAG016_MAG016_MAG016_73_79,0.0,EX01,MAG016
MAG016_MAG016_MAG016_73_8,0.021927663,EX01,MAG016
MAG016_MAG016_MAG016_73_80,1.081643514,EX01,MAG016
MAG016_MAG016_MAG016_73_81,1.686196581,EX01,MAG016
MAG016_MAG016_MAG016_73_82,0.0,EX01,MAG016
MAG016_MAG016_MAG016_73_83,2.726228488,EX01,MAG016
MAG016_MAG016_MAG016_73_84,0.914918411,EX01,MAG016
MAG016_MAG016_MAG016_73_85,0.241768562,EX01,MAG016
MAG016_MAG016_MAG016_73_86,0.0,EX01,MAG016
MAG016_MAG016_MAG016_73_87,0.0,EX01,MAG016
MAG016_MAG016_MAG016_73_9,3.052140157,EX01,MAG016
MAG016_MAG016_MAG016_74_1,2.555004099,EX01,MAG016
MAG016_MAG016_MAG016_74_10,0.0,EX01,MAG016
MAG016_MAG016_MAG016_74_11,0.0,EX01,MAG016
MAG016_MAG016_MAG016_74_12,8.744886354,EX01,MAG016
MAG016_MAG016_MAG016_74_13,18.85056994,EX01,MAG016
MAG016_MAG016_MAG016_74_14,19.5373589,EX01,MAG016
MAG016_MAG016_MAG016_74_15,5.055412259,EX01,MAG016
MAG016_MAG016_MAG016_74_16,15.93566761,EX01,MAG016
MAG016_MAG016_MAG016_74_17,0.00704217,EX01,MAG016
MAG016_MAG016_MAG016_74_18,0.0,EX01,MAG016
MAG016_MAG016_MAG016_74_19,0.0,EX01,MAG016
MAG016_MAG016_MAG016_74_2,0.0,EX01,MAG016
MAG016_MAG016_MAG016_74_20,2.075727205,EX01,MAG016
MAG016_MAG016_MAG016_74_21,0.0,EX01,MAG016
MAG016_MAG016_MAG016_74_22,0.004412886,EX01,MAG016
MAG016_MAG016_MAG016_74_23,1.360263434,EX01,MAG016
MAG016_MAG016_MAG016_74_24,3.198366525,EX01,MAG016
MAG016_MAG016_MAG016_74_25,4.520778099,EX01,MAG016
MAG016_MAG016_MAG016_74_26,2.072322416,EX01,MAG016
MAG016_MAG016_MAG016_74_27,0.707461451,EX01,MAG016
MAG016_MAG016_MAG016_74_28,0.0,EX01,MAG016
MAG016_MAG016_MAG016_74_29,0.0,EX01,MAG016
MAG016_MAG016_MAG016_74_3,1.275442624,EX01,MAG016
MAG016_MAG016_MAG016_74_30,0.0,EX01,MAG016
MAG016_MAG016_MAG016_74_31,2.35096372,EX01,MAG016
MAG016_MAG016_MAG016_74_32,0.0,EX01,MAG016
MAG016_MAG016_MAG016_74_33,1.311521968,EX01,MAG016
MAG016_MAG016_MAG016_74_34,2.206316327,EX01,MAG016
MAG016_MAG016_MAG016_74_35,12.8083623,EX01,MAG016
MAG016_MAG016_MAG016_74_36,0.0,EX01,MAG016
MAG016_MAG016_MAG016_74_37,1.469958179,EX01,MAG016
MAG016_MAG016_MAG016_74_38,7.982124295,EX01,MAG016
MAG016_MAG016_MAG016_74_39,3.143904757,EX01,MAG016
MAG016_MAG016_MAG016_74_4,9.544466948,EX01,MAG016
MAG016_MAG016_MAG016_74_40,0.837552418,EX01,MAG016
MAG016_MAG016_MAG016_74_41,0.0,EX01,MAG016
MAG016_MAG016_MAG016_74_42,0.0,EX01,MAG016
MAG016_MAG016_MAG016_74_43,24.39930556,EX01,MAG016
MAG016_MAG016_MAG016_74_44,15.32589229,EX01,MAG016
MAG016_MAG016_MAG016_74_45,7.024010481,EX01,MAG016
MAG016_MAG016_MAG016_74_46,3.396144385,EX01,MAG016
MAG016_MAG016_MAG016_74_47,0.0,EX01,MAG016
MAG016_MAG016_MAG016_74_48,12.56698022,EX01,MAG016
MAG016_MAG016_MAG016_74_49,28.75084694,EX01,MAG016
MAG016_MAG016_MAG016_74_5,2.511891971,EX01,MAG016
MAG016_MAG016_MAG016_74_50,1.466173619,EX01,MAG016
MAG016_MAG016_MAG016_74_51,0.0,EX01,MAG016
MAG016_MAG016_MAG016_74_52,0.0,EX01,MAG016
MAG016_MAG016_MAG016_74_53,0.633121927,EX01,MAG016
MAG016_MAG016_MAG016_74_54,0.463031697,EX01,MAG016
MAG016_MAG016_MAG016_74_55,0.687203948,EX01,MAG016
MAG016_MAG016_MAG016_74_56,2.935000744,EX01,MAG016
MAG016_MAG016_MAG016_74_57,14.11579976,EX01,MAG016
MAG016_MAG016_MAG016_74_58,1.400794583,EX01,MAG016
MAG016_MAG016_MAG016_74_59,41.43684521,EX01,MAG016
MAG016_MAG016_MAG016_74_6,1.339563891,EX01,MAG016
MAG016_MAG016_MAG016_74_60,0.0,EX01,MAG016
MAG016_MAG016_MAG016_74_61,0.773843917,EX01,MAG016
MAG016_MAG016_MAG016_74_62,6.697423762,EX01,MAG016
MAG016_MAG016_MAG016_74_63,5.644033871,EX01,MAG016
MAG016_MAG016_MAG016_74_64,11.1812735,EX01,MAG016
MAG016_MAG016_MAG016_74_65,3.038652552,EX01,MAG016
MAG016_MAG016_MAG016_74_66,1.547552947,EX01,MAG016
MAG016_MAG016_MAG016_74_67,14.48879808,EX01,MAG016
MAG016_MAG016_MAG016_74_68,4.534293923,EX01,MAG016
MAG016_MAG016_MAG016_74_69,4.090780938,EX01,MAG016
MAG016_MAG016_MAG016_74_7,27.87739431,EX01,MAG016
MAG016_MAG016_MAG016_74_70,1.553014765,EX01,MAG016
MAG016_MAG016_MAG016_74_71,2.190587119,EX01,MAG016
MAG016_MAG016_MAG016_74_72,2.788086549,EX01,MAG016
MAG016_MAG016_MAG016_74_73,8.467760009,EX01,MAG016
MAG016_MAG016_MAG016_74_74,3.839793533,EX01,MAG016
MAG016_MAG016_MAG016_74_75,0.202241887,EX01,MAG016
MAG016_MAG016_MAG016_74_76,2.305143798,EX01,MAG016
MAG016_MAG016_MAG016_74_77,3.386694833,EX01,MAG016
MAG016_MAG016_MAG016_74_78,11.26000694,EX01,MAG016
MAG016_MAG016_MAG016_74_79,0.708206702,EX01,MAG016
MAG016_MAG016_MAG016_74_8,0.0,EX01,MAG016
MAG016_MAG016_MAG016_74_80,8.686796061,EX01,MAG016
MAG016_MAG016_MAG016_74_81,5.292456324,EX01,MAG016
MAG016_MAG016_MAG016_74_82,0.825361142,EX01,MAG016
MAG016_MAG016_MAG016_74_83,0.617631985,EX01,MAG016
MAG016_MAG016_MAG016_74_84,0.724744286,EX01,MAG016
MAG016_MAG016_MAG016_74_85,3.074503288,EX01,MAG016
MAG016_MAG016_MAG016_74_86,14.87094248,EX01,MAG016
MAG016_MAG016_MAG016_74_87,5.354017849,EX01,MAG016
MAG016_MAG016_MAG016_74_88,0.613932377,EX01,MAG016
MAG016_MAG016_MAG016_74_89,4.075040074,EX01,MAG016
MAG016_MAG016_MAG016_74_9,0.0,EX01,MAG016
MAG016_MAG016_MAG016_74_90,0.529652725,EX01,MAG016
MAG016_MAG016_MAG016_74_91,0.704938132,EX01,MAG016
MAG016_MAG016_MAG016_74_92,14.83385632,EX01,MAG016
MAG016_MAG016_MAG016_74_93,8.18668709,EX01,MAG016
MAG016_MAG016_MAG016_74_94,3.697547215,EX01,MAG016
MAG016_MAG016_MAG016_75_1,0.0,EX01,MAG016
MAG016_MAG016_MAG016_75_10,1.0073372,EX01,MAG016
MAG016_MAG016_MAG016_75_11,0.0,EX01,MAG016
MAG016_MAG016_MAG016_75_12,0.538543311,EX01,MAG016
MAG016_MAG016_MAG016_75_13,0.0,EX01,MAG016
MAG016_MAG016_MAG016_75_14,0.195241473,EX01,MAG016
MAG016_MAG016_MAG016_75_15,0.611630672,EX01,MAG016
MAG016_MAG016_MAG016_75_16,1.110675012,EX01,MAG016
MAG016_MAG016_MAG016_75_17,6.93993928,EX01,MAG016
MAG016_MAG016_MAG016_75_18,0.0,EX01,MAG016
MAG016_MAG016_MAG016_75_19,0.0,EX01,MAG016
MAG016_MAG016_MAG016_75_2,1.36852515,EX01,MAG016
MAG016_MAG016_MAG016_75_20,8.556496285,EX01,MAG016
MAG016_MAG016_MAG016_75_21,26.62099353,EX01,MAG016
MAG016_MAG016_MAG016_75_22,1.007545285,EX01,MAG016
MAG016_MAG016_MAG016_75_23,1.519402684,EX01,MAG016
MAG016_MAG016_MAG016_75_24,18.02125752,EX01,MAG016
MAG016_MAG016_MAG016_75_25,0.0,EX01,MAG016
MAG016_MAG016_MAG016_75_26,0.663862285,EX01,MAG016
MAG016_MAG016_MAG016_75_27,1.33550908,EX01,MAG016
MAG016_MAG016_MAG016_75_28,0.334557878,EX01,MAG016
MAG016_MAG016_MAG016_75_29,0.0,EX01,MAG016
MAG016_MAG016_MAG016_75_3,0.0,EX01,MAG016
MAG016_MAG016_MAG016_75_30,0.0,EX01,MAG016
MAG016_MAG016_MAG016_75_31,0.762829823,EX01,MAG016
MAG016_MAG016_MAG016_75_32,0.255638541,EX01,MAG016
MAG016_MAG016_MAG016_75_33,0.241501108,EX01,MAG016
MAG016_MAG016_MAG016_75_34,1.054715817,EX01,MAG016
MAG016_MAG016_MAG016_75_35,0.350830126,EX01,MAG016
MAG016_MAG016_MAG016_75_4,0.0,EX01,MAG016
MAG016_MAG016_MAG016_75_5,0.0,EX01,MAG016
MAG016_MAG016_MAG016_75_6,0.0,EX01,MAG016
MAG016_MAG016_MAG016_75_7,0.0,EX01,MAG016
MAG016_MAG016_MAG016_75_8,0.0,EX01,MAG016
MAG016_MAG016_MAG016_75_9,2.531011787,EX01,MAG016
MAG016_MAG016_MAG016_76_1,0.0,EX01,MAG016
MAG016_MAG016_MAG016_76_10,1.358892377,EX01,MAG016
MAG016_MAG016_MAG016_76_11,1.25631296,EX01,MAG016
MAG016_MAG016_MAG016_76_12,1.790390369,EX01,MAG016
MAG016_MAG016_MAG016_76_13,4.07345303,EX01,MAG016
MAG016_MAG016_MAG016_76_14,0.0,EX01,MAG016
MAG016_MAG016_MAG016_76_15,3.017533561,EX01,MAG016
MAG016_MAG016_MAG016_76_16,2.620693543,EX01,MAG016
MAG016_MAG016_MAG016_76_17,1.451163959,EX01,MAG016
MAG016_MAG016_MAG016_76_18,0.0,EX01,MAG016
MAG016_MAG016_MAG016_76_19,0.0,EX01,MAG016
MAG016_MAG016_MAG016_76_2,0.0,EX01,MAG016
MAG016_MAG016_MAG016_76_20,0.0,EX01,MAG016
MAG016_MAG016_MAG016_76_21,1.054510465,EX01,MAG016
MAG016_MAG016_MAG016_76_22,1.281413676,EX01,MAG016
MAG016_MAG016_MAG016_76_23,0.0,EX01,MAG016
MAG016_MAG016_MAG016_76_24,0.733264896,EX01,MAG016
MAG016_MAG016_MAG016_76_25,26.76069967,EX01,MAG016
MAG016_MAG016_MAG016_76_26,1.710895147,EX01,MAG016
MAG016_MAG016_MAG016_76_27,1.544208042,EX01,MAG016
MAG016_MAG016_MAG016_76_28,0.0,EX01,MAG016
MAG016_MAG016_MAG016_76_29,67.18461725,EX01,MAG016
MAG016_MAG016_MAG016_76_3,0.0,EX01,MAG016
MAG016_MAG016_MAG016_76_30,0.0,EX01,MAG016
MAG016_MAG016_MAG016_76_31,0.0,EX01,MAG016
MAG016_MAG016_MAG016_76_32,0.773901893,EX01,MAG016
MAG016_MAG016_MAG016_76_33,0.426256605,EX01,MAG016
MAG016_MAG016_MAG016_76_34,0.783293433,EX01,MAG016
MAG016_MAG016_MAG016_76_35,2.793833467,EX01,MAG016
MAG016_MAG016_MAG016_76_36,0.0,EX01,MAG016
MAG016_MAG016_MAG016_76_37,0.0,EX01,MAG016
MAG016_MAG016_MAG016_76_38,0.753277453,EX01,MAG016
MAG016_MAG016_MAG016_76_39,0.0,EX01,MAG016
MAG016_MAG016_MAG016_76_4,0.0,EX01,MAG016
MAG016_MAG016_MAG016_76_40,0.0,EX01,MAG016
MAG016_MAG016_MAG016_76_41,271.770739,EX01,MAG016
MAG016_MAG016_MAG016_76_42,0.0,EX01,MAG016
MAG016_MAG016_MAG016_76_43,11.19472516,EX01,MAG016
MAG016_MAG016_MAG016_76_44,0.0,EX01,MAG016
MAG016_MAG016_MAG016_76_45,6.444067727,EX01,MAG016
MAG016_MAG016_MAG016_76_46,4.206001562,EX01,MAG016
MAG016_MAG016_MAG016_76_47,1.573324535,EX01,MAG016
MAG016_MAG016_MAG016_76_48,0.845801933,EX01,MAG016
MAG016_MAG016_MAG016_76_49,0.0,EX01,MAG016
MAG016_MAG016_MAG016_76_5,0.009088447,EX01,MAG016
MAG016_MAG016_MAG016_76_50,0.191950726,EX01,MAG016
MAG016_MAG016_MAG016_76_51,140.7637383,EX01,MAG016
MAG016_MAG016_MAG016_76_52,0.909992714,EX01,MAG016
MAG016_MAG016_MAG016_76_53,0.0,EX01,MAG016
MAG016_MAG016_MAG016_76_54,0.621349812,EX01,MAG016
MAG016_MAG016_MAG016_76_55,1.628743528,EX01,MAG016
MAG016_MAG016_MAG016_76_56,12.15965273,EX01,MAG016
MAG016_MAG016_MAG016_76_57,0.423125471,EX01,MAG016
MAG016_MAG016_MAG016_76_58,0.0,EX01,MAG016
MAG016_MAG016_MAG016_76_59,0.0,EX01,MAG016
MAG016_MAG016_MAG016_76_6,1.686155201,EX01,MAG016
MAG016_MAG016_MAG016_76_60,0.0,EX01,MAG016
MAG016_MAG016_MAG016_76_61,4.390713502,EX01,MAG016
MAG016_MAG016_MAG016_76_62,6.617622233,EX01,MAG016
MAG016_MAG016_MAG016_76_63,0.87771706,EX01,MAG016
MAG016_MAG016_MAG016_76_64,0.559426263,EX01,MAG016
MAG016_MAG016_MAG016_76_65,4.021094505,EX01,MAG016
MAG016_MAG016_MAG016_76_66,3.029179252,EX01,MAG016
MAG016_MAG016_MAG016_76_67,0.253255699,EX01,MAG016
MAG016_MAG016_MAG016_76_68,14.46326569,EX01,MAG016
MAG016_MAG016_MAG016_76_69,4.936212637,EX01,MAG016
MAG016_MAG016_MAG016_76_7,0.0,EX01,MAG016
MAG016_MAG016_MAG016_76_70,69.14884888,EX01,MAG016
MAG016_MAG016_MAG016_76_71,0.0,EX01,MAG016
MAG016_MAG016_MAG016_76_72,0.0,EX01,MAG016
MAG016_MAG016_MAG016_76_73,2.041172428,EX01,MAG016
MAG016_MAG016_MAG016_76_74,2.35571382,EX01,MAG016
MAG016_MAG016_MAG016_76_75,0.0,EX01,MAG016
MAG016_MAG016_MAG016_76_76,2.00049497,EX01,MAG016
MAG016_MAG016_MAG016_76_77,0.793828979,EX01,MAG016
MAG016_MAG016_MAG016_76_78,1.0046248,EX01,MAG016
MAG016_MAG016_MAG016_76_79,1.679116591,EX01,MAG016
MAG016_MAG016_MAG016_76_8,0.0,EX01,MAG016
MAG016_MAG016_MAG016_76_80,0.0,EX01,MAG016
MAG016_MAG016_MAG016_76_81,0.0,EX01,MAG016
MAG016_MAG016_MAG016_76_82,0.403992924,EX01,MAG016
MAG016_MAG016_MAG016_76_83,0.202288788,EX01,MAG016
MAG016_MAG016_MAG016_76_84,0.09250934,EX01,MAG016
MAG016_MAG016_MAG016_76_85,0.027769065,EX01,MAG016
MAG016_MAG016_MAG016_76_9,0.0,EX01,MAG016
MAG016_MAG016_MAG016_77_1,1.221652298,EX01,MAG016
MAG016_MAG016_MAG016_77_10,1.116587518,EX01,MAG016
MAG016_MAG016_MAG016_77_11,0.0,EX01,MAG016
MAG016_MAG016_MAG016_77_12,0.167178857,EX01,MAG016
MAG016_MAG016_MAG016_77_13,0.0,EX01,MAG016
MAG016_MAG016_MAG016_77_14,0.0,EX01,MAG016
MAG016_MAG016_MAG016_77_15,2.504749106,EX01,MAG016
MAG016_MAG016_MAG016_77_16,0.0,EX01,MAG016
MAG016_MAG016_MAG016_77_17,2.170462424,EX01,MAG016
MAG016_MAG016_MAG016_77_18,0.0,EX01,MAG016
MAG016_MAG016_MAG016_77_19,0.0,EX01,MAG016
MAG016_MAG016_MAG016_77_2,0.703688989,EX01,MAG016
MAG016_MAG016_MAG016_77_20,0.0,EX01,MAG016
MAG016_MAG016_MAG016_77_21,0.0,EX01,MAG016
MAG016_MAG016_MAG016_77_22,0.009548134,EX01,MAG016
MAG016_MAG016_MAG016_77_23,0.016672968,EX01,MAG016
MAG016_MAG016_MAG016_77_24,0.574146475,EX01,MAG016
MAG016_MAG016_MAG016_77_25,2.064374062,EX01,MAG016
MAG016_MAG016_MAG016_77_26,5.823334825,EX01,MAG016
MAG016_MAG016_MAG016_77_27,0.0,EX01,MAG016
MAG016_MAG016_MAG016_77_28,5.71826605,EX01,MAG016
MAG016_MAG016_MAG016_77_29,0.376803442,EX01,MAG016
MAG016_MAG016_MAG016_77_3,0.0,EX01,MAG016
MAG016_MAG016_MAG016_77_30,1.027684067,EX01,MAG016
MAG016_MAG016_MAG016_77_31,0.0,EX01,MAG016
MAG016_MAG016_MAG016_77_32,0.0,EX01,MAG016
MAG016_MAG016_MAG016_77_33,0.0,EX01,MAG016
MAG016_MAG016_MAG016_77_34,0.858243827,EX01,MAG016
MAG016_MAG016_MAG016_77_35,3.452261731,EX01,MAG016
MAG016_MAG016_MAG016_77_36,0.875075887,EX01,MAG016
MAG016_MAG016_MAG016_77_37,4.025569058,EX01,MAG016
MAG016_MAG016_MAG016_77_38,0.911809115,EX01,MAG016
MAG016_MAG016_MAG016_77_39,9.55327163,EX01,MAG016
MAG016_MAG016_MAG016_77_4,0.0,EX01,MAG016
MAG016_MAG016_MAG016_77_40,0.0,EX01,MAG016
MAG016_MAG016_MAG016_77_41,0.0,EX01,MAG016
MAG016_MAG016_MAG016_77_42,0.0,EX01,MAG016
MAG016_MAG016_MAG016_77_43,7.307619784,EX01,MAG016
MAG016_MAG016_MAG016_77_44,1.379757076,EX01,MAG016
MAG016_MAG016_MAG016_77_45,0.668140104,EX01,MAG016
MAG016_MAG016_MAG016_77_46,0.0,EX01,MAG016
MAG016_MAG016_MAG016_77_47,0.0,EX01,MAG016
MAG016_MAG016_MAG016_77_48,0.0,EX01,MAG016
MAG016_MAG016_MAG016_77_49,0.0,EX01,MAG016
MAG016_MAG016_MAG016_77_5,3.172649095,EX01,MAG016
MAG016_MAG016_MAG016_77_50,0.0,EX01,MAG016
MAG016_MAG016_MAG016_77_51,0.38771834,EX01,MAG016
MAG016_MAG016_MAG016_77_52,2.543609332,EX01,MAG016
MAG016_MAG016_MAG016_77_53,0.0,EX01,MAG016
MAG016_MAG016_MAG016_77_54,0.0,EX01,MAG016
MAG016_MAG016_MAG016_77_55,3.018574433,EX01,MAG016
MAG016_MAG016_MAG016_77_56,3.480087734,EX01,MAG016
MAG016_MAG016_MAG016_77_57,4.112597275,EX01,MAG016
MAG016_MAG016_MAG016_77_58,0.0,EX01,MAG016
MAG016_MAG016_MAG016_77_59,3.718477428,EX01,MAG016
MAG016_MAG016_MAG016_77_6,2.097406936,EX01,MAG016
MAG016_MAG016_MAG016_77_60,0.969961874,EX01,MAG016
MAG016_MAG016_MAG016_77_61,1.448311689,EX01,MAG016
MAG016_MAG016_MAG016_77_62,0.0,EX01,MAG016
MAG016_MAG016_MAG016_77_63,0.0,EX01,MAG016
MAG016_MAG016_MAG016_77_64,0.0,EX01,MAG016
MAG016_MAG016_MAG016_77_65,0.0,EX01,MAG016
MAG016_MAG016_MAG016_77_66,0.0,EX01,MAG016
MAG016_MAG016_MAG016_77_67,1.050092278,EX01,MAG016
MAG016_MAG016_MAG016_77_68,0.0,EX01,MAG016
MAG016_MAG016_MAG016_77_69,0.0,EX01,MAG016
MAG016_MAG016_MAG016_77_7,0.0,EX01,MAG016
MAG016_MAG016_MAG016_77_70,0.0,EX01,MAG016
MAG016_MAG016_MAG016_77_71,7.038420461,EX01,MAG016
MAG016_MAG016_MAG016_77_72,1.211945878,EX01,MAG016
MAG016_MAG016_MAG016_77_73,0.0,EX01,MAG016
MAG016_MAG016_MAG016_77_74,1.402950065,EX01,MAG016
MAG016_MAG016_MAG016_77_75,0.0,EX01,MAG016
MAG016_MAG016_MAG016_77_76,0.0,EX01,MAG016
MAG016_MAG016_MAG016_77_77,0.0,EX01,MAG016
MAG016_MAG016_MAG016_77_78,1.722647723,EX01,MAG016
MAG016_MAG016_MAG016_77_79,0.0,EX01,MAG016
MAG016_MAG016_MAG016_77_8,0.0,EX01,MAG016
MAG016_MAG016_MAG016_77_80,0.0,EX01,MAG016
MAG016_MAG016_MAG016_77_81,0.0,EX01,MAG016
MAG016_MAG016_MAG016_77_9,12.45706949,EX01,MAG016
MAG016_MAG016_MAG016_78_1,0.014591607,EX01,MAG016
MAG016_MAG016_MAG016_78_10,1.356335361,EX01,MAG016
MAG016_MAG016_MAG016_78_100,0.0,EX01,MAG016
MAG016_MAG016_MAG016_78_101,0.622114889,EX01,MAG016
MAG016_MAG016_MAG016_78_102,4.726517018,EX01,MAG016
MAG016_MAG016_MAG016_78_103,0.061103341,EX01,MAG016
MAG016_MAG016_MAG016_78_104,0.0,EX01,MAG016
MAG016_MAG016_MAG016_78_105,2.037192604,EX01,MAG016
MAG016_MAG016_MAG016_78_11,0.0,EX01,MAG016
MAG016_MAG016_MAG016_78_12,0.719173131,EX01,MAG016
MAG016_MAG016_MAG016_78_13,2.888506819,EX01,MAG016
MAG016_MAG016_MAG016_78_14,0.521280798,EX01,MAG016
MAG016_MAG016_MAG016_78_15,0.515918636,EX01,MAG016
MAG016_MAG016_MAG016_78_16,1.315614666,EX01,MAG016
MAG016_MAG016_MAG016_78_17,4.976936134,EX01,MAG016
MAG016_MAG016_MAG016_78_18,0.0,EX01,MAG016
MAG016_MAG016_MAG016_78_19,1.987368688,EX01,MAG016
MAG016_MAG016_MAG016_78_2,0.0,EX01,MAG016
MAG016_MAG016_MAG016_78_20,0.028931682,EX01,MAG016
MAG016_MAG016_MAG016_78_21,1.350286478,EX01,MAG016
MAG016_MAG016_MAG016_78_22,0.0,EX01,MAG016
MAG016_MAG016_MAG016_78_23,45.42352652,EX01,MAG016
MAG016_MAG016_MAG016_78_24,37.30759783,EX01,MAG016
MAG016_MAG016_MAG016_78_25,5.398622093,EX01,MAG016
MAG016_MAG016_MAG016_78_26,0.0,EX01,MAG016
MAG016_MAG016_MAG016_78_27,0.405636139,EX01,MAG016
MAG016_MAG016_MAG016_78_28,0.699358271,EX01,MAG016
MAG016_MAG016_MAG016_78_29,1.559753926,EX01,MAG016
MAG016_MAG016_MAG016_78_3,0.0,EX01,MAG016
MAG016_MAG016_MAG016_78_30,2.233794611,EX01,MAG016
MAG016_MAG016_MAG016_78_31,1.18603139,EX01,MAG016
MAG016_MAG016_MAG016_78_32,0.0,EX01,MAG016
MAG016_MAG016_MAG016_78_33,1.531276832,EX01,MAG016
MAG016_MAG016_MAG016_78_34,3.058864865,EX01,MAG016
MAG016_MAG016_MAG016_78_35,2.749608938,EX01,MAG016
MAG016_MAG016_MAG016_78_36,0.870380374,EX01,MAG016
MAG016_MAG016_MAG016_78_37,2.882987807,EX01,MAG016
MAG016_MAG016_MAG016_78_38,2.360357457,EX01,MAG016
MAG016_MAG016_MAG016_78_39,6.800395759,EX01,MAG016
MAG016_MAG016_MAG016_78_4,2.378706427,EX01,MAG016
MAG016_MAG016_MAG016_78_40,0.211505935,EX01,MAG016
MAG016_MAG016_MAG016_78_41,0.0,EX01,MAG016
MAG016_MAG016_MAG016_78_42,0.0,EX01,MAG016
MAG016_MAG016_MAG016_78_43,0.383378824,EX01,MAG016
MAG016_MAG016_MAG016_78_44,0.039895946,EX01,MAG016
MAG016_MAG016_MAG016_78_45,0.944267249,EX01,MAG016
MAG016_MAG016_MAG016_78_46,1.297259842,EX01,MAG016
MAG016_MAG016_MAG016_78_47,0.021803378,EX01,MAG016
MAG016_MAG016_MAG016_78_48,0.0,EX01,MAG016
MAG016_MAG016_MAG016_78_49,0.0,EX01,MAG016
MAG016_MAG016_MAG016_78_5,5.557257817,EX01,MAG016
MAG016_MAG016_MAG016_78_50,0.432231145,EX01,MAG016
MAG016_MAG016_MAG016_78_51,0.044747966,EX01,MAG016
MAG016_MAG016_MAG016_78_52,0.0,EX01,MAG016
MAG016_MAG016_MAG016_78_53,0.0,EX01,MAG016
MAG016_MAG016_MAG016_78_54,0.381388923,EX01,MAG016
MAG016_MAG016_MAG016_78_55,0.0,EX01,MAG016
MAG016_MAG016_MAG016_78_56,7.954966505,EX01,MAG016
MAG016_MAG016_MAG016_78_57,3.296163853,EX01,MAG016
MAG016_MAG016_MAG016_78_58,0.917849976,EX01,MAG016
MAG016_MAG016_MAG016_78_59,2.205135058,EX01,MAG016
MAG016_MAG016_MAG016_78_6,11.59928694,EX01,MAG016
MAG016_MAG016_MAG016_78_60,2.117443812,EX01,MAG016
MAG016_MAG016_MAG016_78_61,19.74068866,EX01,MAG016
MAG016_MAG016_MAG016_78_62,0.0,EX01,MAG016
MAG016_MAG016_MAG016_78_63,76.05561303,EX01,MAG016
MAG016_MAG016_MAG016_78_64,0.011226971,EX01,MAG016
MAG016_MAG016_MAG016_78_65,2.592924237,EX01,MAG016
MAG016_MAG016_MAG016_78_66,0.0,EX01,MAG016
MAG016_MAG016_MAG016_78_67,4.621940686,EX01,MAG016
MAG016_MAG016_MAG016_78_68,0.55999588,EX01,MAG016
MAG016_MAG016_MAG016_78_69,0.674548387,EX01,MAG016
MAG016_MAG016_MAG016_78_7,1.057010382,EX01,MAG016
MAG016_MAG016_MAG016_78_70,2.554909412,EX01,MAG016
MAG016_MAG016_MAG016_78_71,1.460585045,EX01,MAG016
MAG016_MAG016_MAG016_78_72,1.621313633,EX01,MAG016
MAG016_MAG016_MAG016_78_73,2.121773356,EX01,MAG016
MAG016_MAG016_MAG016_78_74,0.0,EX01,MAG016
MAG016_MAG016_MAG016_78_75,5.457663865,EX01,MAG016
MAG016_MAG016_MAG016_78_76,3.459127373,EX01,MAG016
MAG016_MAG016_MAG016_78_77,6.540812558,EX01,MAG016
MAG016_MAG016_MAG016_78_78,4.035614464,EX01,MAG016
MAG016_MAG016_MAG016_78_79,0.424292759,EX01,MAG016
MAG016_MAG016_MAG016_78_8,0.2013889,EX01,MAG016
MAG016_MAG016_MAG016_78_80,3.636177957,EX01,MAG016
MAG016_MAG016_MAG016_78_81,0.0,EX01,MAG016
MAG016_MAG016_MAG016_78_82,0.0,EX01,MAG016
MAG016_MAG016_MAG016_78_83,0.035838551,EX01,MAG016
MAG016_MAG016_MAG016_78_84,3.453333979,EX01,MAG016
MAG016_MAG016_MAG016_78_85,26.84384588,EX01,MAG016
MAG016_MAG016_MAG016_78_86,0.0,EX01,MAG016
MAG016_MAG016_MAG016_78_87,22.58331072,EX01,MAG016
MAG016_MAG016_MAG016_78_88,62.036533,EX01,MAG016
MAG016_MAG016_MAG016_78_89,0.0,EX01,MAG016
MAG016_MAG016_MAG016_78_9,0.0,EX01,MAG016
MAG016_MAG016_MAG016_78_90,7.135820212,EX01,MAG016
MAG016_MAG016_MAG016_78_91,0.878124331,EX01,MAG016
MAG016_MAG016_MAG016_78_92,7.229533496,EX01,MAG016
MAG016_MAG016_MAG016_78_93,0.270143549,EX01,MAG016
MAG016_MAG016_MAG016_78_94,2.479149876,EX01,MAG016
MAG016_MAG016_MAG016_78_95,1.509767629,EX01,MAG016
MAG016_MAG016_MAG016_78_96,0.302900278,EX01,MAG016
MAG016_MAG016_MAG016_78_97,0.0,EX01,MAG016
MAG016_MAG016_MAG016_78_98,2.558680433,EX01,MAG016
MAG016_MAG016_MAG016_78_99,0.994054036,EX01,MAG016
MAG016_MAG016_MAG016_79_1,2.636013608,EX01,MAG016
MAG016_MAG016_MAG016_79_10,0.0,EX01,MAG016
MAG016_MAG016_MAG016_79_11,0.0,EX01,MAG016
MAG016_MAG016_MAG016_79_12,0.511550302,EX01,MAG016
MAG016_MAG016_MAG016_79_13,0.0054346,EX01,MAG016
MAG016_MAG016_MAG016_79_14,0.273380096,EX01,MAG016
MAG016_MAG016_MAG016_79_15,0.558016739,EX01,MAG016
MAG016_MAG016_MAG016_79_16,0.576044017,EX01,MAG016
MAG016_MAG016_MAG016_79_17,1.508016247,EX01,MAG016
MAG016_MAG016_MAG016_79_18,0.745636787,EX01,MAG016
MAG016_MAG016_MAG016_79_19,0.557324533,EX01,MAG016
MAG016_MAG016_MAG016_79_2,0.0,EX01,MAG016
MAG016_MAG016_MAG016_79_20,0.014736798,EX01,MAG016
MAG016_MAG016_MAG016_79_21,0.006769176,EX01,MAG016
MAG016_MAG016_MAG016_79_22,0.788771388,EX01,MAG016
MAG016_MAG016_MAG016_79_23,0.157256298,EX01,MAG016
MAG016_MAG016_MAG016_79_24,0.686657813,EX01,MAG016
MAG016_MAG016_MAG016_79_25,0.0,EX01,MAG016
MAG016_MAG016_MAG016_79_26,2.721462642,EX01,MAG016
MAG016_MAG016_MAG016_79_27,0.0,EX01,MAG016
MAG016_MAG016_MAG016_79_28,8.287098627,EX01,MAG016
MAG016_MAG016_MAG016_79_29,320.0393041,EX01,MAG016
MAG016_MAG016_MAG016_79_3,0.724341654,EX01,MAG016
MAG016_MAG016_MAG016_79_30,0.604110296,EX01,MAG016
MAG016_MAG016_MAG016_79_31,0.773482964,EX01,MAG016
MAG016_MAG016_MAG016_79_32,0.124129451,EX01,MAG016
MAG016_MAG016_MAG016_79_33,1.351754962,EX01,MAG016
MAG016_MAG016_MAG016_79_34,17.13443019,EX01,MAG016
MAG016_MAG016_MAG016_79_35,10.90338711,EX01,MAG016
MAG016_MAG016_MAG016_79_36,0.0,EX01,MAG016
MAG016_MAG016_MAG016_79_37,0.0,EX01,MAG016
MAG016_MAG016_MAG016_79_38,2.117533627,EX01,MAG016
MAG016_MAG016_MAG016_79_39,1.338671995,EX01,MAG016
MAG016_MAG016_MAG016_79_4,2.399578936,EX01,MAG016
MAG016_MAG016_MAG016_79_40,1.171990325,EX01,MAG016
MAG016_MAG016_MAG016_79_41,21.3608364,EX01,MAG016
MAG016_MAG016_MAG016_79_42,0.0,EX01,MAG016
MAG016_MAG016_MAG016_79_43,0.90699827,EX01,MAG016
MAG016_MAG016_MAG016_79_44,0.0,EX01,MAG016
MAG016_MAG016_MAG016_79_45,8.237378555,EX01,MAG016
MAG016_MAG016_MAG016_79_46,64.42355136,EX01,MAG016
MAG016_MAG016_MAG016_79_47,0.472859868,EX01,MAG016
MAG016_MAG016_MAG016_79_48,0.0,EX01,MAG016
MAG016_MAG016_MAG016_79_49,0.309810722,EX01,MAG016
MAG016_MAG016_MAG016_79_5,3.999668518,EX01,MAG016
MAG016_MAG016_MAG016_79_50,0.0,EX01,MAG016
MAG016_MAG016_MAG016_79_51,0.0,EX01,MAG016
MAG016_MAG016_MAG016_79_52,0.0,EX01,MAG016
MAG016_MAG016_MAG016_79_53,0.003107139,EX01,MAG016
MAG016_MAG016_MAG016_79_54,0.0,EX01,MAG016
MAG016_MAG016_MAG016_79_55,0.578181444,EX01,MAG016
MAG016_MAG016_MAG016_79_56,0.838331381,EX01,MAG016
MAG016_MAG016_MAG016_79_57,2.740582119,EX01,MAG016
MAG016_MAG016_MAG016_79_58,0.401860321,EX01,MAG016
MAG016_MAG016_MAG016_79_59,1.020751161,EX01,MAG016
MAG016_MAG016_MAG016_79_6,0.700830287,EX01,MAG016
MAG016_MAG016_MAG016_79_60,0.0,EX01,MAG016
MAG016_MAG016_MAG016_79_61,0.0,EX01,MAG016
MAG016_MAG016_MAG016_79_62,0.0,EX01,MAG016
MAG016_MAG016_MAG016_79_63,0.018368358,EX01,MAG016
MAG016_MAG016_MAG016_79_7,0.447298108,EX01,MAG016
MAG016_MAG016_MAG016_79_8,13.01957209,EX01,MAG016
MAG016_MAG016_MAG016_79_9,0.0,EX01,MAG016
MAG016_MAG016_MAG016_7_1,0.0,EX01,MAG016
MAG016_MAG016_MAG016_7_10,0.0,EX01,MAG016
MAG016_MAG016_MAG016_7_11,0.257699053,EX01,MAG016
MAG016_MAG016_MAG016_7_12,0.0,EX01,MAG016
MAG016_MAG016_MAG016_7_13,0.0,EX01,MAG016
MAG016_MAG016_MAG016_7_14,0.0,EX01,MAG016
MAG016_MAG016_MAG016_7_15,0.0,EX01,MAG016
MAG016_MAG016_MAG016_7_16,0.0,EX01,MAG016
MAG016_MAG016_MAG016_7_17,0.0,EX01,MAG016
MAG016_MAG016_MAG016_7_2,0.0,EX01,MAG016
MAG016_MAG016_MAG016_7_3,4.024432522,EX01,MAG016
MAG016_MAG016_MAG016_7_4,0.445625624,EX01,MAG016
MAG016_MAG016_MAG016_7_5,0.0,EX01,MAG016
MAG016_MAG016_MAG016_7_6,3.038240504,EX01,MAG016
MAG016_MAG016_MAG016_7_7,4.045860557,EX01,MAG016
MAG016_MAG016_MAG016_7_8,0.0,EX01,MAG016
MAG016_MAG016_MAG016_7_9,0.201977321,EX01,MAG016
MAG016_MAG016_MAG016_8_1,3.052453919,EX01,MAG016
MAG016_MAG016_MAG016_8_10,2.049030725,EX01,MAG016
MAG016_MAG016_MAG016_8_100,1.291065495,EX01,MAG016
MAG016_MAG016_MAG016_8_101,0.187708565,EX01,MAG016
MAG016_MAG016_MAG016_8_102,0.0,EX01,MAG016
MAG016_MAG016_MAG016_8_11,0.0,EX01,MAG016
MAG016_MAG016_MAG016_8_12,2.761788235,EX01,MAG016
MAG016_MAG016_MAG016_8_13,4.613086651,EX01,MAG016
MAG016_MAG016_MAG016_8_14,0.0,EX01,MAG016
MAG016_MAG016_MAG016_8_15,0.035030251,EX01,MAG016
MAG016_MAG016_MAG016_8_16,0.441132698,EX01,MAG016
MAG016_MAG016_MAG016_8_17,0.0,EX01,MAG016
MAG016_MAG016_MAG016_8_18,0.0,EX01,MAG016
MAG016_MAG016_MAG016_8_19,0.23346334,EX01,MAG016
MAG016_MAG016_MAG016_8_2,0.0,EX01,MAG016
MAG016_MAG016_MAG016_8_20,0.136560253,EX01,MAG016
MAG016_MAG016_MAG016_8_21,4.724818254,EX01,MAG016
MAG016_MAG016_MAG016_8_22,2.051230138,EX01,MAG016
MAG016_MAG016_MAG016_8_23,1.521038477,EX01,MAG016
MAG016_MAG016_MAG016_8_24,0.775369208,EX01,MAG016
MAG016_MAG016_MAG016_8_25,0.0,EX01,MAG016
MAG016_MAG016_MAG016_8_26,15.58603522,EX01,MAG016
MAG016_MAG016_MAG016_8_27,9.170255159,EX01,MAG016
MAG016_MAG016_MAG016_8_28,2.305633678,EX01,MAG016
MAG016_MAG016_MAG016_8_29,0.417905729,EX01,MAG016
MAG016_MAG016_MAG016_8_3,0.0,EX01,MAG016
MAG016_MAG016_MAG016_8_30,4.723605868,EX01,MAG016
MAG016_MAG016_MAG016_8_31,1.98025609,EX01,MAG016
MAG016_MAG016_MAG016_8_32,1.090729775,EX01,MAG016
MAG016_MAG016_MAG016_8_33,0.853955513,EX01,MAG016
MAG016_MAG016_MAG016_8_34,1.757814259,EX01,MAG016
MAG016_MAG016_MAG016_8_35,0.125826153,EX01,MAG016
MAG016_MAG016_MAG016_8_36,0.0,EX01,MAG016
MAG016_MAG016_MAG016_8_37,5.181379292,EX01,MAG016
MAG016_MAG016_MAG016_8_38,5.222460066,EX01,MAG016
MAG016_MAG016_MAG016_8_39,2.985909961,EX01,MAG016
MAG016_MAG016_MAG016_8_4,1.179064191,EX01,MAG016
MAG016_MAG016_MAG016_8_40,2.243539407,EX01,MAG016
MAG016_MAG016_MAG016_8_41,8.780385419,EX01,MAG016
MAG016_MAG016_MAG016_8_42,4.11219275,EX01,MAG016
MAG016_MAG016_MAG016_8_43,0.0,EX01,MAG016
MAG016_MAG016_MAG016_8_44,0.364564654,EX01,MAG016
MAG016_MAG016_MAG016_8_45,0.059742251,EX01,MAG016
MAG016_MAG016_MAG016_8_46,0.002187003,EX01,MAG016
MAG016_MAG016_MAG016_8_47,0.0,EX01,MAG016
MAG016_MAG016_MAG016_8_48,0.550690983,EX01,MAG016
MAG016_MAG016_MAG016_8_49,0.597350672,EX01,MAG016
MAG016_MAG016_MAG016_8_5,1.527765983,EX01,MAG016
MAG016_MAG016_MAG016_8_50,0.0,EX01,MAG016
MAG016_MAG016_MAG016_8_51,1.922274508,EX01,MAG016
MAG016_MAG016_MAG016_8_52,0.970129793,EX01,MAG016
MAG016_MAG016_MAG016_8_53,1.017356194,EX01,MAG016
MAG016_MAG016_MAG016_8_54,3.475640989,EX01,MAG016
MAG016_MAG016_MAG016_8_55,5.868121618,EX01,MAG016
MAG016_MAG016_MAG016_8_56,2.449680039,EX01,MAG016
MAG016_MAG016_MAG016_8_57,1.398770334,EX01,MAG016
MAG016_MAG016_MAG016_8_58,2.794773085,EX01,MAG016
MAG016_MAG016_MAG016_8_59,0.0,EX01,MAG016
MAG016_MAG016_MAG016_8_6,6.228483278,EX01,MAG016
MAG016_MAG016_MAG016_8_60,30.33407701,EX01,MAG016
MAG016_MAG016_MAG016_8_61,3.707960933,EX01,MAG016
MAG016_MAG016_MAG016_8_62,1.370152251,EX01,MAG016
MAG016_MAG016_MAG016_8_63,2.619433279,EX01,MAG016
MAG016_MAG016_MAG016_8_64,10.45053968,EX01,MAG016
MAG016_MAG016_MAG016_8_65,0.840861821,EX01,MAG016
MAG016_MAG016_MAG016_8_66,0.0,EX01,MAG016
MAG016_MAG016_MAG016_8_67,0.343209334,EX01,MAG016
MAG016_MAG016_MAG016_8_68,0.0,EX01,MAG016
MAG016_MAG016_MAG016_8_69,0.0,EX01,MAG016
MAG016_MAG016_MAG016_8_7,6.689826386,EX01,MAG016
MAG016_MAG016_MAG016_8_70,2.209465522,EX01,MAG016
MAG016_MAG016_MAG016_8_71,1.281780447,EX01,MAG016
MAG016_MAG016_MAG016_8_72,1.33055744,EX01,MAG016
MAG016_MAG016_MAG016_8_73,3.076582918,EX01,MAG016
MAG016_MAG016_MAG016_8_74,2.119191856,EX01,MAG016
MAG016_MAG016_MAG016_8_75,7.062633335,EX01,MAG016
MAG016_MAG016_MAG016_8_76,0.0,EX01,MAG016
MAG016_MAG016_MAG016_8_77,0.0,EX01,MAG016
MAG016_MAG016_MAG016_8_78,0.0,EX01,MAG016
MAG016_MAG016_MAG016_8_79,0.0,EX01,MAG016
MAG016_MAG016_MAG016_8_8,6.641604147,EX01,MAG016
MAG016_MAG016_MAG016_8_80,0.0,EX01,MAG016
MAG016_MAG016_MAG016_8_81,4.197926199,EX01,MAG016
MAG016_MAG016_MAG016_8_82,0.599821107,EX01,MAG016
MAG016_MAG016_MAG016_8_83,0.377730867,EX01,MAG016
MAG016_MAG016_MAG016_8_84,1.629751858,EX01,MAG016
MAG016_MAG016_MAG016_8_85,0.953441569,EX01,MAG016
MAG016_MAG016_MAG016_8_86,1.410585918,EX01,MAG016
MAG016_MAG016_MAG016_8_87,0.0,EX01,MAG016
MAG016_MAG016_MAG016_8_88,29.29732519,EX01,MAG016
MAG016_MAG016_MAG016_8_89,1.144096765,EX01,MAG016
MAG016_MAG016_MAG016_8_9,0.832603112,EX01,MAG016
MAG016_MAG016_MAG016_8_90,3.034349239,EX01,MAG016
MAG016_MAG016_MAG016_8_91,0.0,EX01,MAG016
MAG016_MAG016_MAG016_8_92,4.540564705,EX01,MAG016
MAG016_MAG016_MAG016_8_93,2.882467238,EX01,MAG016
MAG016_MAG016_MAG016_8_94,1.050901983,EX01,MAG016
MAG016_MAG016_MAG016_8_95,2.118565333,EX01,MAG016
MAG016_MAG016_MAG016_8_96,0.0,EX01,MAG016
MAG016_MAG016_MAG016_8_97,0.0,EX01,MAG016
MAG016_MAG016_MAG016_8_98,24.18033196,EX01,MAG016
MAG016_MAG016_MAG016_8_99,2.075091013,EX01,MAG016
MAG016_MAG016_MAG016_9_1,0.0,EX01,MAG016
MAG016_MAG016_MAG016_9_10,2.574880423,EX01,MAG016
MAG016_MAG016_MAG016_9_100,2.870536989,EX01,MAG016
MAG016_MAG016_MAG016_9_101,26.36160117,EX01,MAG016
MAG016_MAG016_MAG016_9_102,2.763392585,EX01,MAG016
MAG016_MAG016_MAG016_9_103,0.0,EX01,MAG016
MAG016_MAG016_MAG016_9_104,1.22987441,EX01,MAG016
MAG016_MAG016_MAG016_9_105,0.0,EX01,MAG016
MAG016_MAG016_MAG016_9_106,0.0,EX01,MAG016
MAG016_MAG016_MAG016_9_107,0.446753854,EX01,MAG016
MAG016_MAG016_MAG016_9_108,0.0,EX01,MAG016
MAG016_MAG016_MAG016_9_109,1.044501713,EX01,MAG016
MAG016_MAG016_MAG016_9_11,4.781920647,EX01,MAG016
MAG016_MAG016_MAG016_9_110,2.06818058,EX01,MAG016
MAG016_MAG016_MAG016_9_111,6.622622868,EX01,MAG016
MAG016_MAG016_MAG016_9_112,3.125793539,EX01,MAG016
MAG016_MAG016_MAG016_9_113,1.136617076,EX01,MAG016
MAG016_MAG016_MAG016_9_114,0.0,EX01,MAG016
MAG016_MAG016_MAG016_9_115,5.968462625,EX01,MAG016
MAG016_MAG016_MAG016_9_116,1.388787515,EX01,MAG016
MAG016_MAG016_MAG016_9_117,0.0,EX01,MAG016
MAG016_MAG016_MAG016_9_118,6.755804339,EX01,MAG016
MAG016_MAG016_MAG016_9_119,2.074742107,EX01,MAG016
MAG016_MAG016_MAG016_9_12,0.0,EX01,MAG016
MAG016_MAG016_MAG016_9_120,0.687399994,EX01,MAG016
MAG016_MAG016_MAG016_9_121,0.520714449,EX01,MAG016
MAG016_MAG016_MAG016_9_122,14.86520184,EX01,MAG016
MAG016_MAG016_MAG016_9_123,35.27468393,EX01,MAG016
MAG016_MAG016_MAG016_9_124,2.044224248,EX01,MAG016
MAG016_MAG016_MAG016_9_125,0.330975651,EX01,MAG016
MAG016_MAG016_MAG016_9_126,2.27671297,EX01,MAG016
MAG016_MAG016_MAG016_9_127,0.0,EX01,MAG016
MAG016_MAG016_MAG016_9_128,1.736105827,EX01,MAG016
MAG016_MAG016_MAG016_9_129,2.709019966,EX01,MAG016
MAG016_MAG016_MAG016_9_13,0.244502017,EX01,MAG016
MAG016_MAG016_MAG016_9_130,0.756063462,EX01,MAG016
MAG016_MAG016_MAG016_9_131,0.332255461,EX01,MAG016
MAG016_MAG016_MAG016_9_132,0.0,EX01,MAG016
MAG016_MAG016_MAG016_9_133,0.0,EX01,MAG016
MAG016_MAG016_MAG016_9_134,0.385878705,EX01,MAG016
MAG016_MAG016_MAG016_9_135,0.0,EX01,MAG016
MAG016_MAG016_MAG016_9_136,0.895683178,EX01,MAG016
MAG016_MAG016_MAG016_9_137,0.774497325,EX01,MAG016
MAG016_MAG016_MAG016_9_138,0.0,EX01,MAG016
MAG016_MAG016_MAG016_9_139,2.654431579,EX01,MAG016
MAG016_MAG016_MAG016_9_14,0.116249555,EX01,MAG016
MAG016_MAG016_MAG016_9_140,2.36569711,EX01,MAG016
MAG016_MAG016_MAG016_9_141,0.885143224,EX01,MAG016
MAG016_MAG016_MAG016_9_142,2.929314379,EX01,MAG016
MAG016_MAG016_MAG016_9_143,1.492481733,EX01,MAG016
MAG016_MAG016_MAG016_9_144,0.0,EX01,MAG016
MAG016_MAG016_MAG016_9_145,0.0,EX01,MAG016
MAG016_MAG016_MAG016_9_146,2.43215241,EX01,MAG016
MAG016_MAG016_MAG016_9_147,0.44324367,EX01,MAG016
MAG016_MAG016_MAG016_9_148,3.026413338,EX01,MAG016
MAG016_MAG016_MAG016_9_149,0.0,EX01,MAG016
MAG016_MAG016_MAG016_9_15,0.062309037,EX01,MAG016
MAG016_MAG016_MAG016_9_150,11.05174721,EX01,MAG016
MAG016_MAG016_MAG016_9_151,0.0,EX01,MAG016
MAG016_MAG016_MAG016_9_152,0.003632418,EX01,MAG016
MAG016_MAG016_MAG016_9_153,0.402085755,EX01,MAG016
MAG016_MAG016_MAG016_9_154,21.46720626,EX01,MAG016
MAG016_MAG016_MAG016_9_155,1.999114601,EX01,MAG016
MAG016_MAG016_MAG016_9_156,0.0,EX01,MAG016
MAG016_MAG016_MAG016_9_157,0.820452242,EX01,MAG016
MAG016_MAG016_MAG016_9_158,0.406652145,EX01,MAG016
MAG016_MAG016_MAG016_9_159,0.462086274,EX01,MAG016
MAG016_MAG016_MAG016_9_16,0.0,EX01,MAG016
MAG016_MAG016_MAG016_9_160,0.0,EX01,MAG016
MAG016_MAG016_MAG016_9_161,0.0,EX01,MAG016
MAG016_MAG016_MAG016_9_162,0.265810227,EX01,MAG016
MAG016_MAG016_MAG016_9_163,0.422461444,EX01,MAG016
MAG016_MAG016_MAG016_9_164,0.0,EX01,MAG016
MAG016_MAG016_MAG016_9_165,0.0,EX01,MAG016
MAG016_MAG016_MAG016_9_166,15.42899705,EX01,MAG016
MAG016_MAG016_MAG016_9_167,6.616197099,EX01,MAG016
MAG016_MAG016_MAG016_9_168,0.0,EX01,MAG016
MAG016_MAG016_MAG016_9_169,43.73517287,EX01,MAG016
MAG016_MAG016_MAG016_9_17,0.01085228,EX01,MAG016
MAG016_MAG016_MAG016_9_170,40.35221375,EX01,MAG016
MAG016_MAG016_MAG016_9_171,6.437032693,EX01,MAG016
MAG016_MAG016_MAG016_9_172,4.702407494,EX01,MAG016
MAG016_MAG016_MAG016_9_173,1.845453621,EX01,MAG016
MAG016_MAG016_MAG016_9_174,29.08446399,EX01,MAG016
MAG016_MAG016_MAG016_9_175,7.780626773,EX01,MAG016
MAG016_MAG016_MAG016_9_176,0.0,EX01,MAG016
MAG016_MAG016_MAG016_9_177,1.892545193,EX01,MAG016
MAG016_MAG016_MAG016_9_178,0.0,EX01,MAG016
MAG016_MAG016_MAG016_9_179,1.818141173,EX01,MAG016
MAG016_MAG016_MAG016_9_18,12.2028411,EX01,MAG016
MAG016_MAG016_MAG016_9_180,7.963255899,EX01,MAG016
MAG016_MAG016_MAG016_9_181,0.0,EX01,MAG016
MAG016_MAG016_MAG016_9_182,1.065732679,EX01,MAG016
MAG016_MAG016_MAG016_9_183,0.0,EX01,MAG016
MAG016_MAG016_MAG016_9_184,0.006319829,EX01,MAG016
MAG016_MAG016_MAG016_9_185,0.0,EX01,MAG016
MAG016_MAG016_MAG016_9_186,2.356491418,EX01,MAG016
MAG016_MAG016_MAG016_9_187,0.0,EX01,MAG016
MAG016_MAG016_MAG016_9_188,0.0,EX01,MAG016
MAG016_MAG016_MAG016_9_189,0.0,EX01,MAG016
MAG016_MAG016_MAG016_9_19,0.0,EX01,MAG016
MAG016_MAG016_MAG016_9_190,0.0,EX01,MAG016
MAG016_MAG016_MAG016_9_191,2.781625039,EX01,MAG016
MAG016_MAG016_MAG016_9_192,0.166480263,EX01,MAG016
MAG016_MAG016_MAG016_9_193,0.0,EX01,MAG016
MAG016_MAG016_MAG016_9_194,0.0,EX01,MAG016
MAG016_MAG016_MAG016_9_195,0.0,EX01,MAG016
MAG016_MAG016_MAG016_9_196,1.286679267,EX01,MAG016
MAG016_MAG016_MAG016_9_197,1.014884924,EX01,MAG016
MAG016_MAG016_MAG016_9_198,0.0,EX01,MAG016
MAG016_MAG016_MAG016_9_199,0.87775057,EX01,MAG016
MAG016_MAG016_MAG016_9_2,0.019830636,EX01,MAG016
MAG016_MAG016_MAG016_9_20,10.12400303,EX01,MAG016
MAG016_MAG016_MAG016_9_200,0.530500722,EX01,MAG016
MAG016_MAG016_MAG016_9_201,0.568901235,EX01,MAG016
MAG016_MAG016_MAG016_9_202,0.0,EX01,MAG016
MAG016_MAG016_MAG016_9_203,0.015595678,EX01,MAG016
MAG016_MAG016_MAG016_9_204,0.0,EX01,MAG016
MAG016_MAG016_MAG016_9_205,8.034923552,EX01,MAG016
MAG016_MAG016_MAG016_9_206,0.399491921,EX01,MAG016
MAG016_MAG016_MAG016_9_207,0.100933087,EX01,MAG016
MAG016_MAG016_MAG016_9_208,3.594706513,EX01,MAG016
MAG016_MAG016_MAG016_9_209,4.71914968,EX01,MAG016
MAG016_MAG016_MAG016_9_21,1.69761185,EX01,MAG016
MAG016_MAG016_MAG016_9_210,0.013679821,EX01,MAG016
MAG016_MAG016_MAG016_9_211,0.0,EX01,MAG016
MAG016_MAG016_MAG016_9_212,0.0,EX01,MAG016
MAG016_MAG016_MAG016_9_213,1.476686386,EX01,MAG016
MAG016_MAG016_MAG016_9_214,0.609362218,EX01,MAG016
MAG016_MAG016_MAG016_9_215,58.6152781,EX01,MAG016
MAG016_MAG016_MAG016_9_216,1.004052404,EX01,MAG016
MAG016_MAG016_MAG016_9_217,0.004149085,EX01,MAG016
MAG016_MAG016_MAG016_9_218,19.6115972,EX01,MAG016
MAG016_MAG016_MAG016_9_219,0.0,EX01,MAG016
MAG016_MAG016_MAG016_9_22,0.107300738,EX01,MAG016
MAG016_MAG016_MAG016_9_220,13.86575109,EX01,MAG016
MAG016_MAG016_MAG016_9_221,0.0,EX01,MAG016
MAG016_MAG016_MAG016_9_222,0.0,EX01,MAG016
MAG016_MAG016_MAG016_9_223,0.0,EX01,MAG016
MAG016_MAG016_MAG016_9_224,0.243296583,EX01,MAG016
MAG016_MAG016_MAG016_9_225,6.30261723,EX01,MAG016
MAG016_MAG016_MAG016_9_226,0.0,EX01,MAG016
MAG016_MAG016_MAG016_9_227,0.0,EX01,MAG016
MAG016_MAG016_MAG016_9_228,1.341268758,EX01,MAG016
MAG016_MAG016_MAG016_9_229,0.674887713,EX01,MAG016
MAG016_MAG016_MAG016_9_23,0.180720119,EX01,MAG016
MAG016_MAG016_MAG016_9_230,0.651138407,EX01,MAG016
MAG016_MAG016_MAG016_9_231,3.032442754,EX01,MAG016
MAG016_MAG016_MAG016_9_232,7.031747903,EX01,MAG016
MAG016_MAG016_MAG016_9_233,0.0,EX01,MAG016
MAG016_MAG016_MAG016_9_234,0.0,EX01,MAG016
MAG016_MAG016_MAG016_9_235,0.0,EX01,MAG016
MAG016_MAG016_MAG016_9_236,0.139785843,EX01,MAG016
MAG016_MAG016_MAG016_9_237,0.102675214,EX01,MAG016
MAG016_MAG016_MAG016_9_238,0.008692859,EX01,MAG016
MAG016_MAG016_MAG016_9_239,0.600956405,EX01,MAG016
MAG016_MAG016_MAG016_9_24,0.979534045,EX01,MAG016
MAG016_MAG016_MAG016_9_240,0.0,EX01,MAG016
MAG016_MAG016_MAG016_9_241,0.0,EX01,MAG016
MAG016_MAG016_MAG016_9_242,0.76440567,EX01,MAG016
MAG016_MAG016_MAG016_9_243,0.620871686,EX01,MAG016
MAG016_MAG016_MAG016_9_244,0.0,EX01,MAG016
MAG016_MAG016_MAG016_9_245,0.0,EX01,MAG016
MAG016_MAG016_MAG016_9_246,0.0,EX01,MAG016
MAG016_MAG016_MAG016_9_247,0.0,EX01,MAG016
MAG016_MAG016_MAG016_9_248,0.0,EX01,MAG016
MAG016_MAG016_MAG016_9_249,0.0,EX01,MAG016
MAG016_MAG016_MAG016_9_25,2.83038358,EX01,MAG016
MAG016_MAG016_MAG016_9_250,0.0,EX01,MAG016
MAG016_MAG016_MAG016_9_251,0.0,EX01,MAG016
MAG016_MAG016_MAG016_9_252,0.0,EX01,MAG016
MAG016_MAG016_MAG016_9_253,0.0,EX01,MAG016
MAG016_MAG016_MAG016_9_254,2.476365337,EX01,MAG016
MAG016_MAG016_MAG016_9_255,0.370422997,EX01,MAG016
MAG016_MAG016_MAG016_9_256,9.465407382,EX01,MAG016
MAG016_MAG016_MAG016_9_257,16.14637091,EX01,MAG016
MAG016_MAG016_MAG016_9_258,38.18552192,EX01,MAG016
MAG016_MAG016_MAG016_9_259,0.837512248,EX01,MAG016
MAG016_MAG016_MAG016_9_26,1.161142301,EX01,MAG016
MAG016_MAG016_MAG016_9_260,1.015459644,EX01,MAG016
MAG016_MAG016_MAG016_9_261,1.442250459,EX01,MAG016
MAG016_MAG016_MAG016_9_262,0.0,EX01,MAG016
MAG016_MAG016_MAG016_9_263,0.0,EX01,MAG016
MAG016_MAG016_MAG016_9_264,5.575364426,EX01,MAG016
MAG016_MAG016_MAG016_9_265,1.325360733,EX01,MAG016
MAG016_MAG016_MAG016_9_266,0.0,EX01,MAG016
MAG016_MAG016_MAG016_9_267,0.0,EX01,MAG016
MAG016_MAG016_MAG016_9_268,0.0,EX01,MAG016
MAG016_MAG016_MAG016_9_269,0.0,EX01,MAG016
MAG016_MAG016_MAG016_9_27,4.255015369,EX01,MAG016
MAG016_MAG016_MAG016_9_270,0.0,EX01,MAG016
MAG016_MAG016_MAG016_9_271,0.0,EX01,MAG016
MAG016_MAG016_MAG016_9_272,0.0,EX01,MAG016
MAG016_MAG016_MAG016_9_273,0.0,EX01,MAG016
MAG016_MAG016_MAG016_9_274,0.0,EX01,MAG016
MAG016_MAG016_MAG016_9_275,0.0,EX01,MAG016
MAG016_MAG016_MAG016_9_276,0.0,EX01,MAG016
MAG016_MAG016_MAG016_9_277,0.0,EX01,MAG016
MAG016_MAG016_MAG016_9_278,0.504402648,EX01,MAG016
MAG016_MAG016_MAG016_9_279,0.0,EX01,MAG016
MAG016_MAG016_MAG016_9_28,0.0,EX01,MAG016
MAG016_MAG016_MAG016_9_280,0.51322091,EX01,MAG016
MAG016_MAG016_MAG016_9_281,1.014654011,EX01,MAG016
MAG016_MAG016_MAG016_9_282,1.802323864,EX01,MAG016
MAG016_MAG016_MAG016_9_283,3.292525406,EX01,MAG016
MAG016_MAG016_MAG016_9_284,7.22276946,EX01,MAG016
MAG016_MAG016_MAG016_9_285,24.3664702,EX01,MAG016
MAG016_MAG016_MAG016_9_286,5.215471511,EX01,MAG016
MAG016_MAG016_MAG016_9_287,3.566461721,EX01,MAG016
MAG016_MAG016_MAG016_9_288,5.128993804,EX01,MAG016
MAG016_MAG016_MAG016_9_289,8.613432822,EX01,MAG016
MAG016_MAG016_MAG016_9_29,0.0,EX01,MAG016
MAG016_MAG016_MAG016_9_290,2.628863827,EX01,MAG016
MAG016_MAG016_MAG016_9_291,2.863020098,EX01,MAG016
MAG016_MAG016_MAG016_9_292,0.312205763,EX01,MAG016
MAG016_MAG016_MAG016_9_293,10.1943908,EX01,MAG016
MAG016_MAG016_MAG016_9_294,0.619483125,EX01,MAG016
MAG016_MAG016_MAG016_9_295,1.397819834,EX01,MAG016
MAG016_MAG016_MAG016_9_296,0.533940701,EX01,MAG016
MAG016_MAG016_MAG016_9_297,0.834850301,EX01,MAG016
MAG016_MAG016_MAG016_9_298,9.853444743,EX01,MAG016
MAG016_MAG016_MAG016_9_299,11.72595874,EX01,MAG016
MAG016_MAG016_MAG016_9_3,0.246704006,EX01,MAG016
MAG016_MAG016_MAG016_9_30,6.166386483,EX01,MAG016
MAG016_MAG016_MAG016_9_300,0.713512889,EX01,MAG016
MAG016_MAG016_MAG016_9_301,8.112181791,EX01,MAG016
MAG016_MAG016_MAG016_9_302,4.124101129,EX01,MAG016
MAG016_MAG016_MAG016_9_303,3.513216513,EX01,MAG016
MAG016_MAG016_MAG016_9_304,1.662503441,EX01,MAG016
MAG016_MAG016_MAG016_9_305,0.722978594,EX01,MAG016
MAG016_MAG016_MAG016_9_306,5.496321576,EX01,MAG016
MAG016_MAG016_MAG016_9_307,7.41712148,EX01,MAG016
MAG016_MAG016_MAG016_9_308,2.045727963,EX01,MAG016
MAG016_MAG016_MAG016_9_309,1.931439014,EX01,MAG016
MAG016_MAG016_MAG016_9_31,0.0,EX01,MAG016
MAG016_MAG016_MAG016_9_310,0.0,EX01,MAG016
MAG016_MAG016_MAG016_9_311,1.28760649,EX01,MAG016
MAG016_MAG016_MAG016_9_312,0.496207301,EX01,MAG016
MAG016_MAG016_MAG016_9_313,0.0,EX01,MAG016
MAG016_MAG016_MAG016_9_314,4.020797433,EX01,MAG016
MAG016_MAG016_MAG016_9_315,0.0,EX01,MAG016
MAG016_MAG016_MAG016_9_316,0.0,EX01,MAG016
MAG016_MAG016_MAG016_9_317,0.0,EX01,MAG016
MAG016_MAG016_MAG016_9_318,0.0,EX01,MAG016
MAG016_MAG016_MAG016_9_319,0.0,EX01,MAG016
MAG016_MAG016_MAG016_9_32,0.0,EX01,MAG016
MAG016_MAG016_MAG016_9_320,0.072273747,EX01,MAG016
MAG016_MAG016_MAG016_9_321,0.006026189,EX01,MAG016
MAG016_MAG016_MAG016_9_322,1.67352384,EX01,MAG016
MAG016_MAG016_MAG016_9_323,0.109278765,EX01,MAG016
MAG016_MAG016_MAG016_9_324,0.135716187,EX01,MAG016
MAG016_MAG016_MAG016_9_325,0.0,EX01,MAG016
MAG016_MAG016_MAG016_9_326,1.533605507,EX01,MAG016
MAG016_MAG016_MAG016_9_327,0.57948958,EX01,MAG016
MAG016_MAG016_MAG016_9_328,1.815285898,EX01,MAG016
MAG016_MAG016_MAG016_9_329,0.838087607,EX01,MAG016
MAG016_MAG016_MAG016_9_33,5.758828986,EX01,MAG016
MAG016_MAG016_MAG016_9_330,11.05473772,EX01,MAG016
MAG016_MAG016_MAG016_9_331,2.02751408,EX01,MAG016
MAG016_MAG016_MAG016_9_332,0.0,EX01,MAG016
MAG016_MAG016_MAG016_9_333,1.220962262,EX01,MAG016
MAG016_MAG016_MAG016_9_334,1.338208654,EX01,MAG016
MAG016_MAG016_MAG016_9_335,1.197445708,EX01,MAG016
MAG016_MAG016_MAG016_9_336,0.0,EX01,MAG016
MAG016_MAG016_MAG016_9_337,2.273701248,EX01,MAG016
MAG016_MAG016_MAG016_9_338,0.0,EX01,MAG016
MAG016_MAG016_MAG016_9_339,0.998881553,EX01,MAG016
MAG016_MAG016_MAG016_9_34,0.187911985,EX01,MAG016
MAG016_MAG016_MAG016_9_340,0.00707155,EX01,MAG016
MAG016_MAG016_MAG016_9_341,0.257145915,EX01,MAG016
MAG016_MAG016_MAG016_9_342,0.003570875,EX01,MAG016
MAG016_MAG016_MAG016_9_343,0.011373339,EX01,MAG016
MAG016_MAG016_MAG016_9_344,1.615943591,EX01,MAG016
MAG016_MAG016_MAG016_9_345,0.278264602,EX01,MAG016
MAG016_MAG016_MAG016_9_346,0.0,EX01,MAG016
MAG016_MAG016_MAG016_9_347,0.026767422,EX01,MAG016
MAG016_MAG016_MAG016_9_348,0.027561489,EX01,MAG016
MAG016_MAG016_MAG016_9_349,0.199776309,EX01,MAG016
MAG016_MAG016_MAG016_9_35,0.0,EX01,MAG016
MAG016_MAG016_MAG016_9_350,16.02320347,EX01,MAG016
MAG016_MAG016_MAG016_9_351,0.0,EX01,MAG016
MAG016_MAG016_MAG016_9_352,1.120063403,EX01,MAG016
MAG016_MAG016_MAG016_9_353,0.0,EX01,MAG016
MAG016_MAG016_MAG016_9_354,1.847817405,EX01,MAG016
MAG016_MAG016_MAG016_9_355,24.14474774,EX01,MAG016
MAG016_MAG016_MAG016_9_356,0.0,EX01,MAG016
MAG016_MAG016_MAG016_9_357,1.357004233,EX01,MAG016
MAG016_MAG016_MAG016_9_358,4.696624159,EX01,MAG016
MAG016_MAG016_MAG016_9_359,0.0,EX01,MAG016
MAG016_MAG016_MAG016_9_36,0.240398836,EX01,MAG016
MAG016_MAG016_MAG016_9_360,0.0,EX01,MAG016
MAG016_MAG016_MAG016_9_361,1.409081537,EX01,MAG016
MAG016_MAG016_MAG016_9_362,0.0,EX01,MAG016
MAG016_MAG016_MAG016_9_363,0.142697363,EX01,MAG016
MAG016_MAG016_MAG016_9_364,0.0,EX01,MAG016
MAG016_MAG016_MAG016_9_365,0.0,EX01,MAG016
MAG016_MAG016_MAG016_9_366,2.961161868,EX01,MAG016
MAG016_MAG016_MAG016_9_367,1.561470476,EX01,MAG016
MAG016_MAG016_MAG016_9_368,0.886924866,EX01,MAG016
MAG016_MAG016_MAG016_9_369,0.18018424,EX01,MAG016
MAG016_MAG016_MAG016_9_37,1.036270895,EX01,MAG016
MAG016_MAG016_MAG016_9_370,11.93908514,EX01,MAG016
MAG016_MAG016_MAG016_9_371,49.72869636,EX01,MAG016
MAG016_MAG016_MAG016_9_372,3.897040132,EX01,MAG016
MAG016_MAG016_MAG016_9_373,0.0,EX01,MAG016
MAG016_MAG016_MAG016_9_374,0.0,EX01,MAG016
MAG016_MAG016_MAG016_9_375,1.514532138,EX01,MAG016
MAG016_MAG016_MAG016_9_376,0.821996072,EX01,MAG016
MAG016_MAG016_MAG016_9_377,0.0,EX01,MAG016
MAG016_MAG016_MAG016_9_378,0.0,EX01,MAG016
MAG016_MAG016_MAG016_9_379,0.0,EX01,MAG016
MAG016_MAG016_MAG016_9_38,0.0,EX01,MAG016
MAG016_MAG016_MAG016_9_380,0.378002846,EX01,MAG016
MAG016_MAG016_MAG016_9_381,0.0,EX01,MAG016
MAG016_MAG016_MAG016_9_382,0.0,EX01,MAG016
MAG016_MAG016_MAG016_9_383,5.42740159,EX01,MAG016
MAG016_MAG016_MAG016_9_384,13.03763977,EX01,MAG016
MAG016_MAG016_MAG016_9_385,0.0,EX01,MAG016
MAG016_MAG016_MAG016_9_386,2.035174842,EX01,MAG016
MAG016_MAG016_MAG016_9_387,2.354803908,EX01,MAG016
MAG016_MAG016_MAG016_9_388,2.712454889,EX01,MAG016
MAG016_MAG016_MAG016_9_389,0.025113187,EX01,MAG016
MAG016_MAG016_MAG016_9_39,0.353057845,EX01,MAG016
MAG016_MAG016_MAG016_9_390,0.0,EX01,MAG016
MAG016_MAG016_MAG016_9_391,1.357663865,EX01,MAG016
MAG016_MAG016_MAG016_9_392,0.799214499,EX01,MAG016
MAG016_MAG016_MAG016_9_393,0.110463914,EX01,MAG016
MAG016_MAG016_MAG016_9_394,0.0,EX01,MAG016
MAG016_MAG016_MAG016_9_395,0.721490866,EX01,MAG016
MAG016_MAG016_MAG016_9_396,0.0,EX01,MAG016
MAG016_MAG016_MAG016_9_397,2.096195129,EX01,MAG016
MAG016_MAG016_MAG016_9_398,0.22713068,EX01,MAG016
MAG016_MAG016_MAG016_9_399,1.921064239,EX01,MAG016
MAG016_MAG016_MAG016_9_4,0.0,EX01,MAG016
MAG016_MAG016_MAG016_9_40,0.0,EX01,MAG016
MAG016_MAG016_MAG016_9_400,0.0,EX01,MAG016
MAG016_MAG016_MAG016_9_401,0.0,EX01,MAG016
MAG016_MAG016_MAG016_9_402,0.029192955,EX01,MAG016
MAG016_MAG016_MAG016_9_403,0.506698329,EX01,MAG016
MAG016_MAG016_MAG016_9_404,1.101776327,EX01,MAG016
MAG016_MAG016_MAG016_9_405,0.961989273,EX01,MAG016
MAG016_MAG016_MAG016_9_406,2.844941621,EX01,MAG016
MAG016_MAG016_MAG016_9_407,0.004185627,EX01,MAG016
MAG016_MAG016_MAG016_9_408,0.261690682,EX01,MAG016
MAG016_MAG016_MAG016_9_409,0.007383824,EX01,MAG016
MAG016_MAG016_MAG016_9_41,1.019410375,EX01,MAG016
MAG016_MAG016_MAG016_9_410,1.002763006,EX01,MAG016
MAG016_MAG016_MAG016_9_411,0.01337163,EX01,MAG016
MAG016_MAG016_MAG016_9_412,0.0,EX01,MAG016
MAG016_MAG016_MAG016_9_413,0.0,EX01,MAG016
MAG016_MAG016_MAG016_9_414,0.0,EX01,MAG016
MAG016_MAG016_MAG016_9_415,2.10447659,EX01,MAG016
MAG016_MAG016_MAG016_9_416,0.0,EX01,MAG016
MAG016_MAG016_MAG016_9_417,0.0,EX01,MAG016
MAG016_MAG016_MAG016_9_418,0.0,EX01,MAG016
MAG016_MAG016_MAG016_9_419,0.403259988,EX01,MAG016
MAG016_MAG016_MAG016_9_42,0.02745394,EX01,MAG016
MAG016_MAG016_MAG016_9_420,0.0,EX01,MAG016
MAG016_MAG016_MAG016_9_421,0.0,EX01,MAG016
MAG016_MAG016_MAG016_9_422,0.0,EX01,MAG016
MAG016_MAG016_MAG016_9_423,0.35515787,EX01,MAG016
MAG016_MAG016_MAG016_9_424,0.309654434,EX01,MAG016
MAG016_MAG016_MAG016_9_425,0.774667706,EX01,MAG016
MAG016_MAG016_MAG016_9_426,0.502851753,EX01,MAG016
MAG016_MAG016_MAG016_9_427,4.036017094,EX01,MAG016
MAG016_MAG016_MAG016_9_428,0.178689782,EX01,MAG016
MAG016_MAG016_MAG016_9_429,2.581559812,EX01,MAG016
MAG016_MAG016_MAG016_9_43,0.0,EX01,MAG016
MAG016_MAG016_MAG016_9_430,1.046423145,EX01,MAG016
MAG016_MAG016_MAG016_9_431,25.52591447,EX01,MAG016
MAG016_MAG016_MAG016_9_432,2.718062531,EX01,MAG016
MAG016_MAG016_MAG016_9_433,28.12507581,EX01,MAG016
MAG016_MAG016_MAG016_9_434,1.844665761,EX01,MAG016
MAG016_MAG016_MAG016_9_435,0.0,EX01,MAG016
MAG016_MAG016_MAG016_9_436,1.197551546,EX01,MAG016
MAG016_MAG016_MAG016_9_437,0.328437294,EX01,MAG016
MAG016_MAG016_MAG016_9_438,16.13456532,EX01,MAG016
MAG016_MAG016_MAG016_9_439,2.84963574,EX01,MAG016
MAG016_MAG016_MAG016_9_44,3.101325054,EX01,MAG016
MAG016_MAG016_MAG016_9_440,0.510046188,EX01,MAG016
MAG016_MAG016_MAG016_9_441,2.362934347,EX01,MAG016
MAG016_MAG016_MAG016_9_442,0.612118423,EX01,MAG016
MAG016_MAG016_MAG016_9_443,0.0,EX01,MAG016
MAG016_MAG016_MAG016_9_444,0.798094119,EX01,MAG016
MAG016_MAG016_MAG016_9_445,0.09825081,EX01,MAG016
MAG016_MAG016_MAG016_9_446,1.359836638,EX01,MAG016
MAG016_MAG016_MAG016_9_447,0.553371572,EX01,MAG016
MAG016_MAG016_MAG016_9_448,0.0,EX01,MAG016
MAG016_MAG016_MAG016_9_449,0.0,EX01,MAG016
MAG016_MAG016_MAG016_9_45,2.061993236,EX01,MAG016
MAG016_MAG016_MAG016_9_450,1.613965034,EX01,MAG016
MAG016_MAG016_MAG016_9_451,5.079757067,EX01,MAG016
MAG016_MAG016_MAG016_9_452,6.044080728,EX01,MAG016
MAG016_MAG016_MAG016_9_453,1.908374972,EX01,MAG016
MAG016_MAG016_MAG016_9_454,0.664249767,EX01,MAG016
MAG016_MAG016_MAG016_9_455,3.538761026,EX01,MAG016
MAG016_MAG016_MAG016_9_456,0.525634224,EX01,MAG016
MAG016_MAG016_MAG016_9_457,0.37746096,EX01,MAG016
MAG016_MAG016_MAG016_9_458,0.0,EX01,MAG016
MAG016_MAG016_MAG016_9_459,0.0,EX01,MAG016
MAG016_MAG016_MAG016_9_46,1.516245158,EX01,MAG016
MAG016_MAG016_MAG016_9_460,1.558645451,EX01,MAG016
MAG016_MAG016_MAG016_9_461,0.0,EX01,MAG016
MAG016_MAG016_MAG016_9_462,0.0,EX01,MAG016
MAG016_MAG016_MAG016_9_463,0.0,EX01,MAG016
MAG016_MAG016_MAG016_9_464,0.462937549,EX01,MAG016
MAG016_MAG016_MAG016_9_465,0.119288211,EX01,MAG016
MAG016_MAG016_MAG016_9_466,0.248851104,EX01,MAG016
MAG016_MAG016_MAG016_9_467,0.236242554,EX01,MAG016
MAG016_MAG016_MAG016_9_468,0.043611357,EX01,MAG016
MAG016_MAG016_MAG016_9_469,0.0,EX01,MAG016
MAG016_MAG016_MAG016_9_47,0.0,EX01,MAG016
MAG016_MAG016_MAG016_9_470,0.0,EX01,MAG016
MAG016_MAG016_MAG016_9_471,0.485992952,EX01,MAG016
MAG016_MAG016_MAG016_9_472,0.0,EX01,MAG016
MAG016_MAG016_MAG016_9_473,0.0,EX01,MAG016
MAG016_MAG016_MAG016_9_474,21.24711306,EX01,MAG016
MAG016_MAG016_MAG016_9_475,0.0,EX01,MAG016
MAG016_MAG016_MAG016_9_476,0.0,EX01,MAG016
MAG016_MAG016_MAG016_9_477,0.0,EX01,MAG016
MAG016_MAG016_MAG016_9_478,2.784156085,EX01,MAG016
MAG016_MAG016_MAG016_9_479,0.0,EX01,MAG016
MAG016_MAG016_MAG016_9_48,1.369665681,EX01,MAG016
MAG016_MAG016_MAG016_9_480,0.0,EX01,MAG016
MAG016_MAG016_MAG016_9_481,2.026793969,EX01,MAG016
MAG016_MAG016_MAG016_9_482,0.13406396,EX01,MAG016
MAG016_MAG016_MAG016_9_483,0.974652078,EX01,MAG016
MAG016_MAG016_MAG016_9_484,0.0,EX01,MAG016
MAG016_MAG016_MAG016_9_485,2.281186314,EX01,MAG016
MAG016_MAG016_MAG016_9_486,0.627216337,EX01,MAG016
MAG016_MAG016_MAG016_9_487,0.026811147,EX01,MAG016
MAG016_MAG016_MAG016_9_488,0.0,EX01,MAG016
MAG016_MAG016_MAG016_9_489,9.274593402,EX01,MAG016
MAG016_MAG016_MAG016_9_49,1.381033696,EX01,MAG016
MAG016_MAG016_MAG016_9_490,0.0,EX01,MAG016
MAG016_MAG016_MAG016_9_491,9.90493409,EX01,MAG016
MAG016_MAG016_MAG016_9_492,7.819633838,EX01,MAG016
MAG016_MAG016_MAG016_9_493,0.628355506,EX01,MAG016
MAG016_MAG016_MAG016_9_494,0.139067959,EX01,MAG016
MAG016_MAG016_MAG016_9_495,21.12795982,EX01,MAG016
MAG016_MAG016_MAG016_9_496,2.949582455,EX01,MAG016
MAG016_MAG016_MAG016_9_497,6.266564115,EX01,MAG016
MAG016_MAG016_MAG016_9_498,0.017616326,EX01,MAG016
MAG016_MAG016_MAG016_9_499,0.01130938,EX01,MAG016
MAG016_MAG016_MAG016_9_5,0.0,EX01,MAG016
MAG016_MAG016_MAG016_9_50,6.333816502,EX01,MAG016
MAG016_MAG016_MAG016_9_500,0.675555654,EX01,MAG016
MAG016_MAG016_MAG016_9_501,0.031280727,EX01,MAG016
MAG016_MAG016_MAG016_9_502,0.587996731,EX01,MAG016
MAG016_MAG016_MAG016_9_503,0.628201438,EX01,MAG016
MAG016_MAG016_MAG016_9_504,0.0,EX01,MAG016
MAG016_MAG016_MAG016_9_505,0.0,EX01,MAG016
MAG016_MAG016_MAG016_9_506,0.0,EX01,MAG016
MAG016_MAG016_MAG016_9_507,88.45145314,EX01,MAG016
MAG016_MAG016_MAG016_9_508,0.0,EX01,MAG016
MAG016_MAG016_MAG016_9_509,0.0,EX01,MAG016
MAG016_MAG016_MAG016_9_51,0.412639102,EX01,MAG016
MAG016_MAG016_MAG016_9_510,0.0,EX01,MAG016
MAG016_MAG016_MAG016_9_511,0.160571843,EX01,MAG016
MAG016_MAG016_MAG016_9_512,5.171073256,EX01,MAG016
MAG016_MAG016_MAG016_9_513,0.980351497,EX01,MAG016
MAG016_MAG016_MAG016_9_514,2.647236311,EX01,MAG016
MAG016_MAG016_MAG016_9_515,2.454821298,EX01,MAG016
MAG016_MAG016_MAG016_9_516,0.040535404,EX01,MAG016
MAG016_MAG016_MAG016_9_517,0.462599692,EX01,MAG016
MAG016_MAG016_MAG016_9_518,1.255026394,EX01,MAG016
MAG016_MAG016_MAG016_9_519,0.877647994,EX01,MAG016
MAG016_MAG016_MAG016_9_52,0.053326482,EX01,MAG016
MAG016_MAG016_MAG016_9_520,0.0,EX01,MAG016
MAG016_MAG016_MAG016_9_521,3.606262762,EX01,MAG016
MAG016_MAG016_MAG016_9_522,0.0,EX01,MAG016
MAG016_MAG016_MAG016_9_523,1.582725375,EX01,MAG016
MAG016_MAG016_MAG016_9_524,3.588916979,EX01,MAG016
MAG016_MAG016_MAG016_9_525,0.0,EX01,MAG016
MAG016_MAG016_MAG016_9_526,7.686140746,EX01,MAG016
MAG016_MAG016_MAG016_9_527,0.782630788,EX01,MAG016
MAG016_MAG016_MAG016_9_528,1.433425582,EX01,MAG016
MAG016_MAG016_MAG016_9_529,14.78862563,EX01,MAG016
MAG016_MAG016_MAG016_9_53,26.5168692,EX01,MAG016
MAG016_MAG016_MAG016_9_530,0.0,EX01,MAG016
MAG016_MAG016_MAG016_9_531,2.606944129,EX01,MAG016
MAG016_MAG016_MAG016_9_532,7.575570044,EX01,MAG016
MAG016_MAG016_MAG016_9_533,1.170723767,EX01,MAG016
MAG016_MAG016_MAG016_9_534,0.488588334,EX01,MAG016
MAG016_MAG016_MAG016_9_535,1.736823312,EX01,MAG016
MAG016_MAG016_MAG016_9_536,0.263718172,EX01,MAG016
MAG016_MAG016_MAG016_9_537,6.570818213,EX01,MAG016
MAG016_MAG016_MAG016_9_538,0.0,EX01,MAG016
MAG016_MAG016_MAG016_9_539,0.680551457,EX01,MAG016
MAG016_MAG016_MAG016_9_54,43.58336055,EX01,MAG016
MAG016_MAG016_MAG016_9_540,0.008790833,EX01,MAG016
MAG016_MAG016_MAG016_9_541,0.522902516,EX01,MAG016
MAG016_MAG016_MAG016_9_542,0.744879444,EX01,MAG016
MAG016_MAG016_MAG016_9_543,2.95329756,EX01,MAG016
MAG016_MAG016_MAG016_9_544,0.0,EX01,MAG016
MAG016_MAG016_MAG016_9_545,4.106674635,EX01,MAG016
MAG016_MAG016_MAG016_9_546,1.801746049,EX01,MAG016
MAG016_MAG016_MAG016_9_547,0.012248755,EX01,MAG016
MAG016_MAG016_MAG016_9_548,0.291450671,EX01,MAG016
MAG016_MAG016_MAG016_9_549,0.0,EX01,MAG016
MAG016_MAG016_MAG016_9_55,0.0,EX01,MAG016
MAG016_MAG016_MAG016_9_550,1.114594142,EX01,MAG016
MAG016_MAG016_MAG016_9_551,0.0,EX01,MAG016
MAG016_MAG016_MAG016_9_552,0.0,EX01,MAG016
MAG016_MAG016_MAG016_9_553,0.0,EX01,MAG016
MAG016_MAG016_MAG016_9_554,1.360350462,EX01,MAG016
MAG016_MAG016_MAG016_9_555,3.037461927,EX01,MAG016
MAG016_MAG016_MAG016_9_556,0.579913686,EX01,MAG016
MAG016_MAG016_MAG016_9_557,2.087107978,EX01,MAG016
MAG016_MAG016_MAG016_9_558,0.0,EX01,MAG016
MAG016_MAG016_MAG016_9_559,0.0,EX01,MAG016
MAG016_MAG016_MAG016_9_56,0.0,EX01,MAG016
MAG016_MAG016_MAG016_9_560,0.875827511,EX01,MAG016
MAG016_MAG016_MAG016_9_561,0.580046269,EX01,MAG016
MAG016_MAG016_MAG016_9_562,0.0,EX01,MAG016
MAG016_MAG016_MAG016_9_563,0.0,EX01,MAG016
MAG016_MAG016_MAG016_9_564,4.390584682,EX01,MAG016
MAG016_MAG016_MAG016_9_565,1.371187766,EX01,MAG016
MAG016_MAG016_MAG016_9_566,1.087221571,EX01,MAG016
MAG016_MAG016_MAG016_9_567,0.0,EX01,MAG016
MAG016_MAG016_MAG016_9_568,0.257154325,EX01,MAG016
MAG016_MAG016_MAG016_9_569,2.043808954,EX01,MAG016
MAG016_MAG016_MAG016_9_57,0.20873521,EX01,MAG016
MAG016_MAG016_MAG016_9_570,0.513580691,EX01,MAG016
MAG016_MAG016_MAG016_9_571,0.456605901,EX01,MAG016
MAG016_MAG016_MAG016_9_572,0.980895946,EX01,MAG016
MAG016_MAG016_MAG016_9_573,0.0,EX01,MAG016
MAG016_MAG016_MAG016_9_574,16.16454207,EX01,MAG016
MAG016_MAG016_MAG016_9_575,4.39990876,EX01,MAG016
MAG016_MAG016_MAG016_9_576,0.834475689,EX01,MAG016
MAG016_MAG016_MAG016_9_577,0.0,EX01,MAG016
MAG016_MAG016_MAG016_9_578,3.88878092,EX01,MAG016
MAG016_MAG016_MAG016_9_579,0.0,EX01,MAG016
MAG016_MAG016_MAG016_9_58,0.170846438,EX01,MAG016
MAG016_MAG016_MAG016_9_580,0.0,EX01,MAG016
MAG016_MAG016_MAG016_9_581,0.070635885,EX01,MAG016
MAG016_MAG016_MAG016_9_582,0.0,EX01,MAG016
MAG016_MAG016_MAG016_9_583,0.19714327,EX01,MAG016
MAG016_MAG016_MAG016_9_584,6.364784807,EX01,MAG016
MAG016_MAG016_MAG016_9_585,9.815238283,EX01,MAG016
MAG016_MAG016_MAG016_9_586,17.00743818,EX01,MAG016
MAG016_MAG016_MAG016_9_587,1.283838328,EX01,MAG016
MAG016_MAG016_MAG016_9_588,1.182529773,EX01,MAG016
MAG016_MAG016_MAG016_9_589,0.0,EX01,MAG016
MAG016_MAG016_MAG016_9_59,3.746391608,EX01,MAG016
MAG016_MAG016_MAG016_9_590,0.0,EX01,MAG016
MAG016_MAG016_MAG016_9_591,0.788793601,EX01,MAG016
MAG016_MAG016_MAG016_9_592,10.14494451,EX01,MAG016
MAG016_MAG016_MAG016_9_593,1.216614797,EX01,MAG016
MAG016_MAG016_MAG016_9_594,2.922392843,EX01,MAG016
MAG016_MAG016_MAG016_9_595,2.528421599,EX01,MAG016
MAG016_MAG016_MAG016_9_596,0.339139476,EX01,MAG016
MAG016_MAG016_MAG016_9_597,0.0,EX01,MAG016
MAG016_MAG016_MAG016_9_598,0.0,EX01,MAG016
MAG016_MAG016_MAG016_9_599,0.523655413,EX01,MAG016
MAG016_MAG016_MAG016_9_6,1.518740508,EX01,MAG016
MAG016_MAG016_MAG016_9_60,1.657265737,EX01,MAG016
MAG016_MAG016_MAG016_9_600,0.487905953,EX01,MAG016
MAG016_MAG016_MAG016_9_601,0.0,EX01,MAG016
MAG016_MAG016_MAG016_9_602,0.725005836,EX01,MAG016
MAG016_MAG016_MAG016_9_603,0.565351587,EX01,MAG016
MAG016_MAG016_MAG016_9_604,3.037112078,EX01,MAG016
MAG016_MAG016_MAG016_9_605,1.679912072,EX01,MAG016
MAG016_MAG016_MAG016_9_606,4.204944667,EX01,MAG016
MAG016_MAG016_MAG016_9_607,0.0,EX01,MAG016
MAG016_MAG016_MAG016_9_608,0.0,EX01,MAG016
MAG016_MAG016_MAG016_9_609,2.483813564,EX01,MAG016
MAG016_MAG016_MAG016_9_61,0.0,EX01,MAG016
MAG016_MAG016_MAG016_9_610,2.294683146,EX01,MAG016
MAG016_MAG016_MAG016_9_611,2.268812603,EX01,MAG016
MAG016_MAG016_MAG016_9_612,1.371179373,EX01,MAG016
MAG016_MAG016_MAG016_9_613,1.617701606,EX01,MAG016
MAG016_MAG016_MAG016_9_614,4.509273798,EX01,MAG016
MAG016_MAG016_MAG016_9_615,2.865167316,EX01,MAG016
MAG016_MAG016_MAG016_9_616,0.0,EX01,MAG016
MAG016_MAG016_MAG016_9_617,4.856882045,EX01,MAG016
MAG016_MAG016_MAG016_9_618,5.243919837,EX01,MAG016
MAG016_MAG016_MAG016_9_619,0.651702118,EX01,MAG016
MAG016_MAG016_MAG016_9_62,41.3155099,EX01,MAG016
MAG016_MAG016_MAG016_9_620,1.368119871,EX01,MAG016
MAG016_MAG016_MAG016_9_621,0.0,EX01,MAG016
MAG016_MAG016_MAG016_9_622,0.0,EX01,MAG016
MAG016_MAG016_MAG016_9_623,66.6688321,EX01,MAG016
MAG016_MAG016_MAG016_9_624,8.411366789,EX01,MAG016
MAG016_MAG016_MAG016_9_625,1.8927426,EX01,MAG016
MAG016_MAG016_MAG016_9_626,2.790986758,EX01,MAG016
MAG016_MAG016_MAG016_9_627,0.548443709,EX01,MAG016
MAG016_MAG016_MAG016_9_628,0.596495937,EX01,MAG016
MAG016_MAG016_MAG016_9_629,0.0,EX01,MAG016
MAG016_MAG016_MAG016_9_63,4.781016611,EX01,MAG016
MAG016_MAG016_MAG016_9_630,0.543058138,EX01,MAG016
MAG016_MAG016_MAG016_9_631,0.0,EX01,MAG016
MAG016_MAG016_MAG016_9_632,0.0,EX01,MAG016
MAG016_MAG016_MAG016_9_633,0.464729838,EX01,MAG016
MAG016_MAG016_MAG016_9_634,6.88254769,EX01,MAG016
MAG016_MAG016_MAG016_9_635,6.629049772,EX01,MAG016
MAG016_MAG016_MAG016_9_636,0.0,EX01,MAG016
MAG016_MAG016_MAG016_9_637,0.292870975,EX01,MAG016
MAG016_MAG016_MAG016_9_638,2.363368861,EX01,MAG016
MAG016_MAG016_MAG016_9_639,0.617972656,EX01,MAG016
MAG016_MAG016_MAG016_9_64,5.329004311,EX01,MAG016
MAG016_MAG016_MAG016_9_640,2.421090113,EX01,MAG016
MAG016_MAG016_MAG016_9_641,0.018851202,EX01,MAG016
MAG016_MAG016_MAG016_9_642,3.094303065,EX01,MAG016
MAG016_MAG016_MAG016_9_643,0.0,EX01,MAG016
MAG016_MAG016_MAG016_9_644,0.165481476,EX01,MAG016
MAG016_MAG016_MAG016_9_645,1.352453007,EX01,MAG016
MAG016_MAG016_MAG016_9_646,1.167587231,EX01,MAG016
MAG016_MAG016_MAG016_9_647,3.10916926,EX01,MAG016
MAG016_MAG016_MAG016_9_648,0.0,EX01,MAG016
MAG016_MAG016_MAG016_9_649,19.95849127,EX01,MAG016
MAG016_MAG016_MAG016_9_65,0.0,EX01,MAG016
MAG016_MAG016_MAG016_9_650,162.4025574,EX01,MAG016
MAG016_MAG016_MAG016_9_651,9.269230746,EX01,MAG016
MAG016_MAG016_MAG016_9_652,4.84785179,EX01,MAG016
MAG016_MAG016_MAG016_9_653,1.602443504,EX01,MAG016
MAG016_MAG016_MAG016_9_654,0.0,EX01,MAG016
MAG016_MAG016_MAG016_9_655,1.908236175,EX01,MAG016
MAG016_MAG016_MAG016_9_656,2.3405366,EX01,MAG016
MAG016_MAG016_MAG016_9_657,0.929632957,EX01,MAG016
MAG016_MAG016_MAG016_9_658,0.169604501,EX01,MAG016
MAG016_MAG016_MAG016_9_659,0.195962615,EX01,MAG016
MAG016_MAG016_MAG016_9_66,14.64258709,EX01,MAG016
MAG016_MAG016_MAG016_9_660,0.068515897,EX01,MAG016
MAG016_MAG016_MAG016_9_661,0.0,EX01,MAG016
MAG016_MAG016_MAG016_9_662,0.009771737,EX01,MAG016
MAG016_MAG016_MAG016_9_663,0.039089094,EX01,MAG016
MAG016_MAG016_MAG016_9_664,0.046095772,EX01,MAG016
MAG016_MAG016_MAG016_9_665,1.95756625,EX01,MAG016
MAG016_MAG016_MAG016_9_666,0.0,EX01,MAG016
MAG016_MAG016_MAG016_9_667,0.953205455,EX01,MAG016
MAG016_MAG016_MAG016_9_668,0.0,EX01,MAG016
MAG016_MAG016_MAG016_9_669,0.271705697,EX01,MAG016
MAG016_MAG016_MAG016_9_67,0.313288317,EX01,MAG016
MAG016_MAG016_MAG016_9_670,0.166583085,EX01,MAG016
MAG016_MAG016_MAG016_9_671,0.0,EX01,MAG016
MAG016_MAG016_MAG016_9_672,0.107058636,EX01,MAG016
MAG016_MAG016_MAG016_9_673,0.145419209,EX01,MAG016
MAG016_MAG016_MAG016_9_674,0.0,EX01,MAG016
MAG016_MAG016_MAG016_9_675,0.0,EX01,MAG016
MAG016_MAG016_MAG016_9_676,3.253106427,EX01,MAG016
MAG016_MAG016_MAG016_9_677,0.0,EX01,MAG016
MAG016_MAG016_MAG016_9_678,0.0,EX01,MAG016
MAG016_MAG016_MAG016_9_679,0.0,EX01,MAG016
MAG016_MAG016_MAG016_9_68,0.37769546,EX01,MAG016
MAG016_MAG016_MAG016_9_680,0.0,EX01,MAG016
MAG016_MAG016_MAG016_9_681,0.002372801,EX01,MAG016
MAG016_MAG016_MAG016_9_682,0.880316731,EX01,MAG016
MAG016_MAG016_MAG016_9_683,0.005345937,EX01,MAG016
MAG016_MAG016_MAG016_9_684,0.0,EX01,MAG016
MAG016_MAG016_MAG016_9_685,0.357713781,EX01,MAG016
MAG016_MAG016_MAG016_9_686,0.015551002,EX01,MAG016
MAG016_MAG016_MAG016_9_687,0.0,EX01,MAG016
MAG016_MAG016_MAG016_9_688,0.0,EX01,MAG016
MAG016_MAG016_MAG016_9_689,0.0,EX01,MAG016
MAG016_MAG016_MAG016_9_69,0.161833049,EX01,MAG016
MAG016_MAG016_MAG016_9_690,0.0,EX01,MAG016
MAG016_MAG016_MAG016_9_691,0.015927287,EX01,MAG016
MAG016_MAG016_MAG016_9_692,0.0,EX01,MAG016
MAG016_MAG016_MAG016_9_693,0.0,EX01,MAG016
MAG016_MAG016_MAG016_9_694,0.029185894,EX01,MAG016
MAG016_MAG016_MAG016_9_695,0.012566607,EX01,MAG016
MAG016_MAG016_MAG016_9_696,0.0152115,EX01,MAG016
MAG016_MAG016_MAG016_9_697,0.0,EX01,MAG016
MAG016_MAG016_MAG016_9_698,0.176018237,EX01,MAG016
MAG016_MAG016_MAG016_9_699,0.0,EX01,MAG016
MAG016_MAG016_MAG016_9_7,26.34638776,EX01,MAG016
MAG016_MAG016_MAG016_9_70,0.0,EX01,MAG016
MAG016_MAG016_MAG016_9_700,0.0,EX01,MAG016
MAG016_MAG016_MAG016_9_701,4.943666788,EX01,MAG016
MAG016_MAG016_MAG016_9_702,1.970642326,EX01,MAG016
MAG016_MAG016_MAG016_9_703,0.0,EX01,MAG016
MAG016_MAG016_MAG016_9_704,0.0,EX01,MAG016
MAG016_MAG016_MAG016_9_705,0.716290107,EX01,MAG016
MAG016_MAG016_MAG016_9_706,0.0,EX01,MAG016
MAG016_MAG016_MAG016_9_707,1.232109157,EX01,MAG016
MAG016_MAG016_MAG016_9_708,0.0,EX01,MAG016
MAG016_MAG016_MAG016_9_709,5.472467905,EX01,MAG016
MAG016_MAG016_MAG016_9_71,0.0,EX01,MAG016
MAG016_MAG016_MAG016_9_710,2.751975281,EX01,MAG016
MAG016_MAG016_MAG016_9_711,6.93735805,EX01,MAG016
MAG016_MAG016_MAG016_9_712,1.006725703,EX01,MAG016
MAG016_MAG016_MAG016_9_713,0.008939451,EX01,MAG016
MAG016_MAG016_MAG016_9_714,0.271109235,EX01,MAG016
MAG016_MAG016_MAG016_9_715,0.525308784,EX01,MAG016
MAG016_MAG016_MAG016_9_716,0.0,EX01,MAG016
MAG016_MAG016_MAG016_9_717,5.364369595,EX01,MAG016
MAG016_MAG016_MAG016_9_718,0.0,EX01,MAG016
MAG016_MAG016_MAG016_9_719,0.0,EX01,MAG016
MAG016_MAG016_MAG016_9_72,1.078075152,EX01,MAG016
MAG016_MAG016_MAG016_9_720,0.0,EX01,MAG016
MAG016_MAG016_MAG016_9_721,6.833501216,EX01,MAG016
MAG016_MAG016_MAG016_9_722,3.283407554,EX01,MAG016
MAG016_MAG016_MAG016_9_723,0.563634355,EX01,MAG016
MAG016_MAG016_MAG016_9_724,0.2927181,EX01,MAG016
MAG016_MAG016_MAG016_9_725,0.254458591,EX01,MAG016
MAG016_MAG016_MAG016_9_726,0.0,EX01,MAG016
MAG016_MAG016_MAG016_9_727,0.0,EX01,MAG016
MAG016_MAG016_MAG016_9_728,2.772039984,EX01,MAG016
MAG016_MAG016_MAG016_9_729,0.0,EX01,MAG016
MAG016_MAG016_MAG016_9_73,2.411962547,EX01,MAG016
MAG016_MAG016_MAG016_9_730,0.438004938,EX01,MAG016
MAG016_MAG016_MAG016_9_731,2.30018105,EX01,MAG016
MAG016_MAG016_MAG016_9_732,0.226708225,EX01,MAG016
MAG016_MAG016_MAG016_9_733,15.91819014,EX01,MAG016
MAG016_MAG016_MAG016_9_734,4.072064271,EX01,MAG016
MAG016_MAG016_MAG016_9_735,0.0,EX01,MAG016
MAG016_MAG016_MAG016_9_736,0.217283725,EX01,MAG016
MAG016_MAG016_MAG016_9_737,1.438411924,EX01,MAG016
MAG016_MAG016_MAG016_9_738,0.1556197,EX01,MAG016
MAG016_MAG016_MAG016_9_739,0.0,EX01,MAG016
MAG016_MAG016_MAG016_9_74,658.523085,EX01,MAG016
MAG016_MAG016_MAG016_9_740,0.589807687,EX01,MAG016
MAG016_MAG016_MAG016_9_741,2.755280361,EX01,MAG016
MAG016_MAG016_MAG016_9_742,5.09668111,EX01,MAG016
MAG016_MAG016_MAG016_9_743,1.26670074,EX01,MAG016
MAG016_MAG016_MAG016_9_744,1.156136155,EX01,MAG016
MAG016_MAG016_MAG016_9_745,7.952811151,EX01,MAG016
MAG016_MAG016_MAG016_9_746,0.0,EX01,MAG016
MAG016_MAG016_MAG016_9_747,0.039331284,EX01,MAG016
MAG016_MAG016_MAG016_9_748,1.244236855,EX01,MAG016
MAG016_MAG016_MAG016_9_749,0.0,EX01,MAG016
MAG016_MAG016_MAG016_9_75,15.43251398,EX01,MAG016
MAG016_MAG016_MAG016_9_750,0.0,EX01,MAG016
MAG016_MAG016_MAG016_9_751,1.055146842,EX01,MAG016
MAG016_MAG016_MAG016_9_752,0.651156822,EX01,MAG016
MAG016_MAG016_MAG016_9_753,0.774928187,EX01,MAG016
MAG016_MAG016_MAG016_9_754,0.0,EX01,MAG016
MAG016_MAG016_MAG016_9_755,0.0,EX01,MAG016
MAG016_MAG016_MAG016_9_756,0.0,EX01,MAG016
MAG016_MAG016_MAG016_9_757,0.056299121,EX01,MAG016
MAG016_MAG016_MAG016_9_758,1.0882314,EX01,MAG016
MAG016_MAG016_MAG016_9_759,2.316323744,EX01,MAG016
MAG016_MAG016_MAG016_9_76,12.84312007,EX01,MAG016
MAG016_MAG016_MAG016_9_760,1.713486287,EX01,MAG016
MAG016_MAG016_MAG016_9_761,0.0,EX01,MAG016
MAG016_MAG016_MAG016_9_762,20.24803604,EX01,MAG016
MAG016_MAG016_MAG016_9_763,0.0,EX01,MAG016
MAG016_MAG016_MAG016_9_764,0.197533865,EX01,MAG016
MAG016_MAG016_MAG016_9_765,0.702747608,EX01,MAG016
MAG016_MAG016_MAG016_9_766,0.753115639,EX01,MAG016
MAG016_MAG016_MAG016_9_767,0.0,EX01,MAG016
MAG016_MAG016_MAG016_9_768,0.0,EX01,MAG016
MAG016_MAG016_MAG016_9_77,0.0,EX01,MAG016
MAG016_MAG016_MAG016_9_78,4.997101653,EX01,MAG016
MAG016_MAG016_MAG016_9_79,0.0,EX01,MAG016
MAG016_MAG016_MAG016_9_8,6.271664516,EX01,MAG016
MAG016_MAG016_MAG016_9_80,0.011138896,EX01,MAG016
MAG016_MAG016_MAG016_9_81,1.104658051,EX01,MAG016
MAG016_MAG016_MAG016_9_82,0.453087171,EX01,MAG016
MAG016_MAG016_MAG016_9_83,0.558569089,EX01,MAG016
MAG016_MAG016_MAG016_9_84,0.0,EX01,MAG016
MAG016_MAG016_MAG016_9_85,1.104636318,EX01,MAG016
MAG016_MAG016_MAG016_9_86,1.418554037,EX01,MAG016
MAG016_MAG016_MAG016_9_87,10.15618112,EX01,MAG016
MAG016_MAG016_MAG016_9_88,0.870873961,EX01,MAG016
MAG016_MAG016_MAG016_9_89,0.0,EX01,MAG016
MAG016_MAG016_MAG016_9_9,23.73072417,EX01,MAG016
MAG016_MAG016_MAG016_9_90,0.248311549,EX01,MAG016
MAG016_MAG016_MAG016_9_91,0.084981414,EX01,MAG016
MAG016_MAG016_MAG016_9_92,4.732277798,EX01,MAG016
MAG016_MAG016_MAG016_9_93,0.050499063,EX01,MAG016
MAG016_MAG016_MAG016_9_94,2.001132184,EX01,MAG016
MAG016_MAG016_MAG016_9_95,0.523334423,EX01,MAG016
MAG016_MAG016_MAG016_9_96,20.69104679,EX01,MAG016
MAG016_MAG016_MAG016_9_97,3.130589262,EX01,MAG016
MAG016_MAG016_MAG016_9_98,2.793220052,EX01,MAG016
MAG016_MAG016_MAG016_9_99,4.452864042,EX01,MAG016
MAG113_MAG113_MAG113_10_1,0.0,EX01,MAG113
MAG113_MAG113_MAG113_11_1,0.0,EX01,MAG113
MAG113_MAG113_MAG113_11_10,0.253883849,EX01,MAG113
MAG113_MAG113_MAG113_11_100,1.396562288,EX01,MAG113
MAG113_MAG113_MAG113_11_101,1.238615821,EX01,MAG113
MAG113_MAG113_MAG113_11_102,1.029261167,EX01,MAG113
MAG113_MAG113_MAG113_11_103,1.140619922,EX01,MAG113
MAG113_MAG113_MAG113_11_104,0.257135113,EX01,MAG113
MAG113_MAG113_MAG113_11_105,0.560059366,EX01,MAG113
MAG113_MAG113_MAG113_11_106,0.0,EX01,MAG113
MAG113_MAG113_MAG113_11_107,0.0,EX01,MAG113
MAG113_MAG113_MAG113_11_108,2.794777133,EX01,MAG113
MAG113_MAG113_MAG113_11_109,0.024359081,EX01,MAG113
MAG113_MAG113_MAG113_11_11,3.921366341,EX01,MAG113
MAG113_MAG113_MAG113_11_110,0.0,EX01,MAG113
MAG113_MAG113_MAG113_11_111,0.0,EX01,MAG113
MAG113_MAG113_MAG113_11_112,0.0,EX01,MAG113
MAG113_MAG113_MAG113_11_113,3.469012746,EX01,MAG113
MAG113_MAG113_MAG113_11_114,0.0,EX01,MAG113
MAG113_MAG113_MAG113_11_115,0.0,EX01,MAG113
MAG113_MAG113_MAG113_11_116,1.005528079,EX01,MAG113
MAG113_MAG113_MAG113_11_117,0.0,EX01,MAG113
MAG113_MAG113_MAG113_11_118,1.007576821,EX01,MAG113
MAG113_MAG113_MAG113_11_119,0.0,EX01,MAG113
MAG113_MAG113_MAG113_11_12,3.811234966,EX01,MAG113
MAG113_MAG113_MAG113_11_120,0.599328963,EX01,MAG113
MAG113_MAG113_MAG113_11_121,0.422301101,EX01,MAG113
MAG113_MAG113_MAG113_11_122,0.0,EX01,MAG113
MAG113_MAG113_MAG113_11_123,0.78598633,EX01,MAG113
MAG113_MAG113_MAG113_11_124,3.076691922,EX01,MAG113
MAG113_MAG113_MAG113_11_125,3.65197794,EX01,MAG113
MAG113_MAG113_MAG113_11_126,1.2539306,EX01,MAG113
MAG113_MAG113_MAG113_11_127,0.758303163,EX01,MAG113
MAG113_MAG113_MAG113_11_128,0.046181184,EX01,MAG113
MAG113_MAG113_MAG113_11_129,2.601360477,EX01,MAG113
MAG113_MAG113_MAG113_11_13,3.657075004,EX01,MAG113
MAG113_MAG113_MAG113_11_130,0.0,EX01,MAG113
MAG113_MAG113_MAG113_11_131,1.331842042,EX01,MAG113
MAG113_MAG113_MAG113_11_132,0.0,EX01,MAG113
MAG113_MAG113_MAG113_11_133,1.700396714,EX01,MAG113
MAG113_MAG113_MAG113_11_134,0.521689683,EX01,MAG113
MAG113_MAG113_MAG113_11_135,4.616319756,EX01,MAG113
MAG113_MAG113_MAG113_11_136,4.985721911,EX01,MAG113
MAG113_MAG113_MAG113_11_137,2.04836492,EX01,MAG113
MAG113_MAG113_MAG113_11_138,0.226732991,EX01,MAG113
MAG113_MAG113_MAG113_11_139,0.0,EX01,MAG113
MAG113_MAG113_MAG113_11_14,4.858043325,EX01,MAG113
MAG113_MAG113_MAG113_11_140,0.824566946,EX01,MAG113
MAG113_MAG113_MAG113_11_141,0.141112898,EX01,MAG113
MAG113_MAG113_MAG113_11_142,0.0,EX01,MAG113
MAG113_MAG113_MAG113_11_143,0.0,EX01,MAG113
MAG113_MAG113_MAG113_11_144,0.434690497,EX01,MAG113
MAG113_MAG113_MAG113_11_145,1.17513385,EX01,MAG113
MAG113_MAG113_MAG113_11_146,0.0,EX01,MAG113
MAG113_MAG113_MAG113_11_147,0.998881567,EX01,MAG113
MAG113_MAG113_MAG113_11_148,1.513010171,EX01,MAG113
MAG113_MAG113_MAG113_11_149,0.0,EX01,MAG113
MAG113_MAG113_MAG113_11_15,0.88326553,EX01,MAG113
MAG113_MAG113_MAG113_11_16,0.49536072,EX01,MAG113
MAG113_MAG113_MAG113_11_17,1.498322366,EX01,MAG113
MAG113_MAG113_MAG113_11_18,0.483288781,EX01,MAG113
MAG113_MAG113_MAG113_11_19,0.0,EX01,MAG113
MAG113_MAG113_MAG113_11_2,0.0,EX01,MAG113
MAG113_MAG113_MAG113_11_20,0.24241687,EX01,MAG113
MAG113_MAG113_MAG113_11_21,0.0,EX01,MAG113
MAG113_MAG113_MAG113_11_22,0.0,EX01,MAG113
MAG113_MAG113_MAG113_11_23,0.277467101,EX01,MAG113
MAG113_MAG113_MAG113_11_24,0.843573537,EX01,MAG113
MAG113_MAG113_MAG113_11_25,3.576704711,EX01,MAG113
MAG113_MAG113_MAG113_11_26,0.505134547,EX01,MAG113
MAG113_MAG113_MAG113_11_27,0.0,EX01,MAG113
MAG113_MAG113_MAG113_11_28,0.720589312,EX01,MAG113
MAG113_MAG113_MAG113_11_29,0.517994361,EX01,MAG113
MAG113_MAG113_MAG113_11_3,6.570958852,EX01,MAG113
MAG113_MAG113_MAG113_11_30,0.080299266,EX01,MAG113
MAG113_MAG113_MAG113_11_31,0.428283459,EX01,MAG113
MAG113_MAG113_MAG113_11_32,0.665648293,EX01,MAG113
MAG113_MAG113_MAG113_11_33,0.487111731,EX01,MAG113
MAG113_MAG113_MAG113_11_34,0.136526411,EX01,MAG113
MAG113_MAG113_MAG113_11_35,0.018690814,EX01,MAG113
MAG113_MAG113_MAG113_11_36,0.3383149,EX01,MAG113
MAG113_MAG113_MAG113_11_37,0.235781885,EX01,MAG113
MAG113_MAG113_MAG113_11_38,0.132412446,EX01,MAG113
MAG113_MAG113_MAG113_11_39,1.024733408,EX01,MAG113
MAG113_MAG113_MAG113_11_4,0.093688202,EX01,MAG113
MAG113_MAG113_MAG113_11_40,1.817913794,EX01,MAG113
MAG113_MAG113_MAG113_11_41,4.907838783,EX01,MAG113
MAG113_MAG113_MAG113_11_42,0.0,EX01,MAG113
MAG113_MAG113_MAG113_11_43,7.094150323,EX01,MAG113
MAG113_MAG113_MAG113_11_44,1.279046093,EX01,MAG113
MAG113_MAG113_MAG113_11_45,0.876210901,EX01,MAG113
MAG113_MAG113_MAG113_11_46,0.17979699,EX01,MAG113
MAG113_MAG113_MAG113_11_47,0.0,EX01,MAG113
MAG113_MAG113_MAG113_11_48,0.070143849,EX01,MAG113
MAG113_MAG113_MAG113_11_49,0.345891719,EX01,MAG113
MAG113_MAG113_MAG113_11_5,1.896920299,EX01,MAG113
MAG113_MAG113_MAG113_11_50,0.031382896,EX01,MAG113
MAG113_MAG113_MAG113_11_51,1.79545706,EX01,MAG113
MAG113_MAG113_MAG113_11_52,0.0,EX01,MAG113
MAG113_MAG113_MAG113_11_53,1.640311816,EX01,MAG113
MAG113_MAG113_MAG113_11_54,0.0,EX01,MAG113
MAG113_MAG113_MAG113_11_55,0.0,EX01,MAG113
MAG113_MAG113_MAG113_11_56,0.921222003,EX01,MAG113
MAG113_MAG113_MAG113_11_57,1.037144882,EX01,MAG113
MAG113_MAG113_MAG113_11_58,0.0,EX01,MAG113
MAG113_MAG113_MAG113_11_59,0.708834011,EX01,MAG113
MAG113_MAG113_MAG113_11_6,0.471696388,EX01,MAG113
MAG113_MAG113_MAG113_11_60,0.89954724,EX01,MAG113
MAG113_MAG113_MAG113_11_61,0.0,EX01,MAG113
MAG113_MAG113_MAG113_11_62,1.507814703,EX01,MAG113
MAG113_MAG113_MAG113_11_63,0.786817306,EX01,MAG113
MAG113_MAG113_MAG113_11_64,3.020422519,EX01,MAG113
MAG113_MAG113_MAG113_11_65,0.770109256,EX01,MAG113
MAG113_MAG113_MAG113_11_66,0.0,EX01,MAG113
MAG113_MAG113_MAG113_11_67,0.670794857,EX01,MAG113
MAG113_MAG113_MAG113_11_68,1.291724642,EX01,MAG113
MAG113_MAG113_MAG113_11_69,0.0,EX01,MAG113
MAG113_MAG113_MAG113_11_7,2.237375015,EX01,MAG113
MAG113_MAG113_MAG113_11_70,0.005359913,EX01,MAG113
MAG113_MAG113_MAG113_11_71,0.0,EX01,MAG113
MAG113_MAG113_MAG113_11_72,0.379311326,EX01,MAG113
MAG113_MAG113_MAG113_11_73,0.314043936,EX01,MAG113
MAG113_MAG113_MAG113_11_74,0.533989442,EX01,MAG113
MAG113_MAG113_MAG113_11_75,0.290837556,EX01,MAG113
MAG113_MAG113_MAG113_11_76,1.008500504,EX01,MAG113
MAG113_MAG113_MAG113_11_77,3.023520145,EX01,MAG113
MAG113_MAG113_MAG113_11_78,0.0,EX01,MAG113
MAG113_MAG113_MAG113_11_79,1.103771184,EX01,MAG113
MAG113_MAG113_MAG113_11_8,0.158657303,EX01,MAG113
MAG113_MAG113_MAG113_11_80,0.0,EX01,MAG113
MAG113_MAG113_MAG113_11_81,0.0,EX01,MAG113
MAG113_MAG113_MAG113_11_82,0.022896231,EX01,MAG113
MAG113_MAG113_MAG113_11_83,0.542886079,EX01,MAG113
MAG113_MAG113_MAG113_11_84,1.747068852,EX01,MAG113
MAG113_MAG113_MAG113_11_85,1.248601984,EX01,MAG113
MAG113_MAG113_MAG113_11_86,4.307206859,EX01,MAG113
MAG113_MAG113_MAG113_11_87,2.232583213,EX01,MAG113
MAG113_MAG113_MAG113_11_88,2.575116769,EX01,MAG113
MAG113_MAG113_MAG113_11_89,10.23033264,EX01,MAG113
MAG113_MAG113_MAG113_11_9,0.419068098,EX01,MAG113
MAG113_MAG113_MAG113_11_90,0.639877246,EX01,MAG113
MAG113_MAG113_MAG113_11_91,0.654240035,EX01,MAG113
MAG113_MAG113_MAG113_11_92,0.035665739,EX01,MAG113
MAG113_MAG113_MAG113_11_93,1.913731986,EX01,MAG113
MAG113_MAG113_MAG113_11_94,3.991384372,EX01,MAG113
MAG113_MAG113_MAG113_11_95,0.0,EX01,MAG113
MAG113_MAG113_MAG113_11_96,0.664385949,EX01,MAG113
MAG113_MAG113_MAG113_11_97,0.299664467,EX01,MAG113
MAG113_MAG113_MAG113_11_98,0.0,EX01,MAG113
MAG113_MAG113_MAG113_11_99,1.296547767,EX01,MAG113
MAG113_MAG113_MAG113_12_1,0.0,EX01,MAG113
MAG113_MAG113_MAG113_12_2,1.201790298,EX01,MAG113
MAG113_MAG113_MAG113_12_3,0.17514321,EX01,MAG113
MAG113_MAG113_MAG113_12_4,0.335265611,EX01,MAG113
MAG113_MAG113_MAG113_12_5,0.0,EX01,MAG113
MAG113_MAG113_MAG113_12_6,0.348432581,EX01,MAG113
MAG113_MAG113_MAG113_12_7,0.491354936,EX01,MAG113
MAG113_MAG113_MAG113_12_8,0.505139646,EX01,MAG113
MAG113_MAG113_MAG113_12_9,3.04462599,EX01,MAG113
MAG113_MAG113_MAG113_13_1,1.238443341,EX01,MAG113
MAG113_MAG113_MAG113_13_2,2.063148663,EX01,MAG113
MAG113_MAG113_MAG113_13_3,1.033508849,EX01,MAG113
MAG113_MAG113_MAG113_13_4,0.0,EX01,MAG113
MAG113_MAG113_MAG113_13_5,0.215712161,EX01,MAG113
MAG113_MAG113_MAG113_13_6,0.485742942,EX01,MAG113
MAG113_MAG113_MAG113_14_1,0.0,EX01,MAG113
MAG113_MAG113_MAG113_15_1,0.099888154,EX01,MAG113
MAG113_MAG113_MAG113_15_10,5.124189802,EX01,MAG113
MAG113_MAG113_MAG113_15_11,3.133378281,EX01,MAG113
MAG113_MAG113_MAG113_15_12,14.69631815,EX01,MAG113
MAG113_MAG113_MAG113_15_13,3.95835142,EX01,MAG113
MAG113_MAG113_MAG113_15_14,0.485210853,EX01,MAG113
MAG113_MAG113_MAG113_15_15,9.634987782,EX01,MAG113
MAG113_MAG113_MAG113_15_16,5.470128236,EX01,MAG113
MAG113_MAG113_MAG113_15_17,1.601842005,EX01,MAG113
MAG113_MAG113_MAG113_15_18,5.399547166,EX01,MAG113
MAG113_MAG113_MAG113_15_19,4.714797816,EX01,MAG113
MAG113_MAG113_MAG113_15_2,0.358002839,EX01,MAG113
MAG113_MAG113_MAG113_15_20,4.760939968,EX01,MAG113
MAG113_MAG113_MAG113_15_21,0.105998394,EX01,MAG113
MAG113_MAG113_MAG113_15_22,1.041364257,EX01,MAG113
MAG113_MAG113_MAG113_15_23,7.898952725,EX01,MAG113
MAG113_MAG113_MAG113_15_24,7.687174033,EX01,MAG113
MAG113_MAG113_MAG113_15_25,3.870026148,EX01,MAG113
MAG113_MAG113_MAG113_15_26,4.85838664,EX01,MAG113
MAG113_MAG113_MAG113_15_27,12.09098595,EX01,MAG113
MAG113_MAG113_MAG113_15_28,1.533882855,EX01,MAG113
MAG113_MAG113_MAG113_15_29,2.834574588,EX01,MAG113
MAG113_MAG113_MAG113_15_3,0.253315635,EX01,MAG113
MAG113_MAG113_MAG113_15_30,5.726939799,EX01,MAG113
MAG113_MAG113_MAG113_15_31,1.743989798,EX01,MAG113
MAG113_MAG113_MAG113_15_32,15.83032594,EX01,MAG113
MAG113_MAG113_MAG113_15_33,20.2676849,EX01,MAG113
MAG113_MAG113_MAG113_15_34,7.759039696,EX01,MAG113
MAG113_MAG113_MAG113_15_35,8.051391749,EX01,MAG113
MAG113_MAG113_MAG113_15_36,0.18794098,EX01,MAG113
MAG113_MAG113_MAG113_15_37,0.428256219,EX01,MAG113
MAG113_MAG113_MAG113_15_38,0.0,EX01,MAG113
MAG113_MAG113_MAG113_15_39,9.340174834,EX01,MAG113
MAG113_MAG113_MAG113_15_4,3.517369272,EX01,MAG113
MAG113_MAG113_MAG113_15_40,8.150798246,EX01,MAG113
MAG113_MAG113_MAG113_15_41,0.0,EX01,MAG113
MAG113_MAG113_MAG113_15_5,1.744338986,EX01,MAG113
MAG113_MAG113_MAG113_15_6,15.75832236,EX01,MAG113
MAG113_MAG113_MAG113_15_7,5.300212219,EX01,MAG113
MAG113_MAG113_MAG113_15_8,24.26429015,EX01,MAG113
MAG113_MAG113_MAG113_15_9,1.255073894,EX01,MAG113
MAG113_MAG113_MAG113_16_1,0.0,EX01,MAG113
MAG113_MAG113_MAG113_16_10,0.0,EX01,MAG113
MAG113_MAG113_MAG113_16_100,0.967378161,EX01,MAG113
MAG113_MAG113_MAG113_16_101,1.221314621,EX01,MAG113
MAG113_MAG113_MAG113_16_102,4.887246111,EX01,MAG113
MAG113_MAG113_MAG113_16_103,1.361510204,EX01,MAG113
MAG113_MAG113_MAG113_16_104,4.047406708,EX01,MAG113
MAG113_MAG113_MAG113_16_105,0.979768878,EX01,MAG113
MAG113_MAG113_MAG113_16_106,0.728993831,EX01,MAG113
MAG113_MAG113_MAG113_16_107,1.980076198,EX01,MAG113
MAG113_MAG113_MAG113_16_108,6.958825984,EX01,MAG113
MAG113_MAG113_MAG113_16_109,0.447437295,EX01,MAG113
MAG113_MAG113_MAG113_16_11,0.0,EX01,MAG113
MAG113_MAG113_MAG113_16_110,0.163531092,EX01,MAG113
MAG113_MAG113_MAG113_16_111,0.784921477,EX01,MAG113
MAG113_MAG113_MAG113_16_112,1.021847872,EX01,MAG113
MAG113_MAG113_MAG113_16_113,0.0,EX01,MAG113
MAG113_MAG113_MAG113_16_114,0.509210316,EX01,MAG113
MAG113_MAG113_MAG113_16_115,1.222038957,EX01,MAG113
MAG113_MAG113_MAG113_16_116,0.0,EX01,MAG113
MAG113_MAG113_MAG113_16_117,0.197078047,EX01,MAG113
MAG113_MAG113_MAG113_16_118,0.486427556,EX01,MAG113
MAG113_MAG113_MAG113_16_119,2.2434812,EX01,MAG113
MAG113_MAG113_MAG113_16_12,0.0,EX01,MAG113
MAG113_MAG113_MAG113_16_120,0.859661232,EX01,MAG113
MAG113_MAG113_MAG113_16_121,5.063749654,EX01,MAG113
MAG113_MAG113_MAG113_16_122,15.0999071,EX01,MAG113
MAG113_MAG113_MAG113_16_123,1.206558605,EX01,MAG113
MAG113_MAG113_MAG113_16_124,1.337747862,EX01,MAG113
MAG113_MAG113_MAG113_16_125,0.4724757,EX01,MAG113
MAG113_MAG113_MAG113_16_126,6.411178585,EX01,MAG113
MAG113_MAG113_MAG113_16_127,0.70732152,EX01,MAG113
MAG113_MAG113_MAG113_16_128,0.681223775,EX01,MAG113
MAG113_MAG113_MAG113_16_129,1.737229443,EX01,MAG113
MAG113_MAG113_MAG113_16_13,0.0,EX01,MAG113
MAG113_MAG113_MAG113_16_130,1.368613551,EX01,MAG113
MAG113_MAG113_MAG113_16_131,0.172440806,EX01,MAG113
MAG113_MAG113_MAG113_16_132,0.437138512,EX01,MAG113
MAG113_MAG113_MAG113_16_133,0.24879465,EX01,MAG113
MAG113_MAG113_MAG113_16_134,0.11519299,EX01,MAG113
MAG113_MAG113_MAG113_16_135,5.027273147,EX01,MAG113
MAG113_MAG113_MAG113_16_136,0.183961132,EX01,MAG113
MAG113_MAG113_MAG113_16_137,2.072526224,EX01,MAG113
MAG113_MAG113_MAG113_16_138,0.909951099,EX01,MAG113
MAG113_MAG113_MAG113_16_139,0.881713814,EX01,MAG113
MAG113_MAG113_MAG113_16_14,0.0,EX01,MAG113
MAG113_MAG113_MAG113_16_140,0.0,EX01,MAG113
MAG113_MAG113_MAG113_16_141,0.754546275,EX01,MAG113
MAG113_MAG113_MAG113_16_142,0.239331034,EX01,MAG113
MAG113_MAG113_MAG113_16_143,0.0,EX01,MAG113
MAG113_MAG113_MAG113_16_144,0.342684747,EX01,MAG113
MAG113_MAG113_MAG113_16_145,0.0,EX01,MAG113
MAG113_MAG113_MAG113_16_146,0.423226675,EX01,MAG113
MAG113_MAG113_MAG113_16_147,0.171527281,EX01,MAG113
MAG113_MAG113_MAG113_16_148,1.223527951,EX01,MAG113
MAG113_MAG113_MAG113_16_149,1.02951037,EX01,MAG113
MAG113_MAG113_MAG113_16_15,2.663684157,EX01,MAG113
MAG113_MAG113_MAG113_16_150,0.287253662,EX01,MAG113
MAG113_MAG113_MAG113_16_151,0.944685929,EX01,MAG113
MAG113_MAG113_MAG113_16_152,5.968088312,EX01,MAG113
MAG113_MAG113_MAG113_16_153,5.952872889,EX01,MAG113
MAG113_MAG113_MAG113_16_154,0.79564618,EX01,MAG113
MAG113_MAG113_MAG113_16_155,0.0,EX01,MAG113
MAG113_MAG113_MAG113_16_156,0.90487321,EX01,MAG113
MAG113_MAG113_MAG113_16_157,0.457212993,EX01,MAG113
MAG113_MAG113_MAG113_16_158,0.0,EX01,MAG113
MAG113_MAG113_MAG113_16_159,0.0,EX01,MAG113
MAG113_MAG113_MAG113_16_16,0.0,EX01,MAG113
MAG113_MAG113_MAG113_16_160,0.0,EX01,MAG113
MAG113_MAG113_MAG113_16_161,0.0,EX01,MAG113
MAG113_MAG113_MAG113_16_162,0.0,EX01,MAG113
MAG113_MAG113_MAG113_16_163,1.689129145,EX01,MAG113
MAG113_MAG113_MAG113_16_164,0.0,EX01,MAG113
MAG113_MAG113_MAG113_16_165,2.540381109,EX01,MAG113
MAG113_MAG113_MAG113_16_166,0.743289252,EX01,MAG113
MAG113_MAG113_MAG113_16_167,0.548094868,EX01,MAG113
MAG113_MAG113_MAG113_16_168,0.0,EX01,MAG113
MAG113_MAG113_MAG113_16_169,0.0,EX01,MAG113
MAG113_MAG113_MAG113_16_17,0.0,EX01,MAG113
MAG113_MAG113_MAG113_16_170,0.0,EX01,MAG113
MAG113_MAG113_MAG113_16_171,0.278859359,EX01,MAG113
MAG113_MAG113_MAG113_16_172,0.428313484,EX01,MAG113
MAG113_MAG113_MAG113_16_173,0.600517351,EX01,MAG113
MAG113_MAG113_MAG113_16_174,1.308901899,EX01,MAG113
MAG113_MAG113_MAG113_16_175,0.0,EX01,MAG113
MAG113_MAG113_MAG113_16_176,0.0,EX01,MAG113
MAG113_MAG113_MAG113_16_177,6.706140979,EX01,MAG113
MAG113_MAG113_MAG113_16_178,3.193102411,EX01,MAG113
MAG113_MAG113_MAG113_16_179,2.847219325,EX01,MAG113
MAG113_MAG113_MAG113_16_18,0.0,EX01,MAG113
MAG113_MAG113_MAG113_16_180,1.818334578,EX01,MAG113
MAG113_MAG113_MAG113_16_181,0.644776809,EX01,MAG113
MAG113_MAG113_MAG113_16_182,9.570203954,EX01,MAG113
MAG113_MAG113_MAG113_16_183,3.240097331,EX01,MAG113
MAG113_MAG113_MAG113_16_184,3.537031157,EX01,MAG113
MAG113_MAG113_MAG113_16_185,1.969155009,EX01,MAG113
MAG113_MAG113_MAG113_16_186,2.030787684,EX01,MAG113
MAG113_MAG113_MAG113_16_187,2.05967347,EX01,MAG113
MAG113_MAG113_MAG113_16_188,9.28202089,EX01,MAG113
MAG113_MAG113_MAG113_16_189,0.186592512,EX01,MAG113
MAG113_MAG113_MAG113_16_19,0.0,EX01,MAG113
MAG113_MAG113_MAG113_16_190,14.4953065,EX01,MAG113
MAG113_MAG113_MAG113_16_191,0.018557369,EX01,MAG113
MAG113_MAG113_MAG113_16_192,0.627198873,EX01,MAG113
MAG113_MAG113_MAG113_16_193,2.677915093,EX01,MAG113
MAG113_MAG113_MAG113_16_194,0.180432437,EX01,MAG113
MAG113_MAG113_MAG113_16_195,0.0,EX01,MAG113
MAG113_MAG113_MAG113_16_196,0.0,EX01,MAG113
MAG113_MAG113_MAG113_16_197,0.0,EX01,MAG113
MAG113_MAG113_MAG113_16_198,0.0,EX01,MAG113
MAG113_MAG113_MAG113_16_199,1.522608701,EX01,MAG113
MAG113_MAG113_MAG113_16_2,0.0,EX01,MAG113
MAG113_MAG113_MAG113_16_20,0.0,EX01,MAG113
MAG113_MAG113_MAG113_16_200,7.019785193,EX01,MAG113
MAG113_MAG113_MAG113_16_201,1.312376893,EX01,MAG113
MAG113_MAG113_MAG113_16_202,1.017268184,EX01,MAG113
MAG113_MAG113_MAG113_16_203,0.0,EX01,MAG113
MAG113_MAG113_MAG113_16_204,0.120447212,EX01,MAG113
MAG113_MAG113_MAG113_16_205,1.936820237,EX01,MAG113
MAG113_MAG113_MAG113_16_206,0.0,EX01,MAG113
MAG113_MAG113_MAG113_16_207,1.973407489,EX01,MAG113
MAG113_MAG113_MAG113_16_208,2.110941297,EX01,MAG113
MAG113_MAG113_MAG113_16_209,0.182530046,EX01,MAG113
MAG113_MAG113_MAG113_16_21,0.0,EX01,MAG113
MAG113_MAG113_MAG113_16_210,0.303143043,EX01,MAG113
MAG113_MAG113_MAG113_16_211,0.569077678,EX01,MAG113
MAG113_MAG113_MAG113_16_212,1.678668272,EX01,MAG113
MAG113_MAG113_MAG113_16_213,0.099124222,EX01,MAG113
MAG113_MAG113_MAG113_16_214,0.44467972,EX01,MAG113
MAG113_MAG113_MAG113_16_215,0.867599825,EX01,MAG113
MAG113_MAG113_MAG113_16_216,0.0,EX01,MAG113
MAG113_MAG113_MAG113_16_217,0.560805794,EX01,MAG113
MAG113_MAG113_MAG113_16_218,0.0,EX01,MAG113
MAG113_MAG113_MAG113_16_219,15.76994739,EX01,MAG113
MAG113_MAG113_MAG113_16_22,0.0,EX01,MAG113
MAG113_MAG113_MAG113_16_220,13.35379588,EX01,MAG113
MAG113_MAG113_MAG113_16_221,12.4649541,EX01,MAG113
MAG113_MAG113_MAG113_16_222,7.406772088,EX01,MAG113
MAG113_MAG113_MAG113_16_223,6.019874384,EX01,MAG113
MAG113_MAG113_MAG113_16_224,0.157042647,EX01,MAG113
MAG113_MAG113_MAG113_16_225,0.823369808,EX01,MAG113
MAG113_MAG113_MAG113_16_226,3.983504238,EX01,MAG113
MAG113_MAG113_MAG113_16_227,3.046217923,EX01,MAG113
MAG113_MAG113_MAG113_16_228,2.974984921,EX01,MAG113
MAG113_MAG113_MAG113_16_229,4.02266664,EX01,MAG113
MAG113_MAG113_MAG113_16_23,0.0,EX01,MAG113
MAG113_MAG113_MAG113_16_230,3.291316649,EX01,MAG113
MAG113_MAG113_MAG113_16_231,0.0,EX01,MAG113
MAG113_MAG113_MAG113_16_232,2.170873799,EX01,MAG113
MAG113_MAG113_MAG113_16_233,0.253890987,EX01,MAG113
MAG113_MAG113_MAG113_16_234,0.374186444,EX01,MAG113
MAG113_MAG113_MAG113_16_235,0.0,EX01,MAG113
MAG113_MAG113_MAG113_16_236,0.0,EX01,MAG113
MAG113_MAG113_MAG113_16_237,0.0,EX01,MAG113
MAG113_MAG113_MAG113_16_238,0.667948793,EX01,MAG113
MAG113_MAG113_MAG113_16_239,0.698587468,EX01,MAG113
MAG113_MAG113_MAG113_16_24,0.008563099,EX01,MAG113
MAG113_MAG113_MAG113_16_240,1.007984909,EX01,MAG113
MAG113_MAG113_MAG113_16_241,2.703673948,EX01,MAG113
MAG113_MAG113_MAG113_16_242,0.0,EX01,MAG113
MAG113_MAG113_MAG113_16_243,0.0,EX01,MAG113
MAG113_MAG113_MAG113_16_244,3.265000415,EX01,MAG113
MAG113_MAG113_MAG113_16_245,0.271219191,EX01,MAG113
MAG113_MAG113_MAG113_16_246,1.351771097,EX01,MAG113
MAG113_MAG113_MAG113_16_247,0.618039727,EX01,MAG113
MAG113_MAG113_MAG113_16_248,0.38633971,EX01,MAG113
MAG113_MAG113_MAG113_16_249,0.038082818,EX01,MAG113
MAG113_MAG113_MAG113_16_25,0.0,EX01,MAG113
MAG113_MAG113_MAG113_16_250,0.0,EX01,MAG113
MAG113_MAG113_MAG113_16_251,0.0,EX01,MAG113
MAG113_MAG113_MAG113_16_252,0.10283218,EX01,MAG113
MAG113_MAG113_MAG113_16_253,0.900509322,EX01,MAG113
MAG113_MAG113_MAG113_16_254,0.0,EX01,MAG113
MAG113_MAG113_MAG113_16_255,0.0,EX01,MAG113
MAG113_MAG113_MAG113_16_256,0.0,EX01,MAG113
MAG113_MAG113_MAG113_16_257,0.0,EX01,MAG113
MAG113_MAG113_MAG113_16_258,0.0,EX01,MAG113
MAG113_MAG113_MAG113_16_259,2.711823081,EX01,MAG113
MAG113_MAG113_MAG113_16_26,0.0,EX01,MAG113
MAG113_MAG113_MAG113_16_260,2.023977935,EX01,MAG113
MAG113_MAG113_MAG113_16_261,0.0,EX01,MAG113
MAG113_MAG113_MAG113_16_262,0.0,EX01,MAG113
MAG113_MAG113_MAG113_16_263,1.490148189,EX01,MAG113
MAG113_MAG113_MAG113_16_264,0.407881252,EX01,MAG113
MAG113_MAG113_MAG113_16_265,0.0,EX01,MAG113
MAG113_MAG113_MAG113_16_266,0.0,EX01,MAG113
MAG113_MAG113_MAG113_16_267,0.0,EX01,MAG113
MAG113_MAG113_MAG113_16_268,1.514948797,EX01,MAG113
MAG113_MAG113_MAG113_16_269,0.524783808,EX01,MAG113
MAG113_MAG113_MAG113_16_27,0.0,EX01,MAG113
MAG113_MAG113_MAG113_16_28,0.0,EX01,MAG113
MAG113_MAG113_MAG113_16_29,0.0,EX01,MAG113
MAG113_MAG113_MAG113_16_3,0.0,EX01,MAG113
MAG113_MAG113_MAG113_16_30,0.0,EX01,MAG113
MAG113_MAG113_MAG113_16_31,0.129484643,EX01,MAG113
MAG113_MAG113_MAG113_16_32,0.0,EX01,MAG113
MAG113_MAG113_MAG113_16_33,0.0,EX01,MAG113
MAG113_MAG113_MAG113_16_34,0.0,EX01,MAG113
MAG113_MAG113_MAG113_16_35,0.095600744,EX01,MAG113
MAG113_MAG113_MAG113_16_36,0.0,EX01,MAG113
MAG113_MAG113_MAG113_16_37,0.0,EX01,MAG113
MAG113_MAG113_MAG113_16_38,0.0,EX01,MAG113
MAG113_MAG113_MAG113_16_39,0.0,EX01,MAG113
MAG113_MAG113_MAG113_16_4,0.0,EX01,MAG113
MAG113_MAG113_MAG113_16_40,0.124860199,EX01,MAG113
MAG113_MAG113_MAG113_16_41,0.0,EX01,MAG113
MAG113_MAG113_MAG113_16_42,0.006499055,EX01,MAG113
MAG113_MAG113_MAG113_16_43,0.0,EX01,MAG113
MAG113_MAG113_MAG113_16_44,0.186457894,EX01,MAG113
MAG113_MAG113_MAG113_16_45,0.0,EX01,MAG113
MAG113_MAG113_MAG113_16_46,0.00379502,EX01,MAG113
MAG113_MAG113_MAG113_16_47,0.0,EX01,MAG113
MAG113_MAG113_MAG113_16_48,0.0,EX01,MAG113
MAG113_MAG113_MAG113_16_49,0.0,EX01,MAG113
MAG113_MAG113_MAG113_16_5,0.0,EX01,MAG113
MAG113_MAG113_MAG113_16_50,0.0,EX01,MAG113
MAG113_MAG113_MAG113_16_51,0.0,EX01,MAG113
MAG113_MAG113_MAG113_16_52,0.0,EX01,MAG113
MAG113_MAG113_MAG113_16_53,0.0,EX01,MAG113
MAG113_MAG113_MAG113_16_54,0.0,EX01,MAG113
MAG113_MAG113_MAG113_16_55,0.0,EX01,MAG113
MAG113_MAG113_MAG113_16_56,0.0,EX01,MAG113
MAG113_MAG113_MAG113_16_57,0.0,EX01,MAG113
MAG113_MAG113_MAG113_16_58,1.473959589,EX01,MAG113
MAG113_MAG113_MAG113_16_59,0.0,EX01,MAG113
MAG113_MAG113_MAG113_16_6,0.0,EX01,MAG113
MAG113_MAG113_MAG113_16_60,0.0,EX01,MAG113
MAG113_MAG113_MAG113_16_61,0.392498032,EX01,MAG113
MAG113_MAG113_MAG113_16_62,0.0,EX01,MAG113
MAG113_MAG113_MAG113_16_63,0.82989488,EX01,MAG113
MAG113_MAG113_MAG113_16_64,1.698944436,EX01,MAG113
MAG113_MAG113_MAG113_16_65,1.209489725,EX01,MAG113
MAG113_MAG113_MAG113_16_66,2.016949884,EX01,MAG113
MAG113_MAG113_MAG113_16_67,0.230842233,EX01,MAG113
MAG113_MAG113_MAG113_16_68,0.0,EX01,MAG113
MAG113_MAG113_MAG113_16_69,0.0,EX01,MAG113
MAG113_MAG113_MAG113_16_7,0.0,EX01,MAG113
MAG113_MAG113_MAG113_16_70,0.0,EX01,MAG113
MAG113_MAG113_MAG113_16_71,0.0,EX01,MAG113
MAG113_MAG113_MAG113_16_72,0.0,EX01,MAG113
MAG113_MAG113_MAG113_16_73,0.0,EX01,MAG113
MAG113_MAG113_MAG113_16_74,0.0,EX01,MAG113
MAG113_MAG113_MAG113_16_75,0.0,EX01,MAG113
MAG113_MAG113_MAG113_16_76,0.0,EX01,MAG113
MAG113_MAG113_MAG113_16_77,0.0,EX01,MAG113
MAG113_MAG113_MAG113_16_78,0.0,EX01,MAG113
MAG113_MAG113_MAG113_16_79,0.0,EX01,MAG113
MAG113_MAG113_MAG113_16_8,0.0,EX01,MAG113
MAG113_MAG113_MAG113_16_80,0.0,EX01,MAG113
MAG113_MAG113_MAG113_16_81,0.0,EX01,MAG113
MAG113_MAG113_MAG113_16_82,0.0,EX01,MAG113
MAG113_MAG113_MAG113_16_83,0.0,EX01,MAG113
MAG113_MAG113_MAG113_16_84,0.0,EX01,MAG113
MAG113_MAG113_MAG113_16_85,3.042754191,EX01,MAG113
MAG113_MAG113_MAG113_16_86,2.600439882,EX01,MAG113
MAG113_MAG113_MAG113_16_87,0.754022323,EX01,MAG113
MAG113_MAG113_MAG113_16_88,0.009162847,EX01,MAG113
MAG113_MAG113_MAG113_16_89,0.0,EX01,MAG113
MAG113_MAG113_MAG113_16_9,0.0,EX01,MAG113
MAG113_MAG113_MAG113_16_90,18.82409536,EX01,MAG113
MAG113_MAG113_MAG113_16_91,0.0,EX01,MAG113
MAG113_MAG113_MAG113_16_92,0.216356776,EX01,MAG113
MAG113_MAG113_MAG113_16_93,0.0,EX01,MAG113
MAG113_MAG113_MAG113_16_94,0.0,EX01,MAG113
MAG113_MAG113_MAG113_16_95,0.113918808,EX01,MAG113
MAG113_MAG113_MAG113_16_96,0.010535405,EX01,MAG113
MAG113_MAG113_MAG113_16_97,0.468524902,EX01,MAG113
MAG113_MAG113_MAG113_16_98,0.227018534,EX01,MAG113
MAG113_MAG113_MAG113_16_99,25.85885621,EX01,MAG113
MAG113_MAG113_MAG113_17_1,0.0,EX01,MAG113
MAG113_MAG113_MAG113_17_10,0.665921029,EX01,MAG113
MAG113_MAG113_MAG113_17_100,0.353468479,EX01,MAG113
MAG113_MAG113_MAG113_17_101,0.0,EX01,MAG113
MAG113_MAG113_MAG113_17_102,0.0,EX01,MAG113
MAG113_MAG113_MAG113_17_103,0.0,EX01,MAG113
MAG113_MAG113_MAG113_17_104,0.599328934,EX01,MAG113
MAG113_MAG113_MAG113_17_105,3.378203394,EX01,MAG113
MAG113_MAG113_MAG113_17_106,0.573728867,EX01,MAG113
MAG113_MAG113_MAG113_17_107,0.716095291,EX01,MAG113
MAG113_MAG113_MAG113_17_108,1.361703106,EX01,MAG113
MAG113_MAG113_MAG113_17_109,12.13659984,EX01,MAG113
MAG113_MAG113_MAG113_17_11,0.658317677,EX01,MAG113
MAG113_MAG113_MAG113_17_110,16.30790033,EX01,MAG113
MAG113_MAG113_MAG113_17_111,2.818169824,EX01,MAG113
MAG113_MAG113_MAG113_17_112,1.581871765,EX01,MAG113
MAG113_MAG113_MAG113_17_113,65.28772821,EX01,MAG113
MAG113_MAG113_MAG113_17_114,4.343916368,EX01,MAG113
MAG113_MAG113_MAG113_17_115,0.190528872,EX01,MAG113
MAG113_MAG113_MAG113_17_116,0.0,EX01,MAG113
MAG113_MAG113_MAG113_17_117,0.0,EX01,MAG113
MAG113_MAG113_MAG113_17_12,0.150989581,EX01,MAG113
MAG113_MAG113_MAG113_17_13,0.540497881,EX01,MAG113
MAG113_MAG113_MAG113_17_14,0.0,EX01,MAG113
MAG113_MAG113_MAG113_17_15,0.657815752,EX01,MAG113
MAG113_MAG113_MAG113_17_16,1.300585661,EX01,MAG113
MAG113_MAG113_MAG113_17_17,2.789032991,EX01,MAG113
MAG113_MAG113_MAG113_17_18,2.3076582,EX01,MAG113
MAG113_MAG113_MAG113_17_19,2.277936476,EX01,MAG113
MAG113_MAG113_MAG113_17_2,0.0,EX01,MAG113
MAG113_MAG113_MAG113_17_20,0.0,EX01,MAG113
MAG113_MAG113_MAG113_17_21,0.0,EX01,MAG113
MAG113_MAG113_MAG113_17_22,0.0,EX01,MAG113
MAG113_MAG113_MAG113_17_23,3.013404232,EX01,MAG113
MAG113_MAG113_MAG113_17_24,3.974974303,EX01,MAG113
MAG113_MAG113_MAG113_17_25,12.52367295,EX01,MAG113
MAG113_MAG113_MAG113_17_26,2.620539626,EX01,MAG113
MAG113_MAG113_MAG113_17_27,2.913594557,EX01,MAG113
MAG113_MAG113_MAG113_17_28,1.041994186,EX01,MAG113
MAG113_MAG113_MAG113_17_29,0.982619422,EX01,MAG113
MAG113_MAG113_MAG113_17_3,1.510730906,EX01,MAG113
MAG113_MAG113_MAG113_17_30,5.959994036,EX01,MAG113
MAG113_MAG113_MAG113_17_31,0.005401543,EX01,MAG113
MAG113_MAG113_MAG113_17_32,0.0,EX01,MAG113
MAG113_MAG113_MAG113_17_33,2.510132362,EX01,MAG113
MAG113_MAG113_MAG113_17_34,2.685163791,EX01,MAG113
MAG113_MAG113_MAG113_17_35,2.717967753,EX01,MAG113
MAG113_MAG113_MAG113_17_36,0.665893449,EX01,MAG113
MAG113_MAG113_MAG113_17_37,0.0,EX01,MAG113
MAG113_MAG113_MAG113_17_38,0.0,EX01,MAG113
MAG113_MAG113_MAG113_17_39,2.607021512,EX01,MAG113
MAG113_MAG113_MAG113_17_4,0.351979198,EX01,MAG113
MAG113_MAG113_MAG113_17_40,0.0,EX01,MAG113
MAG113_MAG113_MAG113_17_41,0.020356826,EX01,MAG113
MAG113_MAG113_MAG113_17_42,1.775289837,EX01,MAG113
MAG113_MAG113_MAG113_17_43,0.266420015,EX01,MAG113
MAG113_MAG113_MAG113_17_44,4.350001241,EX01,MAG113
MAG113_MAG113_MAG113_17_45,1.365718867,EX01,MAG113
MAG113_MAG113_MAG113_17_46,0.443987258,EX01,MAG113
MAG113_MAG113_MAG113_17_47,1.005026352,EX01,MAG113
MAG113_MAG113_MAG113_17_48,0.0,EX01,MAG113
MAG113_MAG113_MAG113_17_49,0.698704073,EX01,MAG113
MAG113_MAG113_MAG113_17_5,0.0,EX01,MAG113
MAG113_MAG113_MAG113_17_50,0.0,EX01,MAG113
MAG113_MAG113_MAG113_17_51,0.707496438,EX01,MAG113
MAG113_MAG113_MAG113_17_52,0.016729325,EX01,MAG113
MAG113_MAG113_MAG113_17_53,0.354671126,EX01,MAG113
MAG113_MAG113_MAG113_17_54,0.482002414,EX01,MAG113
MAG113_MAG113_MAG113_17_55,0.0,EX01,MAG113
MAG113_MAG113_MAG113_17_56,0.0,EX01,MAG113
MAG113_MAG113_MAG113_17_57,0.0,EX01,MAG113
MAG113_MAG113_MAG113_17_58,0.713700599,EX01,MAG113
MAG113_MAG113_MAG113_17_59,0.455987839,EX01,MAG113
MAG113_MAG113_MAG113_17_6,0.0,EX01,MAG113
MAG113_MAG113_MAG113_17_60,0.731568599,EX01,MAG113
MAG113_MAG113_MAG113_17_61,1.826328243,EX01,MAG113
MAG113_MAG113_MAG113_17_62,2.17962641,EX01,MAG113
MAG113_MAG113_MAG113_17_63,0.0,EX01,MAG113
MAG113_MAG113_MAG113_17_64,0.0,EX01,MAG113
MAG113_MAG113_MAG113_17_65,0.38269071,EX01,MAG113
MAG113_MAG113_MAG113_17_66,0.0,EX01,MAG113
MAG113_MAG113_MAG113_17_67,1.350107594,EX01,MAG113
MAG113_MAG113_MAG113_17_68,0.302731985,EX01,MAG113
MAG113_MAG113_MAG113_17_69,1.375984373,EX01,MAG113
MAG113_MAG113_MAG113_17_7,0.0,EX01,MAG113
MAG113_MAG113_MAG113_17_70,0.131910001,EX01,MAG113
MAG113_MAG113_MAG113_17_71,0.0,EX01,MAG113
MAG113_MAG113_MAG113_17_72,0.0,EX01,MAG113
MAG113_MAG113_MAG113_17_73,1.179317282,EX01,MAG113
MAG113_MAG113_MAG113_17_74,6.850678499,EX01,MAG113
MAG113_MAG113_MAG113_17_75,8.018765969,EX01,MAG113
MAG113_MAG113_MAG113_17_76,9.800378066,EX01,MAG113
MAG113_MAG113_MAG113_17_77,1.780551349,EX01,MAG113
MAG113_MAG113_MAG113_17_78,0.704029101,EX01,MAG113
MAG113_MAG113_MAG113_17_79,0.0,EX01,MAG113
MAG113_MAG113_MAG113_17_8,1.699873056,EX01,MAG113
MAG113_MAG113_MAG113_17_80,1.416898372,EX01,MAG113
MAG113_MAG113_MAG113_17_81,1.055136499,EX01,MAG113
MAG113_MAG113_MAG113_17_82,1.163560878,EX01,MAG113
MAG113_MAG113_MAG113_17_83,0.590799571,EX01,MAG113
MAG113_MAG113_MAG113_17_84,9.021285499,EX01,MAG113
MAG113_MAG113_MAG113_17_85,0.0,EX01,MAG113
MAG113_MAG113_MAG113_17_86,0.118914471,EX01,MAG113
MAG113_MAG113_MAG113_17_87,0.53541121,EX01,MAG113
MAG113_MAG113_MAG113_17_88,4.262726145,EX01,MAG113
MAG113_MAG113_MAG113_17_89,4.040132241,EX01,MAG113
MAG113_MAG113_MAG113_17_9,0.0,EX01,MAG113
MAG113_MAG113_MAG113_17_90,0.0,EX01,MAG113
MAG113_MAG113_MAG113_17_91,11.53808613,EX01,MAG113
MAG113_MAG113_MAG113_17_92,0.0,EX01,MAG113
MAG113_MAG113_MAG113_17_93,2.314468777,EX01,MAG113
MAG113_MAG113_MAG113_17_94,0.0,EX01,MAG113
MAG113_MAG113_MAG113_17_95,1.658308204,EX01,MAG113
MAG113_MAG113_MAG113_17_96,1.338062309,EX01,MAG113
MAG113_MAG113_MAG113_17_97,1.105890336,EX01,MAG113
MAG113_MAG113_MAG113_17_98,1.408128274,EX01,MAG113
MAG113_MAG113_MAG113_17_99,2.546366317,EX01,MAG113
MAG113_MAG113_MAG113_1_1,0.0,EX01,MAG113
MAG113_MAG113_MAG113_1_10,1.015318535,EX01,MAG113
MAG113_MAG113_MAG113_1_100,0.141440866,EX01,MAG113
MAG113_MAG113_MAG113_1_101,0.658718977,EX01,MAG113
MAG113_MAG113_MAG113_1_102,0.902271123,EX01,MAG113
MAG113_MAG113_MAG113_1_103,1.021688593,EX01,MAG113
MAG113_MAG113_MAG113_1_104,1.053778242,EX01,MAG113
MAG113_MAG113_MAG113_1_105,0.0,EX01,MAG113
MAG113_MAG113_MAG113_1_106,4.049800062,EX01,MAG113
MAG113_MAG113_MAG113_1_107,0.211916584,EX01,MAG113
MAG113_MAG113_MAG113_1_108,3.357160468,EX01,MAG113
MAG113_MAG113_MAG113_1_109,3.696001434,EX01,MAG113
MAG113_MAG113_MAG113_1_11,0.505284019,EX01,MAG113
MAG113_MAG113_MAG113_1_110,4.34416273,EX01,MAG113
MAG113_MAG113_MAG113_1_111,0.341923507,EX01,MAG113
MAG113_MAG113_MAG113_1_112,6.482104214,EX01,MAG113
MAG113_MAG113_MAG113_1_113,0.521079043,EX01,MAG113
MAG113_MAG113_MAG113_1_114,0.161888289,EX01,MAG113
MAG113_MAG113_MAG113_1_115,1.529887988,EX01,MAG113
MAG113_MAG113_MAG113_1_116,0.0,EX01,MAG113
MAG113_MAG113_MAG113_1_117,0.0,EX01,MAG113
MAG113_MAG113_MAG113_1_118,7.908587285,EX01,MAG113
MAG113_MAG113_MAG113_1_119,8.624275656,EX01,MAG113
MAG113_MAG113_MAG113_1_12,0.0,EX01,MAG113
MAG113_MAG113_MAG113_1_120,13.14747582,EX01,MAG113
MAG113_MAG113_MAG113_1_121,6.260301949,EX01,MAG113
MAG113_MAG113_MAG113_1_122,0.0,EX01,MAG113
MAG113_MAG113_MAG113_1_123,4.172048855,EX01,MAG113
MAG113_MAG113_MAG113_1_124,0.849664181,EX01,MAG113
MAG113_MAG113_MAG113_1_125,0.0,EX01,MAG113
MAG113_MAG113_MAG113_1_126,2.523058987,EX01,MAG113
MAG113_MAG113_MAG113_1_127,0.77775356,EX01,MAG113
MAG113_MAG113_MAG113_1_128,3.586971168,EX01,MAG113
MAG113_MAG113_MAG113_1_129,2.207833029,EX01,MAG113
MAG113_MAG113_MAG113_1_13,0.588947047,EX01,MAG113
MAG113_MAG113_MAG113_1_130,4.384234903,EX01,MAG113
MAG113_MAG113_MAG113_1_131,4.688473636,EX01,MAG113
MAG113_MAG113_MAG113_1_132,3.133746518,EX01,MAG113
MAG113_MAG113_MAG113_1_133,1.659266905,EX01,MAG113
MAG113_MAG113_MAG113_1_134,0.0,EX01,MAG113
MAG113_MAG113_MAG113_1_135,3.039551147,EX01,MAG113
MAG113_MAG113_MAG113_1_136,1.875424876,EX01,MAG113
MAG113_MAG113_MAG113_1_137,2.004263849,EX01,MAG113
MAG113_MAG113_MAG113_1_138,2.567244809,EX01,MAG113
MAG113_MAG113_MAG113_1_139,0.238419236,EX01,MAG113
MAG113_MAG113_MAG113_1_14,2.675350698,EX01,MAG113
MAG113_MAG113_MAG113_1_140,0.0,EX01,MAG113
MAG113_MAG113_MAG113_1_141,0.576842617,EX01,MAG113
MAG113_MAG113_MAG113_1_142,0.033778634,EX01,MAG113
MAG113_MAG113_MAG113_1_143,1.245616842,EX01,MAG113
MAG113_MAG113_MAG113_1_144,3.000278027,EX01,MAG113
MAG113_MAG113_MAG113_1_145,0.976817797,EX01,MAG113
MAG113_MAG113_MAG113_1_146,0.557787554,EX01,MAG113
MAG113_MAG113_MAG113_1_147,0.209692472,EX01,MAG113
MAG113_MAG113_MAG113_1_148,0.257003267,EX01,MAG113
MAG113_MAG113_MAG113_1_149,0.955176511,EX01,MAG113
MAG113_MAG113_MAG113_1_15,0.750176333,EX01,MAG113
MAG113_MAG113_MAG113_1_150,0.503604617,EX01,MAG113
MAG113_MAG113_MAG113_1_151,18.91701332,EX01,MAG113
MAG113_MAG113_MAG113_1_152,0.0,EX01,MAG113
MAG113_MAG113_MAG113_1_153,0.01162059,EX01,MAG113
MAG113_MAG113_MAG113_1_154,0.066734046,EX01,MAG113
MAG113_MAG113_MAG113_1_155,0.582161157,EX01,MAG113
MAG113_MAG113_MAG113_1_156,2.021162067,EX01,MAG113
MAG113_MAG113_MAG113_1_157,1.543298406,EX01,MAG113
MAG113_MAG113_MAG113_1_158,0.514067344,EX01,MAG113
MAG113_MAG113_MAG113_1_159,0.754246348,EX01,MAG113
MAG113_MAG113_MAG113_1_16,1.085064297,EX01,MAG113
MAG113_MAG113_MAG113_1_160,0.187374486,EX01,MAG113
MAG113_MAG113_MAG113_1_161,1.029871055,EX01,MAG113
MAG113_MAG113_MAG113_1_162,1.206641797,EX01,MAG113
MAG113_MAG113_MAG113_1_163,1.010785099,EX01,MAG113
MAG113_MAG113_MAG113_1_164,2.004028697,EX01,MAG113
MAG113_MAG113_MAG113_1_165,1.042593623,EX01,MAG113
MAG113_MAG113_MAG113_1_166,0.549915948,EX01,MAG113
MAG113_MAG113_MAG113_1_167,0.0,EX01,MAG113
MAG113_MAG113_MAG113_1_168,1.129556449,EX01,MAG113
MAG113_MAG113_MAG113_1_169,3.736003541,EX01,MAG113
MAG113_MAG113_MAG113_1_17,0.0,EX01,MAG113
MAG113_MAG113_MAG113_1_170,15.51353142,EX01,MAG113
MAG113_MAG113_MAG113_1_171,1.556764094,EX01,MAG113
MAG113_MAG113_MAG113_1_172,8.050354911,EX01,MAG113
MAG113_MAG113_MAG113_1_173,0.0,EX01,MAG113
MAG113_MAG113_MAG113_1_174,3.567756009,EX01,MAG113
MAG113_MAG113_MAG113_1_175,0.762912303,EX01,MAG113
MAG113_MAG113_MAG113_1_176,0.873306556,EX01,MAG113
MAG113_MAG113_MAG113_1_177,0.020606806,EX01,MAG113
MAG113_MAG113_MAG113_1_178,4.305247147,EX01,MAG113
MAG113_MAG113_MAG113_1_179,1.364514267,EX01,MAG113
MAG113_MAG113_MAG113_1_18,2.527900619,EX01,MAG113
MAG113_MAG113_MAG113_1_180,0.312844825,EX01,MAG113
MAG113_MAG113_MAG113_1_181,2.147089159,EX01,MAG113
MAG113_MAG113_MAG113_1_182,1.376387628,EX01,MAG113
MAG113_MAG113_MAG113_1_183,1.003610194,EX01,MAG113
MAG113_MAG113_MAG113_1_184,0.146588156,EX01,MAG113
MAG113_MAG113_MAG113_1_185,7.117746727,EX01,MAG113
MAG113_MAG113_MAG113_1_186,0.241590638,EX01,MAG113
MAG113_MAG113_MAG113_1_187,0.006272956,EX01,MAG113
MAG113_MAG113_MAG113_1_188,0.385620847,EX01,MAG113
MAG113_MAG113_MAG113_1_189,4.882298562,EX01,MAG113
MAG113_MAG113_MAG113_1_19,0.129893617,EX01,MAG113
MAG113_MAG113_MAG113_1_190,1.004162002,EX01,MAG113
MAG113_MAG113_MAG113_1_191,0.0,EX01,MAG113
MAG113_MAG113_MAG113_1_192,1.815699815,EX01,MAG113
MAG113_MAG113_MAG113_1_193,1.4855749,EX01,MAG113
MAG113_MAG113_MAG113_1_194,0.900472823,EX01,MAG113
MAG113_MAG113_MAG113_1_195,3.092595901,EX01,MAG113
MAG113_MAG113_MAG113_1_196,13.06285778,EX01,MAG113
MAG113_MAG113_MAG113_1_197,1.425736148,EX01,MAG113
MAG113_MAG113_MAG113_1_198,0.0,EX01,MAG113
MAG113_MAG113_MAG113_1_199,0.0,EX01,MAG113
MAG113_MAG113_MAG113_1_2,0.257080842,EX01,MAG113
MAG113_MAG113_MAG113_1_20,1.855186681,EX01,MAG113
MAG113_MAG113_MAG113_1_200,3.249307335,EX01,MAG113
MAG113_MAG113_MAG113_1_201,3.258705914,EX01,MAG113
MAG113_MAG113_MAG113_1_202,1.666271574,EX01,MAG113
MAG113_MAG113_MAG113_1_203,2.054520199,EX01,MAG113
MAG113_MAG113_MAG113_1_204,2.933967315,EX01,MAG113
MAG113_MAG113_MAG113_1_205,1.255698569,EX01,MAG113
MAG113_MAG113_MAG113_1_206,1.022463052,EX01,MAG113
MAG113_MAG113_MAG113_1_207,0.0,EX01,MAG113
MAG113_MAG113_MAG113_1_208,5.333160329,EX01,MAG113
MAG113_MAG113_MAG113_1_209,0.0,EX01,MAG113
MAG113_MAG113_MAG113_1_21,1.280169021,EX01,MAG113
MAG113_MAG113_MAG113_1_210,0.0,EX01,MAG113
MAG113_MAG113_MAG113_1_211,0.0,EX01,MAG113
MAG113_MAG113_MAG113_1_212,0.0,EX01,MAG113
MAG113_MAG113_MAG113_1_213,0.0,EX01,MAG113
MAG113_MAG113_MAG113_1_214,0.0,EX01,MAG113
MAG113_MAG113_MAG113_1_215,0.0,EX01,MAG113
MAG113_MAG113_MAG113_1_216,3.3681849,EX01,MAG113
MAG113_MAG113_MAG113_1_217,1.972503541,EX01,MAG113
MAG113_MAG113_MAG113_1_218,0.181766822,EX01,MAG113
MAG113_MAG113_MAG113_1_219,1.250029366,EX01,MAG113
MAG113_MAG113_MAG113_1_22,7.365611053,EX01,MAG113
MAG113_MAG113_MAG113_1_220,0.228341711,EX01,MAG113
MAG113_MAG113_MAG113_1_221,0.553772438,EX01,MAG113
MAG113_MAG113_MAG113_1_222,0.624752011,EX01,MAG113
MAG113_MAG113_MAG113_1_223,0.651778175,EX01,MAG113
MAG113_MAG113_MAG113_1_224,4.356687541,EX01,MAG113
MAG113_MAG113_MAG113_1_225,1.195071934,EX01,MAG113
MAG113_MAG113_MAG113_1_226,0.161300348,EX01,MAG113
MAG113_MAG113_MAG113_1_227,0.0,EX01,MAG113
MAG113_MAG113_MAG113_1_228,0.0,EX01,MAG113
MAG113_MAG113_MAG113_1_229,0.0,EX01,MAG113
MAG113_MAG113_MAG113_1_23,0.470455794,EX01,MAG113
MAG113_MAG113_MAG113_1_230,0.0,EX01,MAG113
MAG113_MAG113_MAG113_1_231,0.132528539,EX01,MAG113
MAG113_MAG113_MAG113_1_232,0.599328948,EX01,MAG113
MAG113_MAG113_MAG113_1_233,0.0,EX01,MAG113
MAG113_MAG113_MAG113_1_234,0.440763695,EX01,MAG113
MAG113_MAG113_MAG113_1_235,1.392839781,EX01,MAG113
MAG113_MAG113_MAG113_1_236,1.253603429,EX01,MAG113
MAG113_MAG113_MAG113_1_237,0.193488397,EX01,MAG113
MAG113_MAG113_MAG113_1_238,0.732580132,EX01,MAG113
MAG113_MAG113_MAG113_1_239,1.248601936,EX01,MAG113
MAG113_MAG113_MAG113_1_24,0.820628011,EX01,MAG113
MAG113_MAG113_MAG113_1_240,1.03612387,EX01,MAG113
MAG113_MAG113_MAG113_1_241,0.0,EX01,MAG113
MAG113_MAG113_MAG113_1_242,0.0,EX01,MAG113
MAG113_MAG113_MAG113_1_243,0.826401668,EX01,MAG113
MAG113_MAG113_MAG113_1_244,0.564486919,EX01,MAG113
MAG113_MAG113_MAG113_1_245,23.91208632,EX01,MAG113
MAG113_MAG113_MAG113_1_246,1.901053857,EX01,MAG113
MAG113_MAG113_MAG113_1_247,6.517499013,EX01,MAG113
MAG113_MAG113_MAG113_1_248,75.71365346,EX01,MAG113
MAG113_MAG113_MAG113_1_249,5.508699765,EX01,MAG113
MAG113_MAG113_MAG113_1_25,1.772357217,EX01,MAG113
MAG113_MAG113_MAG113_1_250,1.391559878,EX01,MAG113
MAG113_MAG113_MAG113_1_251,3.338225703,EX01,MAG113
MAG113_MAG113_MAG113_1_252,6.506039094,EX01,MAG113
MAG113_MAG113_MAG113_1_253,1.231156242,EX01,MAG113
MAG113_MAG113_MAG113_1_254,0.908230217,EX01,MAG113
MAG113_MAG113_MAG113_1_255,1.569610295,EX01,MAG113
MAG113_MAG113_MAG113_1_256,0.261702931,EX01,MAG113
MAG113_MAG113_MAG113_1_257,0.336869386,EX01,MAG113
MAG113_MAG113_MAG113_1_258,0.0,EX01,MAG113
MAG113_MAG113_MAG113_1_259,0.0,EX01,MAG113
MAG113_MAG113_MAG113_1_26,1.960944234,EX01,MAG113
MAG113_MAG113_MAG113_1_260,2.467764911,EX01,MAG113
MAG113_MAG113_MAG113_1_261,0.058091971,EX01,MAG113
MAG113_MAG113_MAG113_1_262,0.253680787,EX01,MAG113
MAG113_MAG113_MAG113_1_263,0.0,EX01,MAG113
MAG113_MAG113_MAG113_1_264,0.0,EX01,MAG113
MAG113_MAG113_MAG113_1_265,0.0,EX01,MAG113
MAG113_MAG113_MAG113_1_266,0.478829764,EX01,MAG113
MAG113_MAG113_MAG113_1_267,1.413449369,EX01,MAG113
MAG113_MAG113_MAG113_1_268,0.0,EX01,MAG113
MAG113_MAG113_MAG113_1_269,0.1421078,EX01,MAG113
MAG113_MAG113_MAG113_1_27,0.23318011,EX01,MAG113
MAG113_MAG113_MAG113_1_270,0.0,EX01,MAG113
MAG113_MAG113_MAG113_1_271,1.426585531,EX01,MAG113
MAG113_MAG113_MAG113_1_272,3.405680177,EX01,MAG113
MAG113_MAG113_MAG113_1_273,1.124942233,EX01,MAG113
MAG113_MAG113_MAG113_1_274,0.332960521,EX01,MAG113
MAG113_MAG113_MAG113_1_275,0.499440777,EX01,MAG113
MAG113_MAG113_MAG113_1_276,0.0,EX01,MAG113
MAG113_MAG113_MAG113_1_277,0.0,EX01,MAG113
MAG113_MAG113_MAG113_1_28,0.205601917,EX01,MAG113
MAG113_MAG113_MAG113_1_29,0.827992307,EX01,MAG113
MAG113_MAG113_MAG113_1_3,0.558410124,EX01,MAG113
MAG113_MAG113_MAG113_1_30,1.228348136,EX01,MAG113
MAG113_MAG113_MAG113_1_31,0.644492102,EX01,MAG113
MAG113_MAG113_MAG113_1_32,1.391691262,EX01,MAG113
MAG113_MAG113_MAG113_1_33,0.780082691,EX01,MAG113
MAG113_MAG113_MAG113_1_34,0.898993413,EX01,MAG113
MAG113_MAG113_MAG113_1_35,0.0,EX01,MAG113
MAG113_MAG113_MAG113_1_36,2.599820802,EX01,MAG113
MAG113_MAG113_MAG113_1_37,0.462944519,EX01,MAG113
MAG113_MAG113_MAG113_1_38,0.071705371,EX01,MAG113
MAG113_MAG113_MAG113_1_39,7.153820848,EX01,MAG113
MAG113_MAG113_MAG113_1_4,3.303634124,EX01,MAG113
MAG113_MAG113_MAG113_1_40,5.095323137,EX01,MAG113
MAG113_MAG113_MAG113_1_41,0.0,EX01,MAG113
MAG113_MAG113_MAG113_1_42,0.0,EX01,MAG113
MAG113_MAG113_MAG113_1_43,3.808283631,EX01,MAG113
MAG113_MAG113_MAG113_1_44,0.519421882,EX01,MAG113
MAG113_MAG113_MAG113_1_45,0.3912004,EX01,MAG113
MAG113_MAG113_MAG113_1_46,1.360176343,EX01,MAG113
MAG113_MAG113_MAG113_1_47,0.825257102,EX01,MAG113
MAG113_MAG113_MAG113_1_48,0.0,EX01,MAG113
MAG113_MAG113_MAG113_1_49,0.285523255,EX01,MAG113
MAG113_MAG113_MAG113_1_5,0.036926632,EX01,MAG113
MAG113_MAG113_MAG113_1_50,0.347836397,EX01,MAG113
MAG113_MAG113_MAG113_1_51,0.247816172,EX01,MAG113
MAG113_MAG113_MAG113_1_52,0.525112849,EX01,MAG113
MAG113_MAG113_MAG113_1_53,0.392661491,EX01,MAG113
MAG113_MAG113_MAG113_1_54,3.143785226,EX01,MAG113
MAG113_MAG113_MAG113_1_55,0.920595385,EX01,MAG113
MAG113_MAG113_MAG113_1_56,0.521743999,EX01,MAG113
MAG113_MAG113_MAG113_1_57,0.0,EX01,MAG113
MAG113_MAG113_MAG113_1_58,0.884845088,EX01,MAG113
MAG113_MAG113_MAG113_1_59,0.0,EX01,MAG113
MAG113_MAG113_MAG113_1_6,0.903819779,EX01,MAG113
MAG113_MAG113_MAG113_1_60,0.0,EX01,MAG113
MAG113_MAG113_MAG113_1_61,0.0,EX01,MAG113
MAG113_MAG113_MAG113_1_62,0.972579843,EX01,MAG113
MAG113_MAG113_MAG113_1_63,0.529143045,EX01,MAG113
MAG113_MAG113_MAG113_1_64,2.022541964,EX01,MAG113
MAG113_MAG113_MAG113_1_65,5.787540684,EX01,MAG113
MAG113_MAG113_MAG113_1_66,1.338006859,EX01,MAG113
MAG113_MAG113_MAG113_1_67,0.278640919,EX01,MAG113
MAG113_MAG113_MAG113_1_68,3.033904118,EX01,MAG113
MAG113_MAG113_MAG113_1_69,1.412865791,EX01,MAG113
MAG113_MAG113_MAG113_1_7,1.522102639,EX01,MAG113
MAG113_MAG113_MAG113_1_70,1.148185287,EX01,MAG113
MAG113_MAG113_MAG113_1_71,12.02220257,EX01,MAG113
MAG113_MAG113_MAG113_1_72,0.925898539,EX01,MAG113
MAG113_MAG113_MAG113_1_73,0.0,EX01,MAG113
MAG113_MAG113_MAG113_1_74,6.911691017,EX01,MAG113
MAG113_MAG113_MAG113_1_75,1.364078018,EX01,MAG113
MAG113_MAG113_MAG113_1_76,0.414198756,EX01,MAG113
MAG113_MAG113_MAG113_1_77,0.0,EX01,MAG113
MAG113_MAG113_MAG113_1_78,1.79738805,EX01,MAG113
MAG113_MAG113_MAG113_1_79,2.738800075,EX01,MAG113
MAG113_MAG113_MAG113_1_8,1.309359199,EX01,MAG113
MAG113_MAG113_MAG113_1_80,1.105016551,EX01,MAG113
MAG113_MAG113_MAG113_1_81,1.644840351,EX01,MAG113
MAG113_MAG113_MAG113_1_82,1.397619883,EX01,MAG113
MAG113_MAG113_MAG113_1_83,2.444837833,EX01,MAG113
MAG113_MAG113_MAG113_1_84,18.46663395,EX01,MAG113
MAG113_MAG113_MAG113_1_85,0.202921038,EX01,MAG113
MAG113_MAG113_MAG113_1_86,2.188733355,EX01,MAG113
MAG113_MAG113_MAG113_1_87,0.0,EX01,MAG113
MAG113_MAG113_MAG113_1_88,20.23566523,EX01,MAG113
MAG113_MAG113_MAG113_1_89,1.015833218,EX01,MAG113
MAG113_MAG113_MAG113_1_9,0.0,EX01,MAG113
MAG113_MAG113_MAG113_1_90,0.580600227,EX01,MAG113
MAG113_MAG113_MAG113_1_91,0.386487921,EX01,MAG113
MAG113_MAG113_MAG113_1_92,0.95069979,EX01,MAG113
MAG113_MAG113_MAG113_1_93,0.682717589,EX01,MAG113
MAG113_MAG113_MAG113_1_94,1.943587652,EX01,MAG113
MAG113_MAG113_MAG113_1_95,1.710711665,EX01,MAG113
MAG113_MAG113_MAG113_1_96,0.0,EX01,MAG113
MAG113_MAG113_MAG113_1_97,0.0,EX01,MAG113
MAG113_MAG113_MAG113_1_98,8.201812165,EX01,MAG113
MAG113_MAG113_MAG113_1_99,5.225717436,EX01,MAG113
MAG113_MAG113_MAG113_2_1,0.0,EX01,MAG113
MAG113_MAG113_MAG113_2_10,0.570427359,EX01,MAG113
MAG113_MAG113_MAG113_2_100,0.0,EX01,MAG113
MAG113_MAG113_MAG113_2_101,1.2150252,EX01,MAG113
MAG113_MAG113_MAG113_2_102,0.249720388,EX01,MAG113
MAG113_MAG113_MAG113_2_103,0.0,EX01,MAG113
MAG113_MAG113_MAG113_2_104,0.0,EX01,MAG113
MAG113_MAG113_MAG113_2_105,0.0,EX01,MAG113
MAG113_MAG113_MAG113_2_106,0.0,EX01,MAG113
MAG113_MAG113_MAG113_2_107,0.0,EX01,MAG113
MAG113_MAG113_MAG113_2_108,0.670258934,EX01,MAG113
MAG113_MAG113_MAG113_2_109,0.0,EX01,MAG113
MAG113_MAG113_MAG113_2_11,0.0,EX01,MAG113
MAG113_MAG113_MAG113_2_110,0.772820749,EX01,MAG113
MAG113_MAG113_MAG113_2_111,0.733470563,EX01,MAG113
MAG113_MAG113_MAG113_2_112,0.0,EX01,MAG113
MAG113_MAG113_MAG113_2_113,0.374580586,EX01,MAG113
MAG113_MAG113_MAG113_2_114,8.692135487,EX01,MAG113
MAG113_MAG113_MAG113_2_115,2.697491589,EX01,MAG113
MAG113_MAG113_MAG113_2_116,0.0,EX01,MAG113
MAG113_MAG113_MAG113_2_117,0.0,EX01,MAG113
MAG113_MAG113_MAG113_2_118,0.232005213,EX01,MAG113
MAG113_MAG113_MAG113_2_119,4.041859893,EX01,MAG113
MAG113_MAG113_MAG113_2_12,5.084149215,EX01,MAG113
MAG113_MAG113_MAG113_2_120,0.0,EX01,MAG113
MAG113_MAG113_MAG113_2_121,7.415765612,EX01,MAG113
MAG113_MAG113_MAG113_2_122,6.223057176,EX01,MAG113
MAG113_MAG113_MAG113_2_123,5.292315714,EX01,MAG113
MAG113_MAG113_MAG113_2_124,8.578797873,EX01,MAG113
MAG113_MAG113_MAG113_2_125,0.164412471,EX01,MAG113
MAG113_MAG113_MAG113_2_126,0.35395204,EX01,MAG113
MAG113_MAG113_MAG113_2_127,0.0,EX01,MAG113
MAG113_MAG113_MAG113_2_128,0.422669301,EX01,MAG113
MAG113_MAG113_MAG113_2_129,1.714329011,EX01,MAG113
MAG113_MAG113_MAG113_2_13,0.864738346,EX01,MAG113
MAG113_MAG113_MAG113_2_130,0.218570693,EX01,MAG113
MAG113_MAG113_MAG113_2_131,0.333069817,EX01,MAG113
MAG113_MAG113_MAG113_2_132,0.0,EX01,MAG113
MAG113_MAG113_MAG113_2_133,0.0,EX01,MAG113
MAG113_MAG113_MAG113_2_134,3.16708674,EX01,MAG113
MAG113_MAG113_MAG113_2_135,0.205287395,EX01,MAG113
MAG113_MAG113_MAG113_2_136,0.0,EX01,MAG113
MAG113_MAG113_MAG113_2_137,1.645216779,EX01,MAG113
MAG113_MAG113_MAG113_2_138,0.0,EX01,MAG113
MAG113_MAG113_MAG113_2_139,0.0,EX01,MAG113
MAG113_MAG113_MAG113_2_14,5.907631234,EX01,MAG113
MAG113_MAG113_MAG113_2_140,0.0,EX01,MAG113
MAG113_MAG113_MAG113_2_141,0.0,EX01,MAG113
MAG113_MAG113_MAG113_2_142,1.028471834,EX01,MAG113
MAG113_MAG113_MAG113_2_143,0.0,EX01,MAG113
MAG113_MAG113_MAG113_2_144,35.70887293,EX01,MAG113
MAG113_MAG113_MAG113_2_145,2.220901628,EX01,MAG113
MAG113_MAG113_MAG113_2_146,0.904466818,EX01,MAG113
MAG113_MAG113_MAG113_2_147,0.234126287,EX01,MAG113
MAG113_MAG113_MAG113_2_148,2.025399016,EX01,MAG113
MAG113_MAG113_MAG113_2_149,0.0,EX01,MAG113
MAG113_MAG113_MAG113_2_15,0.0,EX01,MAG113
MAG113_MAG113_MAG113_2_150,0.17585371,EX01,MAG113
MAG113_MAG113_MAG113_2_151,0.016364871,EX01,MAG113
MAG113_MAG113_MAG113_2_152,0.0,EX01,MAG113
MAG113_MAG113_MAG113_2_153,0.0,EX01,MAG113
MAG113_MAG113_MAG113_2_154,0.111969157,EX01,MAG113
MAG113_MAG113_MAG113_2_155,0.0,EX01,MAG113
MAG113_MAG113_MAG113_2_156,0.965699124,EX01,MAG113
MAG113_MAG113_MAG113_2_157,0.080519712,EX01,MAG113
MAG113_MAG113_MAG113_2_158,0.246364693,EX01,MAG113
MAG113_MAG113_MAG113_2_159,0.00660782,EX01,MAG113
MAG113_MAG113_MAG113_2_16,2.086107554,EX01,MAG113
MAG113_MAG113_MAG113_2_160,2.6556623,EX01,MAG113
MAG113_MAG113_MAG113_2_161,7.116431555,EX01,MAG113
MAG113_MAG113_MAG113_2_162,0.766754321,EX01,MAG113
MAG113_MAG113_MAG113_2_163,0.419657356,EX01,MAG113
MAG113_MAG113_MAG113_2_164,3.022530782,EX01,MAG113
MAG113_MAG113_MAG113_2_165,1.229028699,EX01,MAG113
MAG113_MAG113_MAG113_2_166,0.0,EX01,MAG113
MAG113_MAG113_MAG113_2_167,0.985876346,EX01,MAG113
MAG113_MAG113_MAG113_2_168,0.0,EX01,MAG113
MAG113_MAG113_MAG113_2_169,0.615596583,EX01,MAG113
MAG113_MAG113_MAG113_2_17,0.0,EX01,MAG113
MAG113_MAG113_MAG113_2_170,0.0,EX01,MAG113
MAG113_MAG113_MAG113_2_171,1.045764315,EX01,MAG113
MAG113_MAG113_MAG113_2_172,0.279451475,EX01,MAG113
MAG113_MAG113_MAG113_2_173,0.588626628,EX01,MAG113
MAG113_MAG113_MAG113_2_174,0.0,EX01,MAG113
MAG113_MAG113_MAG113_2_175,0.515453287,EX01,MAG113
MAG113_MAG113_MAG113_2_176,4.527517009,EX01,MAG113
MAG113_MAG113_MAG113_2_177,0.0,EX01,MAG113
MAG113_MAG113_MAG113_2_178,1.933727986,EX01,MAG113
MAG113_MAG113_MAG113_2_179,0.772814121,EX01,MAG113
MAG113_MAG113_MAG113_2_18,0.0,EX01,MAG113
MAG113_MAG113_MAG113_2_180,0.88875836,EX01,MAG113
MAG113_MAG113_MAG113_2_181,0.0,EX01,MAG113
MAG113_MAG113_MAG113_2_182,0.0,EX01,MAG113
MAG113_MAG113_MAG113_2_183,0.71348684,EX01,MAG113
MAG113_MAG113_MAG113_2_184,0.189408062,EX01,MAG113
MAG113_MAG113_MAG113_2_185,0.609650601,EX01,MAG113
MAG113_MAG113_MAG113_2_186,0.799719122,EX01,MAG113
MAG113_MAG113_MAG113_2_187,1.507160488,EX01,MAG113
MAG113_MAG113_MAG113_2_188,27.39631743,EX01,MAG113
MAG113_MAG113_MAG113_2_189,0.22574701,EX01,MAG113
MAG113_MAG113_MAG113_2_19,0.0,EX01,MAG113
MAG113_MAG113_MAG113_2_190,2.200149825,EX01,MAG113
MAG113_MAG113_MAG113_2_191,23.38763671,EX01,MAG113
MAG113_MAG113_MAG113_2_192,1.623297308,EX01,MAG113
MAG113_MAG113_MAG113_2_193,0.83504701,EX01,MAG113
MAG113_MAG113_MAG113_2_194,0.0,EX01,MAG113
MAG113_MAG113_MAG113_2_195,0.0,EX01,MAG113
MAG113_MAG113_MAG113_2_196,0.13117317,EX01,MAG113
MAG113_MAG113_MAG113_2_197,0.00313793,EX01,MAG113
MAG113_MAG113_MAG113_2_198,0.0,EX01,MAG113
MAG113_MAG113_MAG113_2_199,0.0,EX01,MAG113
MAG113_MAG113_MAG113_2_2,0.731309018,EX01,MAG113
MAG113_MAG113_MAG113_2_20,3.995061546,EX01,MAG113
MAG113_MAG113_MAG113_2_200,0.840470731,EX01,MAG113
MAG113_MAG113_MAG113_2_201,0.0,EX01,MAG113
MAG113_MAG113_MAG113_2_202,0.0,EX01,MAG113
MAG113_MAG113_MAG113_2_203,0.0,EX01,MAG113
MAG113_MAG113_MAG113_2_204,0.178546439,EX01,MAG113
MAG113_MAG113_MAG113_2_205,0.0,EX01,MAG113
MAG113_MAG113_MAG113_2_206,0.0,EX01,MAG113
MAG113_MAG113_MAG113_2_207,0.0,EX01,MAG113
MAG113_MAG113_MAG113_2_208,0.0,EX01,MAG113
MAG113_MAG113_MAG113_2_209,0.0,EX01,MAG113
MAG113_MAG113_MAG113_2_21,11.10827371,EX01,MAG113
MAG113_MAG113_MAG113_2_210,0.102806514,EX01,MAG113
MAG113_MAG113_MAG113_2_211,0.0,EX01,MAG113
MAG113_MAG113_MAG113_2_212,0.075499193,EX01,MAG113
MAG113_MAG113_MAG113_2_213,0.395728147,EX01,MAG113
MAG113_MAG113_MAG113_2_214,0.442599792,EX01,MAG113
MAG113_MAG113_MAG113_2_215,1.195355663,EX01,MAG113
MAG113_MAG113_MAG113_2_216,0.711272113,EX01,MAG113
MAG113_MAG113_MAG113_2_217,2.052315898,EX01,MAG113
MAG113_MAG113_MAG113_2_218,0.039680984,EX01,MAG113
MAG113_MAG113_MAG113_2_219,4.022054589,EX01,MAG113
MAG113_MAG113_MAG113_2_22,5.364617958,EX01,MAG113
MAG113_MAG113_MAG113_2_220,0.950352752,EX01,MAG113
MAG113_MAG113_MAG113_2_221,0.0,EX01,MAG113
MAG113_MAG113_MAG113_2_222,0.0,EX01,MAG113
MAG113_MAG113_MAG113_2_223,0.466995435,EX01,MAG113
MAG113_MAG113_MAG113_2_224,2.910249633,EX01,MAG113
MAG113_MAG113_MAG113_2_225,2.027602086,EX01,MAG113
MAG113_MAG113_MAG113_2_226,2.622060445,EX01,MAG113
MAG113_MAG113_MAG113_2_227,0.0,EX01,MAG113
MAG113_MAG113_MAG113_2_228,2.005192444,EX01,MAG113
MAG113_MAG113_MAG113_2_229,0.152463565,EX01,MAG113
MAG113_MAG113_MAG113_2_23,3.92735098,EX01,MAG113
MAG113_MAG113_MAG113_2_230,0.727902588,EX01,MAG113
MAG113_MAG113_MAG113_2_231,0.763279718,EX01,MAG113
MAG113_MAG113_MAG113_2_232,1.755842694,EX01,MAG113
MAG113_MAG113_MAG113_2_233,5.256526319,EX01,MAG113
MAG113_MAG113_MAG113_2_234,1.037868619,EX01,MAG113
MAG113_MAG113_MAG113_2_235,17.86445749,EX01,MAG113
MAG113_MAG113_MAG113_2_236,0.0,EX01,MAG113
MAG113_MAG113_MAG113_2_237,0.0,EX01,MAG113
MAG113_MAG113_MAG113_2_238,0.0,EX01,MAG113
MAG113_MAG113_MAG113_2_239,0.613853578,EX01,MAG113
MAG113_MAG113_MAG113_2_24,0.215206968,EX01,MAG113
MAG113_MAG113_MAG113_2_240,0.708355162,EX01,MAG113
MAG113_MAG113_MAG113_2_241,4.074166449,EX01,MAG113
MAG113_MAG113_MAG113_2_242,3.287134016,EX01,MAG113
MAG113_MAG113_MAG113_2_243,0.0,EX01,MAG113
MAG113_MAG113_MAG113_2_244,4.177089851,EX01,MAG113
MAG113_MAG113_MAG113_2_245,4.507663292,EX01,MAG113
MAG113_MAG113_MAG113_2_246,0.0,EX01,MAG113
MAG113_MAG113_MAG113_2_247,0.0,EX01,MAG113
MAG113_MAG113_MAG113_2_248,3.842136939,EX01,MAG113
MAG113_MAG113_MAG113_2_249,0.0,EX01,MAG113
MAG113_MAG113_MAG113_2_25,0.292608619,EX01,MAG113
MAG113_MAG113_MAG113_2_250,0.992295902,EX01,MAG113
MAG113_MAG113_MAG113_2_251,1.162795978,EX01,MAG113
MAG113_MAG113_MAG113_2_252,0.46600867,EX01,MAG113
MAG113_MAG113_MAG113_2_253,1.848074678,EX01,MAG113
MAG113_MAG113_MAG113_2_254,0.316274111,EX01,MAG113
MAG113_MAG113_MAG113_2_255,0.026638035,EX01,MAG113
MAG113_MAG113_MAG113_2_256,0.055752131,EX01,MAG113
MAG113_MAG113_MAG113_2_257,1.54304263,EX01,MAG113
MAG113_MAG113_MAG113_2_258,0.0,EX01,MAG113
MAG113_MAG113_MAG113_2_259,0.489637664,EX01,MAG113
MAG113_MAG113_MAG113_2_26,2.051819273,EX01,MAG113
MAG113_MAG113_MAG113_2_260,1.609594629,EX01,MAG113
MAG113_MAG113_MAG113_2_261,2.190901473,EX01,MAG113
MAG113_MAG113_MAG113_2_262,0.932595874,EX01,MAG113
MAG113_MAG113_MAG113_2_263,0.741275888,EX01,MAG113
MAG113_MAG113_MAG113_2_264,0.326531427,EX01,MAG113
MAG113_MAG113_MAG113_2_265,0.0,EX01,MAG113
MAG113_MAG113_MAG113_2_266,0.0,EX01,MAG113
MAG113_MAG113_MAG113_2_267,0.0,EX01,MAG113
MAG113_MAG113_MAG113_2_268,2.267560691,EX01,MAG113
MAG113_MAG113_MAG113_2_269,0.0,EX01,MAG113
MAG113_MAG113_MAG113_2_27,0.833955412,EX01,MAG113
MAG113_MAG113_MAG113_2_270,0.024838948,EX01,MAG113
MAG113_MAG113_MAG113_2_271,0.012614185,EX01,MAG113
MAG113_MAG113_MAG113_2_272,1.028631578,EX01,MAG113
MAG113_MAG113_MAG113_2_273,1.423857216,EX01,MAG113
MAG113_MAG113_MAG113_2_274,0.730255307,EX01,MAG113
MAG113_MAG113_MAG113_2_275,0.0,EX01,MAG113
MAG113_MAG113_MAG113_2_276,0.810091438,EX01,MAG113
MAG113_MAG113_MAG113_2_277,0.863289609,EX01,MAG113
MAG113_MAG113_MAG113_2_278,3.447705227,EX01,MAG113
MAG113_MAG113_MAG113_2_279,0.0,EX01,MAG113
MAG113_MAG113_MAG113_2_28,4.023118823,EX01,MAG113
MAG113_MAG113_MAG113_2_280,0.713161579,EX01,MAG113
MAG113_MAG113_MAG113_2_281,0.737905053,EX01,MAG113
MAG113_MAG113_MAG113_2_282,0.100781188,EX01,MAG113
MAG113_MAG113_MAG113_2_283,0.351265213,EX01,MAG113
MAG113_MAG113_MAG113_2_284,1.776144755,EX01,MAG113
MAG113_MAG113_MAG113_2_285,0.411061366,EX01,MAG113
MAG113_MAG113_MAG113_2_286,22.74099685,EX01,MAG113
MAG113_MAG113_MAG113_2_287,3.008612762,EX01,MAG113
MAG113_MAG113_MAG113_2_288,0.0,EX01,MAG113
MAG113_MAG113_MAG113_2_289,0.012860659,EX01,MAG113
MAG113_MAG113_MAG113_2_29,0.052551043,EX01,MAG113
MAG113_MAG113_MAG113_2_290,0.302691359,EX01,MAG113
MAG113_MAG113_MAG113_2_291,0.26980223,EX01,MAG113
MAG113_MAG113_MAG113_2_292,0.870927088,EX01,MAG113
MAG113_MAG113_MAG113_2_293,0.0,EX01,MAG113
MAG113_MAG113_MAG113_2_294,4.275093219,EX01,MAG113
MAG113_MAG113_MAG113_2_295,3.867021077,EX01,MAG113
MAG113_MAG113_MAG113_2_296,0.676438067,EX01,MAG113
MAG113_MAG113_MAG113_2_297,1.501352516,EX01,MAG113
MAG113_MAG113_MAG113_2_298,2.521686629,EX01,MAG113
MAG113_MAG113_MAG113_2_299,0.018941214,EX01,MAG113
MAG113_MAG113_MAG113_2_3,0.938479583,EX01,MAG113
MAG113_MAG113_MAG113_2_30,0.006184884,EX01,MAG113
MAG113_MAG113_MAG113_2_300,0.0,EX01,MAG113
MAG113_MAG113_MAG113_2_301,0.0,EX01,MAG113
MAG113_MAG113_MAG113_2_302,1.161811085,EX01,MAG113
MAG113_MAG113_MAG113_2_303,58.50651077,EX01,MAG113
MAG113_MAG113_MAG113_2_304,18.075612,EX01,MAG113
MAG113_MAG113_MAG113_2_305,31.53939941,EX01,MAG113
MAG113_MAG113_MAG113_2_306,0.134676852,EX01,MAG113
MAG113_MAG113_MAG113_2_307,0.486662101,EX01,MAG113
MAG113_MAG113_MAG113_2_308,0.0,EX01,MAG113
MAG113_MAG113_MAG113_2_309,0.0,EX01,MAG113
MAG113_MAG113_MAG113_2_31,0.0,EX01,MAG113
MAG113_MAG113_MAG113_2_310,0.0,EX01,MAG113
MAG113_MAG113_MAG113_2_311,0.665921059,EX01,MAG113
MAG113_MAG113_MAG113_2_312,0.0,EX01,MAG113
MAG113_MAG113_MAG113_2_313,0.0,EX01,MAG113
MAG113_MAG113_MAG113_2_314,0.0,EX01,MAG113
MAG113_MAG113_MAG113_2_315,0.0,EX01,MAG113
MAG113_MAG113_MAG113_2_316,0.0,EX01,MAG113
MAG113_MAG113_MAG113_2_317,3.051814343,EX01,MAG113
MAG113_MAG113_MAG113_2_318,1.54385429,EX01,MAG113
MAG113_MAG113_MAG113_2_319,0.690792435,EX01,MAG113
MAG113_MAG113_MAG113_2_32,3.265274827,EX01,MAG113
MAG113_MAG113_MAG113_2_320,1.112374505,EX01,MAG113
MAG113_MAG113_MAG113_2_321,1.464684171,EX01,MAG113
MAG113_MAG113_MAG113_2_322,0.317144209,EX01,MAG113
MAG113_MAG113_MAG113_2_323,0.010176246,EX01,MAG113
MAG113_MAG113_MAG113_2_324,0.0,EX01,MAG113
MAG113_MAG113_MAG113_2_325,7.900292746,EX01,MAG113
MAG113_MAG113_MAG113_2_326,0.0,EX01,MAG113
MAG113_MAG113_MAG113_2_327,0.0,EX01,MAG113
MAG113_MAG113_MAG113_2_328,0.0,EX01,MAG113
MAG113_MAG113_MAG113_2_329,2.651718667,EX01,MAG113
MAG113_MAG113_MAG113_2_33,0.0,EX01,MAG113
MAG113_MAG113_MAG113_2_330,0.0,EX01,MAG113
MAG113_MAG113_MAG113_2_331,7.38764844,EX01,MAG113
MAG113_MAG113_MAG113_2_332,0.0,EX01,MAG113
MAG113_MAG113_MAG113_2_333,0.559906905,EX01,MAG113
MAG113_MAG113_MAG113_2_334,1.13744378,EX01,MAG113
MAG113_MAG113_MAG113_2_335,7.257754119,EX01,MAG113
MAG113_MAG113_MAG113_2_336,0.367609197,EX01,MAG113
MAG113_MAG113_MAG113_2_337,0.0,EX01,MAG113
MAG113_MAG113_MAG113_2_338,0.293517721,EX01,MAG113
MAG113_MAG113_MAG113_2_339,2.085842344,EX01,MAG113
MAG113_MAG113_MAG113_2_34,0.0,EX01,MAG113
MAG113_MAG113_MAG113_2_340,0.0,EX01,MAG113
MAG113_MAG113_MAG113_2_341,0.0,EX01,MAG113
MAG113_MAG113_MAG113_2_342,0.0,EX01,MAG113
MAG113_MAG113_MAG113_2_343,0.181520824,EX01,MAG113
MAG113_MAG113_MAG113_2_344,5.541182476,EX01,MAG113
MAG113_MAG113_MAG113_2_345,0.698223822,EX01,MAG113
MAG113_MAG113_MAG113_2_346,3.025501541,EX01,MAG113
MAG113_MAG113_MAG113_2_347,0.809264555,EX01,MAG113
MAG113_MAG113_MAG113_2_348,0.0,EX01,MAG113
MAG113_MAG113_MAG113_2_349,2.546970441,EX01,MAG113
MAG113_MAG113_MAG113_2_35,0.0,EX01,MAG113
MAG113_MAG113_MAG113_2_350,0.007261054,EX01,MAG113
MAG113_MAG113_MAG113_2_351,2.396686241,EX01,MAG113
MAG113_MAG113_MAG113_2_352,0.0,EX01,MAG113
MAG113_MAG113_MAG113_2_353,0.223454737,EX01,MAG113
MAG113_MAG113_MAG113_2_354,0.0,EX01,MAG113
MAG113_MAG113_MAG113_2_355,0.998881564,EX01,MAG113
MAG113_MAG113_MAG113_2_356,0.063416985,EX01,MAG113
MAG113_MAG113_MAG113_2_357,0.152233938,EX01,MAG113
MAG113_MAG113_MAG113_2_358,0.304121463,EX01,MAG113
MAG113_MAG113_MAG113_2_359,0.006013245,EX01,MAG113
MAG113_MAG113_MAG113_2_36,3.411911285,EX01,MAG113
MAG113_MAG113_MAG113_2_360,2.14901924,EX01,MAG113
MAG113_MAG113_MAG113_2_361,0.301709921,EX01,MAG113
MAG113_MAG113_MAG113_2_362,0.363456591,EX01,MAG113
MAG113_MAG113_MAG113_2_363,1.304905775,EX01,MAG113
MAG113_MAG113_MAG113_2_364,0.0,EX01,MAG113
MAG113_MAG113_MAG113_2_365,0.0,EX01,MAG113
MAG113_MAG113_MAG113_2_366,1.70211191,EX01,MAG113
MAG113_MAG113_MAG113_2_367,0.0,EX01,MAG113
MAG113_MAG113_MAG113_2_37,0.0,EX01,MAG113
MAG113_MAG113_MAG113_2_38,0.674384883,EX01,MAG113
MAG113_MAG113_MAG113_2_39,0.269358439,EX01,MAG113
MAG113_MAG113_MAG113_2_4,9.893077,EX01,MAG113
MAG113_MAG113_MAG113_2_40,0.82461539,EX01,MAG113
MAG113_MAG113_MAG113_2_41,0.0,EX01,MAG113
MAG113_MAG113_MAG113_2_42,0.461140728,EX01,MAG113
MAG113_MAG113_MAG113_2_43,0.154722061,EX01,MAG113
MAG113_MAG113_MAG113_2_44,0.0,EX01,MAG113
MAG113_MAG113_MAG113_2_45,0.0,EX01,MAG113
MAG113_MAG113_MAG113_2_46,0.0,EX01,MAG113
MAG113_MAG113_MAG113_2_47,0.0,EX01,MAG113
MAG113_MAG113_MAG113_2_48,0.0,EX01,MAG113
MAG113_MAG113_MAG113_2_49,0.0,EX01,MAG113
MAG113_MAG113_MAG113_2_5,8.039423876,EX01,MAG113
MAG113_MAG113_MAG113_2_50,0.0,EX01,MAG113
MAG113_MAG113_MAG113_2_51,0.506765247,EX01,MAG113
MAG113_MAG113_MAG113_2_52,1.485409003,EX01,MAG113
MAG113_MAG113_MAG113_2_53,0.213776847,EX01,MAG113
MAG113_MAG113_MAG113_2_54,0.339832719,EX01,MAG113
MAG113_MAG113_MAG113_2_55,4.015716632,EX01,MAG113
MAG113_MAG113_MAG113_2_56,0.0,EX01,MAG113
MAG113_MAG113_MAG113_2_57,0.0,EX01,MAG113
MAG113_MAG113_MAG113_2_58,1.025201813,EX01,MAG113
MAG113_MAG113_MAG113_2_59,0.953498335,EX01,MAG113
MAG113_MAG113_MAG113_2_6,68.14691679,EX01,MAG113
MAG113_MAG113_MAG113_2_60,0.0,EX01,MAG113
MAG113_MAG113_MAG113_2_61,0.0,EX01,MAG113
MAG113_MAG113_MAG113_2_62,0.009717006,EX01,MAG113
MAG113_MAG113_MAG113_2_63,0.115262945,EX01,MAG113
MAG113_MAG113_MAG113_2_64,0.847966274,EX01,MAG113
MAG113_MAG113_MAG113_2_65,2.006300688,EX01,MAG113
MAG113_MAG113_MAG113_2_66,0.03422555,EX01,MAG113
MAG113_MAG113_MAG113_2_67,0.428092093,EX01,MAG113
MAG113_MAG113_MAG113_2_68,0.214046045,EX01,MAG113
MAG113_MAG113_MAG113_2_69,4.054755307,EX01,MAG113
MAG113_MAG113_MAG113_2_7,6.757945655,EX01,MAG113
MAG113_MAG113_MAG113_2_70,0.0,EX01,MAG113
MAG113_MAG113_MAG113_2_71,0.0,EX01,MAG113
MAG113_MAG113_MAG113_2_72,0.199776311,EX01,MAG113
MAG113_MAG113_MAG113_2_73,1.352531588,EX01,MAG113
MAG113_MAG113_MAG113_2_74,0.008250196,EX01,MAG113
MAG113_MAG113_MAG113_2_75,0.0,EX01,MAG113
MAG113_MAG113_MAG113_2_76,0.0,EX01,MAG113
MAG113_MAG113_MAG113_2_77,0.189791993,EX01,MAG113
MAG113_MAG113_MAG113_2_78,0.0,EX01,MAG113
MAG113_MAG113_MAG113_2_79,3.707703891,EX01,MAG113
MAG113_MAG113_MAG113_2_8,2.677524317,EX01,MAG113
MAG113_MAG113_MAG113_2_80,0.038733004,EX01,MAG113
MAG113_MAG113_MAG113_2_81,1.364151943,EX01,MAG113
MAG113_MAG113_MAG113_2_82,0.0,EX01,MAG113
MAG113_MAG113_MAG113_2_83,0.0,EX01,MAG113
MAG113_MAG113_MAG113_2_84,0.0,EX01,MAG113
MAG113_MAG113_MAG113_2_85,0.0,EX01,MAG113
MAG113_MAG113_MAG113_2_86,0.0,EX01,MAG113
MAG113_MAG113_MAG113_2_87,0.0,EX01,MAG113
MAG113_MAG113_MAG113_2_88,2.373245379,EX01,MAG113
MAG113_MAG113_MAG113_2_89,0.0,EX01,MAG113
MAG113_MAG113_MAG113_2_9,1.67268715,EX01,MAG113
MAG113_MAG113_MAG113_2_90,0.0,EX01,MAG113
MAG113_MAG113_MAG113_2_91,0.038372961,EX01,MAG113
MAG113_MAG113_MAG113_2_92,4.007486652,EX01,MAG113
MAG113_MAG113_MAG113_2_93,0.0,EX01,MAG113
MAG113_MAG113_MAG113_2_94,0.0,EX01,MAG113
MAG113_MAG113_MAG113_2_95,0.0,EX01,MAG113
MAG113_MAG113_MAG113_2_96,0.155475011,EX01,MAG113
MAG113_MAG113_MAG113_2_97,0.0,EX01,MAG113
MAG113_MAG113_MAG113_2_98,3.846170435,EX01,MAG113
MAG113_MAG113_MAG113_2_99,9.843779855,EX01,MAG113
MAG113_MAG113_MAG113_3_1,0.687008009,EX01,MAG113
MAG113_MAG113_MAG113_3_10,0.837371442,EX01,MAG113
MAG113_MAG113_MAG113_3_100,1.355629183,EX01,MAG113
MAG113_MAG113_MAG113_3_101,1.319853556,EX01,MAG113
MAG113_MAG113_MAG113_3_102,1.720167875,EX01,MAG113
MAG113_MAG113_MAG113_3_103,2.76301558,EX01,MAG113
MAG113_MAG113_MAG113_3_104,4.072124965,EX01,MAG113
MAG113_MAG113_MAG113_3_105,1.602046528,EX01,MAG113
MAG113_MAG113_MAG113_3_106,0.346111156,EX01,MAG113
MAG113_MAG113_MAG113_3_107,1.759194494,EX01,MAG113
MAG113_MAG113_MAG113_3_108,2.757675364,EX01,MAG113
MAG113_MAG113_MAG113_3_109,1.478285112,EX01,MAG113
MAG113_MAG113_MAG113_3_11,1.903918409,EX01,MAG113
MAG113_MAG113_MAG113_3_110,0.627012788,EX01,MAG113
MAG113_MAG113_MAG113_3_111,1.624690943,EX01,MAG113
MAG113_MAG113_MAG113_3_112,2.008544086,EX01,MAG113
MAG113_MAG113_MAG113_3_113,0.0,EX01,MAG113
MAG113_MAG113_MAG113_3_114,0.748578921,EX01,MAG113
MAG113_MAG113_MAG113_3_115,0.0,EX01,MAG113
MAG113_MAG113_MAG113_3_116,4.58221915,EX01,MAG113
MAG113_MAG113_MAG113_3_117,1.920538395,EX01,MAG113
MAG113_MAG113_MAG113_3_118,5.449213485,EX01,MAG113
MAG113_MAG113_MAG113_3_119,7.454944261,EX01,MAG113
MAG113_MAG113_MAG113_3_12,0.014267663,EX01,MAG113
MAG113_MAG113_MAG113_3_120,0.0,EX01,MAG113
MAG113_MAG113_MAG113_3_121,2.666893632,EX01,MAG113
MAG113_MAG113_MAG113_3_122,8.691297746,EX01,MAG113
MAG113_MAG113_MAG113_3_123,0.0,EX01,MAG113
MAG113_MAG113_MAG113_3_124,0.009787774,EX01,MAG113
MAG113_MAG113_MAG113_3_125,0.218283878,EX01,MAG113
MAG113_MAG113_MAG113_3_126,0.740567547,EX01,MAG113
MAG113_MAG113_MAG113_3_127,0.259806546,EX01,MAG113
MAG113_MAG113_MAG113_3_128,0.164676338,EX01,MAG113
MAG113_MAG113_MAG113_3_129,0.262427307,EX01,MAG113
MAG113_MAG113_MAG113_3_13,1.104761857,EX01,MAG113
MAG113_MAG113_MAG113_3_130,0.0,EX01,MAG113
MAG113_MAG113_MAG113_3_131,0.0,EX01,MAG113
MAG113_MAG113_MAG113_3_132,1.604825563,EX01,MAG113
MAG113_MAG113_MAG113_3_133,0.055319236,EX01,MAG113
MAG113_MAG113_MAG113_3_134,2.300700362,EX01,MAG113
MAG113_MAG113_MAG113_3_135,1.2779749,EX01,MAG113
MAG113_MAG113_MAG113_3_136,4.146609969,EX01,MAG113
MAG113_MAG113_MAG113_3_137,0.947566534,EX01,MAG113
MAG113_MAG113_MAG113_3_138,0.831586296,EX01,MAG113
MAG113_MAG113_MAG113_3_139,1.457036198,EX01,MAG113
MAG113_MAG113_MAG113_3_14,0.93824546,EX01,MAG113
MAG113_MAG113_MAG113_3_140,0.0,EX01,MAG113
MAG113_MAG113_MAG113_3_141,1.225360115,EX01,MAG113
MAG113_MAG113_MAG113_3_142,0.0,EX01,MAG113
MAG113_MAG113_MAG113_3_143,8.040301568,EX01,MAG113
MAG113_MAG113_MAG113_3_144,6.781825854,EX01,MAG113
MAG113_MAG113_MAG113_3_145,3.264865852,EX01,MAG113
MAG113_MAG113_MAG113_3_146,3.999629134,EX01,MAG113
MAG113_MAG113_MAG113_3_147,0.702866579,EX01,MAG113
MAG113_MAG113_MAG113_3_148,0.0,EX01,MAG113
MAG113_MAG113_MAG113_3_149,0.750291952,EX01,MAG113
MAG113_MAG113_MAG113_3_15,0.118174071,EX01,MAG113
MAG113_MAG113_MAG113_3_150,1.350824021,EX01,MAG113
MAG113_MAG113_MAG113_3_151,2.63446453,EX01,MAG113
MAG113_MAG113_MAG113_3_152,0.30350441,EX01,MAG113
MAG113_MAG113_MAG113_3_153,3.046541002,EX01,MAG113
MAG113_MAG113_MAG113_3_154,0.632993967,EX01,MAG113
MAG113_MAG113_MAG113_3_155,0.013799097,EX01,MAG113
MAG113_MAG113_MAG113_3_156,0.761113634,EX01,MAG113
MAG113_MAG113_MAG113_3_157,0.531887494,EX01,MAG113
MAG113_MAG113_MAG113_3_158,0.0,EX01,MAG113
MAG113_MAG113_MAG113_3_159,0.0,EX01,MAG113
MAG113_MAG113_MAG113_3_16,0.794065936,EX01,MAG113
MAG113_MAG113_MAG113_3_160,0.0,EX01,MAG113
MAG113_MAG113_MAG113_3_161,0.0,EX01,MAG113
MAG113_MAG113_MAG113_3_162,6.085807364,EX01,MAG113
MAG113_MAG113_MAG113_3_163,4.210450588,EX01,MAG113
MAG113_MAG113_MAG113_3_164,0.0,EX01,MAG113
MAG113_MAG113_MAG113_3_165,4.478954158,EX01,MAG113
MAG113_MAG113_MAG113_3_166,4.116401462,EX01,MAG113
MAG113_MAG113_MAG113_3_167,2.769382417,EX01,MAG113
MAG113_MAG113_MAG113_3_168,1.790894784,EX01,MAG113
MAG113_MAG113_MAG113_3_169,0.0,EX01,MAG113
MAG113_MAG113_MAG113_3_17,5.280503523,EX01,MAG113
MAG113_MAG113_MAG113_3_170,0.015555227,EX01,MAG113
MAG113_MAG113_MAG113_3_171,0.494430203,EX01,MAG113
MAG113_MAG113_MAG113_3_172,3.01985669,EX01,MAG113
MAG113_MAG113_MAG113_3_173,0.0,EX01,MAG113
MAG113_MAG113_MAG113_3_174,0.0,EX01,MAG113
MAG113_MAG113_MAG113_3_175,1.837874142,EX01,MAG113
MAG113_MAG113_MAG113_3_176,0.499440785,EX01,MAG113
MAG113_MAG113_MAG113_3_177,0.0,EX01,MAG113
MAG113_MAG113_MAG113_3_178,0.014557067,EX01,MAG113
MAG113_MAG113_MAG113_3_179,12.02924815,EX01,MAG113
MAG113_MAG113_MAG113_3_18,0.0,EX01,MAG113
MAG113_MAG113_MAG113_3_180,0.277285601,EX01,MAG113
MAG113_MAG113_MAG113_3_181,3.435593465,EX01,MAG113
MAG113_MAG113_MAG113_3_182,3.458840254,EX01,MAG113
MAG113_MAG113_MAG113_3_183,8.066422762,EX01,MAG113
MAG113_MAG113_MAG113_3_184,1.894664507,EX01,MAG113
MAG113_MAG113_MAG113_3_185,5.266539111,EX01,MAG113
MAG113_MAG113_MAG113_3_186,3.867360379,EX01,MAG113
MAG113_MAG113_MAG113_3_187,8.943992217,EX01,MAG113
MAG113_MAG113_MAG113_3_188,2.638144868,EX01,MAG113
MAG113_MAG113_MAG113_3_189,0.0,EX01,MAG113
MAG113_MAG113_MAG113_3_19,0.0,EX01,MAG113
MAG113_MAG113_MAG113_3_190,7.027409043,EX01,MAG113
MAG113_MAG113_MAG113_3_191,1.184935163,EX01,MAG113
MAG113_MAG113_MAG113_3_192,0.640402398,EX01,MAG113
MAG113_MAG113_MAG113_3_193,1.015170537,EX01,MAG113
MAG113_MAG113_MAG113_3_194,0.010660848,EX01,MAG113
MAG113_MAG113_MAG113_3_195,0.0,EX01,MAG113
MAG113_MAG113_MAG113_3_196,0.01057617,EX01,MAG113
MAG113_MAG113_MAG113_3_197,0.0,EX01,MAG113
MAG113_MAG113_MAG113_3_198,0.0,EX01,MAG113
MAG113_MAG113_MAG113_3_199,0.753635485,EX01,MAG113
MAG113_MAG113_MAG113_3_2,0.006179668,EX01,MAG113
MAG113_MAG113_MAG113_3_20,21.94068784,EX01,MAG113
MAG113_MAG113_MAG113_3_200,3.796730369,EX01,MAG113
MAG113_MAG113_MAG113_3_201,0.0,EX01,MAG113
MAG113_MAG113_MAG113_3_202,0.0,EX01,MAG113
MAG113_MAG113_MAG113_3_203,11.21343483,EX01,MAG113
MAG113_MAG113_MAG113_3_204,1.81279926,EX01,MAG113
MAG113_MAG113_MAG113_3_205,0.0,EX01,MAG113
MAG113_MAG113_MAG113_3_206,0.0,EX01,MAG113
MAG113_MAG113_MAG113_3_207,0.0,EX01,MAG113
MAG113_MAG113_MAG113_3_208,0.0,EX01,MAG113
MAG113_MAG113_MAG113_3_209,0.0,EX01,MAG113
MAG113_MAG113_MAG113_3_21,0.0,EX01,MAG113
MAG113_MAG113_MAG113_3_210,0.566068108,EX01,MAG113
MAG113_MAG113_MAG113_3_211,0.0,EX01,MAG113
MAG113_MAG113_MAG113_3_212,0.0,EX01,MAG113
MAG113_MAG113_MAG113_3_213,24.71621768,EX01,MAG113
MAG113_MAG113_MAG113_3_214,9.182500262,EX01,MAG113
MAG113_MAG113_MAG113_3_215,20.22372107,EX01,MAG113
MAG113_MAG113_MAG113_3_216,5.063210858,EX01,MAG113
MAG113_MAG113_MAG113_3_217,4.780082183,EX01,MAG113
MAG113_MAG113_MAG113_3_218,0.952733257,EX01,MAG113
MAG113_MAG113_MAG113_3_219,0.560814822,EX01,MAG113
MAG113_MAG113_MAG113_3_22,0.0,EX01,MAG113
MAG113_MAG113_MAG113_3_220,10.45940307,EX01,MAG113
MAG113_MAG113_MAG113_3_221,0.0,EX01,MAG113
MAG113_MAG113_MAG113_3_222,0.0,EX01,MAG113
MAG113_MAG113_MAG113_3_223,2.615959016,EX01,MAG113
MAG113_MAG113_MAG113_3_224,3.41835028,EX01,MAG113
MAG113_MAG113_MAG113_3_225,1.823004041,EX01,MAG113
MAG113_MAG113_MAG113_3_226,1.320191808,EX01,MAG113
MAG113_MAG113_MAG113_3_227,0.101012669,EX01,MAG113
MAG113_MAG113_MAG113_3_228,0.496854076,EX01,MAG113
MAG113_MAG113_MAG113_3_229,2.821532716,EX01,MAG113
MAG113_MAG113_MAG113_3_23,1.027357725,EX01,MAG113
MAG113_MAG113_MAG113_3_230,2.341431911,EX01,MAG113
MAG113_MAG113_MAG113_3_231,0.303889072,EX01,MAG113
MAG113_MAG113_MAG113_3_232,0.020684119,EX01,MAG113
MAG113_MAG113_MAG113_3_233,2.172559498,EX01,MAG113
MAG113_MAG113_MAG113_3_234,0.142697366,EX01,MAG113
MAG113_MAG113_MAG113_3_235,0.439959351,EX01,MAG113
MAG113_MAG113_MAG113_3_236,0.98023553,EX01,MAG113
MAG113_MAG113_MAG113_3_237,0.0,EX01,MAG113
MAG113_MAG113_MAG113_3_238,1.261900016,EX01,MAG113
MAG113_MAG113_MAG113_3_239,0.003826382,EX01,MAG113
MAG113_MAG113_MAG113_3_24,2.746457595,EX01,MAG113
MAG113_MAG113_MAG113_3_240,0.286051699,EX01,MAG113
MAG113_MAG113_MAG113_3_241,0.791917711,EX01,MAG113
MAG113_MAG113_MAG113_3_242,0.475212711,EX01,MAG113
MAG113_MAG113_MAG113_3_243,0.155049431,EX01,MAG113
MAG113_MAG113_MAG113_3_244,0.0,EX01,MAG113
MAG113_MAG113_MAG113_3_245,0.0,EX01,MAG113
MAG113_MAG113_MAG113_3_246,0.0,EX01,MAG113
MAG113_MAG113_MAG113_3_247,0.0,EX01,MAG113
MAG113_MAG113_MAG113_3_25,0.0,EX01,MAG113
MAG113_MAG113_MAG113_3_26,1.272489911,EX01,MAG113
MAG113_MAG113_MAG113_3_27,0.470014297,EX01,MAG113
MAG113_MAG113_MAG113_3_28,0.390876927,EX01,MAG113
MAG113_MAG113_MAG113_3_29,0.749161187,EX01,MAG113
MAG113_MAG113_MAG113_3_3,0.181492129,EX01,MAG113
MAG113_MAG113_MAG113_3_30,0.007091089,EX01,MAG113
MAG113_MAG113_MAG113_3_31,0.251310151,EX01,MAG113
MAG113_MAG113_MAG113_3_32,3.032780186,EX01,MAG113
MAG113_MAG113_MAG113_3_33,0.694680572,EX01,MAG113
MAG113_MAG113_MAG113_3_34,0.0,EX01,MAG113
MAG113_MAG113_MAG113_3_35,0.425864451,EX01,MAG113
MAG113_MAG113_MAG113_3_36,0.23585215,EX01,MAG113
MAG113_MAG113_MAG113_3_37,0.773981986,EX01,MAG113
MAG113_MAG113_MAG113_3_38,0.292699656,EX01,MAG113
MAG113_MAG113_MAG113_3_39,3.511787913,EX01,MAG113
MAG113_MAG113_MAG113_3_4,5.05962023,EX01,MAG113
MAG113_MAG113_MAG113_3_40,1.84873511,EX01,MAG113
MAG113_MAG113_MAG113_3_41,2.364732903,EX01,MAG113
MAG113_MAG113_MAG113_3_42,0.181558674,EX01,MAG113
MAG113_MAG113_MAG113_3_43,0.627402985,EX01,MAG113
MAG113_MAG113_MAG113_3_44,0.0,EX01,MAG113
MAG113_MAG113_MAG113_3_45,0.579749168,EX01,MAG113
MAG113_MAG113_MAG113_3_46,1.936936786,EX01,MAG113
MAG113_MAG113_MAG113_3_47,3.19158257,EX01,MAG113
MAG113_MAG113_MAG113_3_48,0.0,EX01,MAG113
MAG113_MAG113_MAG113_3_49,0.240803287,EX01,MAG113
MAG113_MAG113_MAG113_3_5,0.998251759,EX01,MAG113
MAG113_MAG113_MAG113_3_50,1.517312426,EX01,MAG113
MAG113_MAG113_MAG113_3_51,0.426700652,EX01,MAG113
MAG113_MAG113_MAG113_3_52,1.076762806,EX01,MAG113
MAG113_MAG113_MAG113_3_53,0.396751634,EX01,MAG113
MAG113_MAG113_MAG113_3_54,0.228179127,EX01,MAG113
MAG113_MAG113_MAG113_3_55,0.058590808,EX01,MAG113
MAG113_MAG113_MAG113_3_56,0.626390477,EX01,MAG113
MAG113_MAG113_MAG113_3_57,1.045952533,EX01,MAG113
MAG113_MAG113_MAG113_3_58,0.0,EX01,MAG113
MAG113_MAG113_MAG113_3_59,2.119135754,EX01,MAG113
MAG113_MAG113_MAG113_3_6,2.358418954,EX01,MAG113
MAG113_MAG113_MAG113_3_60,3.598658341,EX01,MAG113
MAG113_MAG113_MAG113_3_61,12.7824322,EX01,MAG113
MAG113_MAG113_MAG113_3_62,5.11114677,EX01,MAG113
MAG113_MAG113_MAG113_3_63,0.0,EX01,MAG113
MAG113_MAG113_MAG113_3_64,0.759724598,EX01,MAG113
MAG113_MAG113_MAG113_3_65,1.44680323,EX01,MAG113
MAG113_MAG113_MAG113_3_66,1.193605728,EX01,MAG113
MAG113_MAG113_MAG113_3_67,0.863661022,EX01,MAG113
MAG113_MAG113_MAG113_3_68,2.349808282,EX01,MAG113
MAG113_MAG113_MAG113_3_69,1.22667059,EX01,MAG113
MAG113_MAG113_MAG113_3_7,0.522512159,EX01,MAG113
MAG113_MAG113_MAG113_3_70,0.721231731,EX01,MAG113
MAG113_MAG113_MAG113_3_71,0.495681046,EX01,MAG113
MAG113_MAG113_MAG113_3_72,0.075850727,EX01,MAG113
MAG113_MAG113_MAG113_3_73,1.003147948,EX01,MAG113
MAG113_MAG113_MAG113_3_74,0.0,EX01,MAG113
MAG113_MAG113_MAG113_3_75,0.0,EX01,MAG113
MAG113_MAG113_MAG113_3_76,1.381461147,EX01,MAG113
MAG113_MAG113_MAG113_3_77,0.035127082,EX01,MAG113
MAG113_MAG113_MAG113_3_78,0.403991875,EX01,MAG113
MAG113_MAG113_MAG113_3_79,0.010458448,EX01,MAG113
MAG113_MAG113_MAG113_3_8,0.416043943,EX01,MAG113
MAG113_MAG113_MAG113_3_80,0.25661945,EX01,MAG113
MAG113_MAG113_MAG113_3_81,0.097022995,EX01,MAG113
MAG113_MAG113_MAG113_3_82,1.541167784,EX01,MAG113
MAG113_MAG113_MAG113_3_83,2.643664694,EX01,MAG113
MAG113_MAG113_MAG113_3_84,0.233540634,EX01,MAG113
MAG113_MAG113_MAG113_3_85,1.714593537,EX01,MAG113
MAG113_MAG113_MAG113_3_86,1.442480605,EX01,MAG113
MAG113_MAG113_MAG113_3_87,3.004700132,EX01,MAG113
MAG113_MAG113_MAG113_3_88,0.651170652,EX01,MAG113
MAG113_MAG113_MAG113_3_89,0.906452666,EX01,MAG113
MAG113_MAG113_MAG113_3_9,0.840669917,EX01,MAG113
MAG113_MAG113_MAG113_3_90,3.593788219,EX01,MAG113
MAG113_MAG113_MAG113_3_91,0.015434875,EX01,MAG113
MAG113_MAG113_MAG113_3_92,0.428671742,EX01,MAG113
MAG113_MAG113_MAG113_3_93,0.686693978,EX01,MAG113
MAG113_MAG113_MAG113_3_94,0.0,EX01,MAG113
MAG113_MAG113_MAG113_3_95,0.0,EX01,MAG113
MAG113_MAG113_MAG113_3_96,1.204786954,EX01,MAG113
MAG113_MAG113_MAG113_3_97,0.0,EX01,MAG113
MAG113_MAG113_MAG113_3_98,0.0,EX01,MAG113
MAG113_MAG113_MAG113_3_99,0.0,EX01,MAG113
MAG113_MAG113_MAG113_4_1,0.108646625,EX01,MAG113
MAG113_MAG113_MAG113_4_2,0.0,EX01,MAG113
MAG113_MAG113_MAG113_5_1,48.29771985,EX01,MAG113
MAG113_MAG113_MAG113_5_10,0.514414447,EX01,MAG113
MAG113_MAG113_MAG113_5_100,0.0,EX01,MAG113
MAG113_MAG113_MAG113_5_101,0.0,EX01,MAG113
MAG113_MAG113_MAG113_5_102,0.458423828,EX01,MAG113
MAG113_MAG113_MAG113_5_103,0.809659802,EX01,MAG113
MAG113_MAG113_MAG113_5_104,0.481242585,EX01,MAG113
MAG113_MAG113_MAG113_5_105,0.492155061,EX01,MAG113
MAG113_MAG113_MAG113_5_106,1.008038281,EX01,MAG113
MAG113_MAG113_MAG113_5_107,0.199684411,EX01,MAG113
MAG113_MAG113_MAG113_5_108,0.850052148,EX01,MAG113
MAG113_MAG113_MAG113_5_109,1.592767227,EX01,MAG113
MAG113_MAG113_MAG113_5_11,1.188722954,EX01,MAG113
MAG113_MAG113_MAG113_5_110,1.244897675,EX01,MAG113
MAG113_MAG113_MAG113_5_111,1.201539811,EX01,MAG113
MAG113_MAG113_MAG113_5_112,8.523687317,EX01,MAG113
MAG113_MAG113_MAG113_5_113,2.922802418,EX01,MAG113
MAG113_MAG113_MAG113_5_114,2.968173017,EX01,MAG113
MAG113_MAG113_MAG113_5_115,0.0,EX01,MAG113
MAG113_MAG113_MAG113_5_116,1.993949752,EX01,MAG113
MAG113_MAG113_MAG113_5_117,1.181088276,EX01,MAG113
MAG113_MAG113_MAG113_5_118,0.0,EX01,MAG113
MAG113_MAG113_MAG113_5_119,0.0,EX01,MAG113
MAG113_MAG113_MAG113_5_12,1.119294738,EX01,MAG113
MAG113_MAG113_MAG113_5_120,0.483382753,EX01,MAG113
MAG113_MAG113_MAG113_5_121,0.0,EX01,MAG113
MAG113_MAG113_MAG113_5_122,1.032050897,EX01,MAG113
MAG113_MAG113_MAG113_5_123,0.901451331,EX01,MAG113
MAG113_MAG113_MAG113_5_124,0.0,EX01,MAG113
MAG113_MAG113_MAG113_5_125,0.042999734,EX01,MAG113
MAG113_MAG113_MAG113_5_126,0.0,EX01,MAG113
MAG113_MAG113_MAG113_5_127,9.65698464,EX01,MAG113
MAG113_MAG113_MAG113_5_128,0.33799491,EX01,MAG113
MAG113_MAG113_MAG113_5_129,1.45392085,EX01,MAG113
MAG113_MAG113_MAG113_5_13,2.098881657,EX01,MAG113
MAG113_MAG113_MAG113_5_130,0.0,EX01,MAG113
MAG113_MAG113_MAG113_5_131,5.566755125,EX01,MAG113
MAG113_MAG113_MAG113_5_132,0.449523857,EX01,MAG113
MAG113_MAG113_MAG113_5_133,0.764723602,EX01,MAG113
MAG113_MAG113_MAG113_5_134,2.03776898,EX01,MAG113
MAG113_MAG113_MAG113_5_135,15.03906505,EX01,MAG113
MAG113_MAG113_MAG113_5_136,0.0,EX01,MAG113
MAG113_MAG113_MAG113_5_137,3.083457501,EX01,MAG113
MAG113_MAG113_MAG113_5_138,2.290984194,EX01,MAG113
MAG113_MAG113_MAG113_5_139,1.677669306,EX01,MAG113
MAG113_MAG113_MAG113_5_14,6.927053673,EX01,MAG113
MAG113_MAG113_MAG113_5_140,0.0,EX01,MAG113
MAG113_MAG113_MAG113_5_141,2.386252184,EX01,MAG113
MAG113_MAG113_MAG113_5_142,0.18043981,EX01,MAG113
MAG113_MAG113_MAG113_5_143,5.648849686,EX01,MAG113
MAG113_MAG113_MAG113_5_144,0.0,EX01,MAG113
MAG113_MAG113_MAG113_5_145,0.0,EX01,MAG113
MAG113_MAG113_MAG113_5_146,1.742672909,EX01,MAG113
MAG113_MAG113_MAG113_5_147,0.0,EX01,MAG113
MAG113_MAG113_MAG113_5_148,0.673589539,EX01,MAG113
MAG113_MAG113_MAG113_5_149,0.0,EX01,MAG113
MAG113_MAG113_MAG113_5_15,0.507941781,EX01,MAG113
MAG113_MAG113_MAG113_5_150,4.524628287,EX01,MAG113
MAG113_MAG113_MAG113_5_151,0.790828576,EX01,MAG113
MAG113_MAG113_MAG113_5_152,0.0,EX01,MAG113
MAG113_MAG113_MAG113_5_153,0.0,EX01,MAG113
MAG113_MAG113_MAG113_5_154,0.0,EX01,MAG113
MAG113_MAG113_MAG113_5_155,0.005099289,EX01,MAG113
MAG113_MAG113_MAG113_5_156,0.855831648,EX01,MAG113
MAG113_MAG113_MAG113_5_157,0.004987707,EX01,MAG113
MAG113_MAG113_MAG113_5_158,1.17496971,EX01,MAG113
MAG113_MAG113_MAG113_5_159,0.0,EX01,MAG113
MAG113_MAG113_MAG113_5_16,7.638022662,EX01,MAG113
MAG113_MAG113_MAG113_5_160,18.54807388,EX01,MAG113
MAG113_MAG113_MAG113_5_161,1.007005542,EX01,MAG113
MAG113_MAG113_MAG113_5_162,0.542710271,EX01,MAG113
MAG113_MAG113_MAG113_5_163,0.547284396,EX01,MAG113
MAG113_MAG113_MAG113_5_164,0.325777878,EX01,MAG113
MAG113_MAG113_MAG113_5_165,0.802378011,EX01,MAG113
MAG113_MAG113_MAG113_5_166,0.323010836,EX01,MAG113
MAG113_MAG113_MAG113_5_167,0.689113234,EX01,MAG113
MAG113_MAG113_MAG113_5_168,0.0,EX01,MAG113
MAG113_MAG113_MAG113_5_169,2.266066987,EX01,MAG113
MAG113_MAG113_MAG113_5_17,0.457367424,EX01,MAG113
MAG113_MAG113_MAG113_5_170,0.84247839,EX01,MAG113
MAG113_MAG113_MAG113_5_171,8.182241711,EX01,MAG113
MAG113_MAG113_MAG113_5_172,1.506627386,EX01,MAG113
MAG113_MAG113_MAG113_5_173,0.532717523,EX01,MAG113
MAG113_MAG113_MAG113_5_174,0.353854284,EX01,MAG113
MAG113_MAG113_MAG113_5_175,0.396596021,EX01,MAG113
MAG113_MAG113_MAG113_5_176,0.420242218,EX01,MAG113
MAG113_MAG113_MAG113_5_177,0.0,EX01,MAG113
MAG113_MAG113_MAG113_5_178,0.304346719,EX01,MAG113
MAG113_MAG113_MAG113_5_179,0.0,EX01,MAG113
MAG113_MAG113_MAG113_5_18,0.521764353,EX01,MAG113
MAG113_MAG113_MAG113_5_180,0.438130398,EX01,MAG113
MAG113_MAG113_MAG113_5_181,0.597223638,EX01,MAG113
MAG113_MAG113_MAG113_5_182,0.675922975,EX01,MAG113
MAG113_MAG113_MAG113_5_183,1.059923187,EX01,MAG113
MAG113_MAG113_MAG113_5_184,0.0,EX01,MAG113
MAG113_MAG113_MAG113_5_185,0.723790767,EX01,MAG113
MAG113_MAG113_MAG113_5_186,0.383017006,EX01,MAG113
MAG113_MAG113_MAG113_5_187,0.585781788,EX01,MAG113
MAG113_MAG113_MAG113_5_188,2.310278617,EX01,MAG113
MAG113_MAG113_MAG113_5_189,0.0,EX01,MAG113
MAG113_MAG113_MAG113_5_19,0.221469787,EX01,MAG113
MAG113_MAG113_MAG113_5_190,0.0,EX01,MAG113
MAG113_MAG113_MAG113_5_191,0.0,EX01,MAG113
MAG113_MAG113_MAG113_5_192,6.85752003,EX01,MAG113
MAG113_MAG113_MAG113_5_193,2.214301636,EX01,MAG113
MAG113_MAG113_MAG113_5_194,0.689985222,EX01,MAG113
MAG113_MAG113_MAG113_5_195,6.807157726,EX01,MAG113
MAG113_MAG113_MAG113_5_196,2.588208055,EX01,MAG113
MAG113_MAG113_MAG113_5_197,1.015250417,EX01,MAG113
MAG113_MAG113_MAG113_5_198,0.277106663,EX01,MAG113
MAG113_MAG113_MAG113_5_199,0.867392887,EX01,MAG113
MAG113_MAG113_MAG113_5_2,0.0,EX01,MAG113
MAG113_MAG113_MAG113_5_20,0.082199783,EX01,MAG113
MAG113_MAG113_MAG113_5_200,2.454311003,EX01,MAG113
MAG113_MAG113_MAG113_5_201,1.306472329,EX01,MAG113
MAG113_MAG113_MAG113_5_202,0.704415671,EX01,MAG113
MAG113_MAG113_MAG113_5_203,0.008887322,EX01,MAG113
MAG113_MAG113_MAG113_5_204,0.017973732,EX01,MAG113
MAG113_MAG113_MAG113_5_205,0.0,EX01,MAG113
MAG113_MAG113_MAG113_5_206,0.0,EX01,MAG113
MAG113_MAG113_MAG113_5_207,2.686024243,EX01,MAG113
MAG113_MAG113_MAG113_5_208,0.0,EX01,MAG113
MAG113_MAG113_MAG113_5_209,2.532145807,EX01,MAG113
MAG113_MAG113_MAG113_5_21,0.0,EX01,MAG113
MAG113_MAG113_MAG113_5_210,0.772367935,EX01,MAG113
MAG113_MAG113_MAG113_5_211,3.609789523,EX01,MAG113
MAG113_MAG113_MAG113_5_212,4.523747806,EX01,MAG113
MAG113_MAG113_MAG113_5_213,30.01422489,EX01,MAG113
MAG113_MAG113_MAG113_5_214,0.509794186,EX01,MAG113
MAG113_MAG113_MAG113_5_215,1.671142892,EX01,MAG113
MAG113_MAG113_MAG113_5_216,0.0,EX01,MAG113
MAG113_MAG113_MAG113_5_217,0.0,EX01,MAG113
MAG113_MAG113_MAG113_5_218,0.0,EX01,MAG113
MAG113_MAG113_MAG113_5_219,0.0,EX01,MAG113
MAG113_MAG113_MAG113_5_22,0.0,EX01,MAG113
MAG113_MAG113_MAG113_5_220,0.0,EX01,MAG113
MAG113_MAG113_MAG113_5_221,0.0,EX01,MAG113
MAG113_MAG113_MAG113_5_222,0.0,EX01,MAG113
MAG113_MAG113_MAG113_5_223,0.0,EX01,MAG113
MAG113_MAG113_MAG113_5_224,0.16809345,EX01,MAG113
MAG113_MAG113_MAG113_5_225,1.320898944,EX01,MAG113
MAG113_MAG113_MAG113_5_226,0.520118722,EX01,MAG113
MAG113_MAG113_MAG113_5_227,1.407911668,EX01,MAG113
MAG113_MAG113_MAG113_5_228,1.964638372,EX01,MAG113
MAG113_MAG113_MAG113_5_229,0.0,EX01,MAG113
MAG113_MAG113_MAG113_5_23,1.023044394,EX01,MAG113
MAG113_MAG113_MAG113_5_230,0.263876856,EX01,MAG113
MAG113_MAG113_MAG113_5_231,0.553089186,EX01,MAG113
MAG113_MAG113_MAG113_5_232,0.929947412,EX01,MAG113
MAG113_MAG113_MAG113_5_233,0.018060377,EX01,MAG113
MAG113_MAG113_MAG113_5_234,0.0,EX01,MAG113
MAG113_MAG113_MAG113_5_235,4.883250452,EX01,MAG113
MAG113_MAG113_MAG113_5_236,1.414637341,EX01,MAG113
MAG113_MAG113_MAG113_5_237,1.487534826,EX01,MAG113
MAG113_MAG113_MAG113_5_238,2.692076072,EX01,MAG113
MAG113_MAG113_MAG113_5_239,0.0,EX01,MAG113
MAG113_MAG113_MAG113_5_24,1.610768878,EX01,MAG113
MAG113_MAG113_MAG113_5_240,5.187736332,EX01,MAG113
MAG113_MAG113_MAG113_5_241,3.276841818,EX01,MAG113
MAG113_MAG113_MAG113_5_242,2.161365575,EX01,MAG113
MAG113_MAG113_MAG113_5_243,0.482093512,EX01,MAG113
MAG113_MAG113_MAG113_5_244,0.714393602,EX01,MAG113
MAG113_MAG113_MAG113_5_245,0.506997343,EX01,MAG113
MAG113_MAG113_MAG113_5_246,1.184474603,EX01,MAG113
MAG113_MAG113_MAG113_5_247,3.023374064,EX01,MAG113
MAG113_MAG113_MAG113_5_248,0.392640625,EX01,MAG113
MAG113_MAG113_MAG113_5_249,0.355772759,EX01,MAG113
MAG113_MAG113_MAG113_5_25,0.0,EX01,MAG113
MAG113_MAG113_MAG113_5_250,3.017903242,EX01,MAG113
MAG113_MAG113_MAG113_5_251,0.285394718,EX01,MAG113
MAG113_MAG113_MAG113_5_252,0.010746399,EX01,MAG113
MAG113_MAG113_MAG113_5_253,3.113463901,EX01,MAG113
MAG113_MAG113_MAG113_5_254,1.357253762,EX01,MAG113
MAG113_MAG113_MAG113_5_255,0.07945217,EX01,MAG113
MAG113_MAG113_MAG113_5_256,0.0,EX01,MAG113
MAG113_MAG113_MAG113_5_257,1.288020035,EX01,MAG113
MAG113_MAG113_MAG113_5_258,0.38985994,EX01,MAG113
MAG113_MAG113_MAG113_5_259,1.212567204,EX01,MAG113
MAG113_MAG113_MAG113_5_26,0.0,EX01,MAG113
MAG113_MAG113_MAG113_5_260,0.897776465,EX01,MAG113
MAG113_MAG113_MAG113_5_261,0.0,EX01,MAG113
MAG113_MAG113_MAG113_5_262,0.0,EX01,MAG113
MAG113_MAG113_MAG113_5_263,0.0,EX01,MAG113
MAG113_MAG113_MAG113_5_264,0.0,EX01,MAG113
MAG113_MAG113_MAG113_5_265,15.08951108,EX01,MAG113
MAG113_MAG113_MAG113_5_266,8.010264946,EX01,MAG113
MAG113_MAG113_MAG113_5_267,0.0,EX01,MAG113
MAG113_MAG113_MAG113_5_268,0.879362049,EX01,MAG113
MAG113_MAG113_MAG113_5_269,0.839084279,EX01,MAG113
MAG113_MAG113_MAG113_5_27,0.12813934,EX01,MAG113
MAG113_MAG113_MAG113_5_270,0.0,EX01,MAG113
MAG113_MAG113_MAG113_5_271,0.0,EX01,MAG113
MAG113_MAG113_MAG113_5_272,8.050493704,EX01,MAG113
MAG113_MAG113_MAG113_5_273,3.588109519,EX01,MAG113
MAG113_MAG113_MAG113_5_274,6.582706316,EX01,MAG113
MAG113_MAG113_MAG113_5_275,0.016312517,EX01,MAG113
MAG113_MAG113_MAG113_5_276,3.624347479,EX01,MAG113
MAG113_MAG113_MAG113_5_277,14.83017884,EX01,MAG113
MAG113_MAG113_MAG113_5_278,3.188404727,EX01,MAG113
MAG113_MAG113_MAG113_5_279,4.90529614,EX01,MAG113
MAG113_MAG113_MAG113_5_28,0.0,EX01,MAG113
MAG113_MAG113_MAG113_5_280,1.141738047,EX01,MAG113
MAG113_MAG113_MAG113_5_281,0.0,EX01,MAG113
MAG113_MAG113_MAG113_5_282,4.918082794,EX01,MAG113
MAG113_MAG113_MAG113_5_283,0.0,EX01,MAG113
MAG113_MAG113_MAG113_5_284,0.85944052,EX01,MAG113
MAG113_MAG113_MAG113_5_285,0.0,EX01,MAG113
MAG113_MAG113_MAG113_5_286,0.940477829,EX01,MAG113
MAG113_MAG113_MAG113_5_287,0.298552201,EX01,MAG113
MAG113_MAG113_MAG113_5_288,5.855933818,EX01,MAG113
MAG113_MAG113_MAG113_5_289,2.05557578,EX01,MAG113
MAG113_MAG113_MAG113_5_29,0.0,EX01,MAG113
MAG113_MAG113_MAG113_5_290,1.813933193,EX01,MAG113
MAG113_MAG113_MAG113_5_291,2.454395511,EX01,MAG113
MAG113_MAG113_MAG113_5_292,0.245443187,EX01,MAG113
MAG113_MAG113_MAG113_5_293,0.379340288,EX01,MAG113
MAG113_MAG113_MAG113_5_294,0.247841556,EX01,MAG113
MAG113_MAG113_MAG113_5_295,0.906782934,EX01,MAG113
MAG113_MAG113_MAG113_5_296,0.155346164,EX01,MAG113
MAG113_MAG113_MAG113_5_297,0.0,EX01,MAG113
MAG113_MAG113_MAG113_5_298,2.152995075,EX01,MAG113
MAG113_MAG113_MAG113_5_299,0.253825157,EX01,MAG113
MAG113_MAG113_MAG113_5_3,0.0,EX01,MAG113
MAG113_MAG113_MAG113_5_30,6.076217075,EX01,MAG113
MAG113_MAG113_MAG113_5_300,0.014528169,EX01,MAG113
MAG113_MAG113_MAG113_5_301,0.0,EX01,MAG113
MAG113_MAG113_MAG113_5_302,0.0,EX01,MAG113
MAG113_MAG113_MAG113_5_303,2.012578264,EX01,MAG113
MAG113_MAG113_MAG113_5_304,0.0,EX01,MAG113
MAG113_MAG113_MAG113_5_305,7.047036382,EX01,MAG113
MAG113_MAG113_MAG113_5_306,3.90463829,EX01,MAG113
MAG113_MAG113_MAG113_5_307,0.0,EX01,MAG113
MAG113_MAG113_MAG113_5_308,0.0,EX01,MAG113
MAG113_MAG113_MAG113_5_309,5.938032168,EX01,MAG113
MAG113_MAG113_MAG113_5_31,1.367340189,EX01,MAG113
MAG113_MAG113_MAG113_5_310,0.070775233,EX01,MAG113
MAG113_MAG113_MAG113_5_311,0.0,EX01,MAG113
MAG113_MAG113_MAG113_5_312,0.0,EX01,MAG113
MAG113_MAG113_MAG113_5_313,0.757014325,EX01,MAG113
MAG113_MAG113_MAG113_5_314,0.171636783,EX01,MAG113
MAG113_MAG113_MAG113_5_315,0.345055302,EX01,MAG113
MAG113_MAG113_MAG113_5_316,0.409999647,EX01,MAG113
MAG113_MAG113_MAG113_5_317,0.596286015,EX01,MAG113
MAG113_MAG113_MAG113_5_318,0.163424425,EX01,MAG113
MAG113_MAG113_MAG113_5_319,0.285915853,EX01,MAG113
MAG113_MAG113_MAG113_5_32,2.439879385,EX01,MAG113
MAG113_MAG113_MAG113_5_320,0.070361131,EX01,MAG113
MAG113_MAG113_MAG113_5_321,0.332533263,EX01,MAG113
MAG113_MAG113_MAG113_5_322,0.562508955,EX01,MAG113
MAG113_MAG113_MAG113_5_323,0.972310671,EX01,MAG113
MAG113_MAG113_MAG113_5_324,0.006084971,EX01,MAG113
MAG113_MAG113_MAG113_5_325,0.161529458,EX01,MAG113
MAG113_MAG113_MAG113_5_326,3.011088461,EX01,MAG113
MAG113_MAG113_MAG113_5_327,0.696104658,EX01,MAG113
MAG113_MAG113_MAG113_5_328,0.31297826,EX01,MAG113
MAG113_MAG113_MAG113_5_329,0.803634611,EX01,MAG113
MAG113_MAG113_MAG113_5_33,0.0,EX01,MAG113
MAG113_MAG113_MAG113_5_330,0.064201788,EX01,MAG113
MAG113_MAG113_MAG113_5_331,3.001505392,EX01,MAG113
MAG113_MAG113_MAG113_5_332,3.573110675,EX01,MAG113
MAG113_MAG113_MAG113_5_333,0.026978806,EX01,MAG113
MAG113_MAG113_MAG113_5_334,0.046897769,EX01,MAG113
MAG113_MAG113_MAG113_5_335,5.046260092,EX01,MAG113
MAG113_MAG113_MAG113_5_336,0.294483663,EX01,MAG113
MAG113_MAG113_MAG113_5_337,0.574269862,EX01,MAG113
MAG113_MAG113_MAG113_5_338,0.363685924,EX01,MAG113
MAG113_MAG113_MAG113_5_339,0.460776188,EX01,MAG113
MAG113_MAG113_MAG113_5_34,0.0,EX01,MAG113
MAG113_MAG113_MAG113_5_340,0.151603908,EX01,MAG113
MAG113_MAG113_MAG113_5_341,0.0,EX01,MAG113
MAG113_MAG113_MAG113_5_342,0.0,EX01,MAG113
MAG113_MAG113_MAG113_5_343,0.150038596,EX01,MAG113
MAG113_MAG113_MAG113_5_344,0.356346523,EX01,MAG113
MAG113_MAG113_MAG113_5_345,0.0,EX01,MAG113
MAG113_MAG113_MAG113_5_346,0.01943479,EX01,MAG113
MAG113_MAG113_MAG113_5_347,0.553297605,EX01,MAG113
MAG113_MAG113_MAG113_5_348,0.0,EX01,MAG113
MAG113_MAG113_MAG113_5_349,3.431425763,EX01,MAG113
MAG113_MAG113_MAG113_5_35,2.481366916,EX01,MAG113
MAG113_MAG113_MAG113_5_350,0.0,EX01,MAG113
MAG113_MAG113_MAG113_5_351,0.0,EX01,MAG113
MAG113_MAG113_MAG113_5_352,0.0,EX01,MAG113
MAG113_MAG113_MAG113_5_353,0.0,EX01,MAG113
MAG113_MAG113_MAG113_5_354,0.0,EX01,MAG113
MAG113_MAG113_MAG113_5_355,0.0,EX01,MAG113
MAG113_MAG113_MAG113_5_356,1.379669202,EX01,MAG113
MAG113_MAG113_MAG113_5_357,1.306658576,EX01,MAG113
MAG113_MAG113_MAG113_5_358,0.072543287,EX01,MAG113
MAG113_MAG113_MAG113_5_359,0.0,EX01,MAG113
MAG113_MAG113_MAG113_5_36,0.610634641,EX01,MAG113
MAG113_MAG113_MAG113_5_360,0.676676662,EX01,MAG113
MAG113_MAG113_MAG113_5_361,0.536460599,EX01,MAG113
MAG113_MAG113_MAG113_5_362,1.065289627,EX01,MAG113
MAG113_MAG113_MAG113_5_363,4.599270706,EX01,MAG113
MAG113_MAG113_MAG113_5_364,2.182465925,EX01,MAG113
MAG113_MAG113_MAG113_5_365,1.400651196,EX01,MAG113
MAG113_MAG113_MAG113_5_366,0.042493721,EX01,MAG113
MAG113_MAG113_MAG113_5_367,0.039646117,EX01,MAG113
MAG113_MAG113_MAG113_5_368,0.991687836,EX01,MAG113
MAG113_MAG113_MAG113_5_369,0.701943999,EX01,MAG113
MAG113_MAG113_MAG113_5_37,0.0,EX01,MAG113
MAG113_MAG113_MAG113_5_370,0.0,EX01,MAG113
MAG113_MAG113_MAG113_5_371,0.0,EX01,MAG113
MAG113_MAG113_MAG113_5_372,0.0,EX01,MAG113
MAG113_MAG113_MAG113_5_373,0.0,EX01,MAG113
MAG113_MAG113_MAG113_5_374,0.545448052,EX01,MAG113
MAG113_MAG113_MAG113_5_375,0.00661645,EX01,MAG113
MAG113_MAG113_MAG113_5_376,1.181750257,EX01,MAG113
MAG113_MAG113_MAG113_5_377,0.153840791,EX01,MAG113
MAG113_MAG113_MAG113_5_378,3.095005135,EX01,MAG113
MAG113_MAG113_MAG113_5_379,1.44942203,EX01,MAG113
MAG113_MAG113_MAG113_5_38,1.038496612,EX01,MAG113
MAG113_MAG113_MAG113_5_380,1.045998906,EX01,MAG113
MAG113_MAG113_MAG113_5_381,8.016304655,EX01,MAG113
MAG113_MAG113_MAG113_5_382,0.366551383,EX01,MAG113
MAG113_MAG113_MAG113_5_383,0.0,EX01,MAG113
MAG113_MAG113_MAG113_5_384,0.413856115,EX01,MAG113
MAG113_MAG113_MAG113_5_385,0.0,EX01,MAG113
MAG113_MAG113_MAG113_5_386,0.008265362,EX01,MAG113
MAG113_MAG113_MAG113_5_387,0.0,EX01,MAG113
MAG113_MAG113_MAG113_5_388,0.123739737,EX01,MAG113
MAG113_MAG113_MAG113_5_389,21.99390278,EX01,MAG113
MAG113_MAG113_MAG113_5_39,0.261260539,EX01,MAG113
MAG113_MAG113_MAG113_5_390,1.073467569,EX01,MAG113
MAG113_MAG113_MAG113_5_391,0.0,EX01,MAG113
MAG113_MAG113_MAG113_5_392,0.154153653,EX01,MAG113
MAG113_MAG113_MAG113_5_393,0.758246221,EX01,MAG113
MAG113_MAG113_MAG113_5_394,0.0,EX01,MAG113
MAG113_MAG113_MAG113_5_395,0.890665814,EX01,MAG113
MAG113_MAG113_MAG113_5_396,0.0,EX01,MAG113
MAG113_MAG113_MAG113_5_397,0.349339032,EX01,MAG113
MAG113_MAG113_MAG113_5_398,3.417110954,EX01,MAG113
MAG113_MAG113_MAG113_5_399,0.170090879,EX01,MAG113
MAG113_MAG113_MAG113_5_4,0.594103042,EX01,MAG113
MAG113_MAG113_MAG113_5_40,12.74717591,EX01,MAG113
MAG113_MAG113_MAG113_5_400,0.0,EX01,MAG113
MAG113_MAG113_MAG113_5_401,0.0,EX01,MAG113
MAG113_MAG113_MAG113_5_402,1.909866524,EX01,MAG113
MAG113_MAG113_MAG113_5_403,2.168090993,EX01,MAG113
MAG113_MAG113_MAG113_5_404,0.0,EX01,MAG113
MAG113_MAG113_MAG113_5_405,0.013705586,EX01,MAG113
MAG113_MAG113_MAG113_5_406,0.445865087,EX01,MAG113
MAG113_MAG113_MAG113_5_407,0.0,EX01,MAG113
MAG113_MAG113_MAG113_5_408,0.0,EX01,MAG113
MAG113_MAG113_MAG113_5_409,0.0,EX01,MAG113
MAG113_MAG113_MAG113_5_41,4.121894676,EX01,MAG113
MAG113_MAG113_MAG113_5_410,0.0,EX01,MAG113
MAG113_MAG113_MAG113_5_411,0.0,EX01,MAG113
MAG113_MAG113_MAG113_5_412,0.0,EX01,MAG113
MAG113_MAG113_MAG113_5_413,0.0,EX01,MAG113
MAG113_MAG113_MAG113_5_414,0.0,EX01,MAG113
MAG113_MAG113_MAG113_5_415,0.019036281,EX01,MAG113
MAG113_MAG113_MAG113_5_416,0.0,EX01,MAG113
MAG113_MAG113_MAG113_5_417,0.0,EX01,MAG113
MAG113_MAG113_MAG113_5_418,0.288873495,EX01,MAG113
MAG113_MAG113_MAG113_5_419,0.0,EX01,MAG113
MAG113_MAG113_MAG113_5_42,0.99902676,EX01,MAG113
MAG113_MAG113_MAG113_5_420,0.0,EX01,MAG113
MAG113_MAG113_MAG113_5_421,0.0,EX01,MAG113
MAG113_MAG113_MAG113_5_422,0.0,EX01,MAG113
MAG113_MAG113_MAG113_5_423,0.932547309,EX01,MAG113
MAG113_MAG113_MAG113_5_424,0.0,EX01,MAG113
MAG113_MAG113_MAG113_5_425,0.0,EX01,MAG113
MAG113_MAG113_MAG113_5_426,0.0,EX01,MAG113
MAG113_MAG113_MAG113_5_427,0.0,EX01,MAG113
MAG113_MAG113_MAG113_5_428,0.0,EX01,MAG113
MAG113_MAG113_MAG113_5_429,0.0,EX01,MAG113
MAG113_MAG113_MAG113_5_43,0.876746618,EX01,MAG113
MAG113_MAG113_MAG113_5_430,8.013016548,EX01,MAG113
MAG113_MAG113_MAG113_5_431,0.0,EX01,MAG113
MAG113_MAG113_MAG113_5_432,0.0,EX01,MAG113
MAG113_MAG113_MAG113_5_433,1.010454679,EX01,MAG113
MAG113_MAG113_MAG113_5_434,0.0,EX01,MAG113
MAG113_MAG113_MAG113_5_435,1.055090378,EX01,MAG113
MAG113_MAG113_MAG113_5_436,0.0,EX01,MAG113
MAG113_MAG113_MAG113_5_437,0.843319993,EX01,MAG113
MAG113_MAG113_MAG113_5_438,0.0,EX01,MAG113
MAG113_MAG113_MAG113_5_439,0.0,EX01,MAG113
MAG113_MAG113_MAG113_5_44,3.311875667,EX01,MAG113
MAG113_MAG113_MAG113_5_45,0.195023936,EX01,MAG113
MAG113_MAG113_MAG113_5_46,5.77029692,EX01,MAG113
MAG113_MAG113_MAG113_5_47,2.036659984,EX01,MAG113
MAG113_MAG113_MAG113_5_48,0.0,EX01,MAG113
MAG113_MAG113_MAG113_5_49,0.017742364,EX01,MAG113
MAG113_MAG113_MAG113_5_5,0.532736851,EX01,MAG113
MAG113_MAG113_MAG113_5_50,0.249720387,EX01,MAG113
MAG113_MAG113_MAG113_5_51,0.04334781,EX01,MAG113
MAG113_MAG113_MAG113_5_52,0.538925143,EX01,MAG113
MAG113_MAG113_MAG113_5_53,1.076046477,EX01,MAG113
MAG113_MAG113_MAG113_5_54,1.214384079,EX01,MAG113
MAG113_MAG113_MAG113_5_55,0.0,EX01,MAG113
MAG113_MAG113_MAG113_5_56,0.0,EX01,MAG113
MAG113_MAG113_MAG113_5_57,19.55529107,EX01,MAG113
MAG113_MAG113_MAG113_5_58,0.913955016,EX01,MAG113
MAG113_MAG113_MAG113_5_59,0.0,EX01,MAG113
MAG113_MAG113_MAG113_5_6,0.675829643,EX01,MAG113
MAG113_MAG113_MAG113_5_60,0.003128012,EX01,MAG113
MAG113_MAG113_MAG113_5_61,0.055493419,EX01,MAG113
MAG113_MAG113_MAG113_5_62,0.0,EX01,MAG113
MAG113_MAG113_MAG113_5_63,0.0,EX01,MAG113
MAG113_MAG113_MAG113_5_64,0.0,EX01,MAG113
MAG113_MAG113_MAG113_5_65,0.862059293,EX01,MAG113
MAG113_MAG113_MAG113_5_66,0.619689691,EX01,MAG113
MAG113_MAG113_MAG113_5_67,0.344615855,EX01,MAG113
MAG113_MAG113_MAG113_5_68,0.0,EX01,MAG113
MAG113_MAG113_MAG113_5_69,0.013933152,EX01,MAG113
MAG113_MAG113_MAG113_5_7,2.984997236,EX01,MAG113
MAG113_MAG113_MAG113_5_70,0.017269803,EX01,MAG113
MAG113_MAG113_MAG113_5_71,0.20430942,EX01,MAG113
MAG113_MAG113_MAG113_5_72,1.504435586,EX01,MAG113
MAG113_MAG113_MAG113_5_73,0.006819106,EX01,MAG113
MAG113_MAG113_MAG113_5_74,0.0,EX01,MAG113
MAG113_MAG113_MAG113_5_75,0.010247082,EX01,MAG113
MAG113_MAG113_MAG113_5_76,0.354161542,EX01,MAG113
MAG113_MAG113_MAG113_5_77,1.879649858,EX01,MAG113
MAG113_MAG113_MAG113_5_78,0.144015953,EX01,MAG113
MAG113_MAG113_MAG113_5_79,0.191106905,EX01,MAG113
MAG113_MAG113_MAG113_5_8,0.4595577,EX01,MAG113
MAG113_MAG113_MAG113_5_80,0.672213101,EX01,MAG113
MAG113_MAG113_MAG113_5_81,0.0,EX01,MAG113
MAG113_MAG113_MAG113_5_82,0.122591944,EX01,MAG113
MAG113_MAG113_MAG113_5_83,0.729314317,EX01,MAG113
MAG113_MAG113_MAG113_5_84,0.521274878,EX01,MAG113
MAG113_MAG113_MAG113_5_85,0.700162032,EX01,MAG113
MAG113_MAG113_MAG113_5_86,0.0,EX01,MAG113
MAG113_MAG113_MAG113_5_87,2.268561959,EX01,MAG113
MAG113_MAG113_MAG113_5_88,1.297443662,EX01,MAG113
MAG113_MAG113_MAG113_5_89,0.427047261,EX01,MAG113
MAG113_MAG113_MAG113_5_9,0.347752619,EX01,MAG113
MAG113_MAG113_MAG113_5_90,3.482212961,EX01,MAG113
MAG113_MAG113_MAG113_5_91,0.564774875,EX01,MAG113
MAG113_MAG113_MAG113_5_92,2.848522259,EX01,MAG113
MAG113_MAG113_MAG113_5_93,1.439534048,EX01,MAG113
MAG113_MAG113_MAG113_5_94,1.089964337,EX01,MAG113
MAG113_MAG113_MAG113_5_95,2.37570946,EX01,MAG113
MAG113_MAG113_MAG113_5_96,0.142697363,EX01,MAG113
MAG113_MAG113_MAG113_5_97,0.858316017,EX01,MAG113
MAG113_MAG113_MAG113_5_98,0.0,EX01,MAG113
MAG113_MAG113_MAG113_5_99,0.0,EX01,MAG113
MAG113_MAG113_MAG113_6_1,5.049925323,EX01,MAG113
MAG113_MAG113_MAG113_6_2,0.0,EX01,MAG113
MAG113_MAG113_MAG113_7_1,0.0,EX01,MAG113
MAG113_MAG113_MAG113_8_1,0.0,EX01,MAG113
MAG113_MAG113_MAG113_8_2,1.49832235,EX01,MAG113
MAG113_MAG113_MAG113_8_3,0.0,EX01,MAG113
MAG113_MAG113_MAG113_8_4,0.0,EX01,MAG113
MAG113_MAG113_MAG113_8_5,0.0,EX01,MAG113
MAG113_MAG113_MAG113_9_1,0.0,EX01,MAG113
MAG113_MAG113_MAG113_9_10,2.639278043,EX01,MAG113
MAG113_MAG113_MAG113_9_100,0.100221654,EX01,MAG113
MAG113_MAG113_MAG113_9_101,0.035430785,EX01,MAG113
MAG113_MAG113_MAG113_9_102,0.211759385,EX01,MAG113
MAG113_MAG113_MAG113_9_103,1.302929713,EX01,MAG113
MAG113_MAG113_MAG113_9_104,2.868615778,EX01,MAG113
MAG113_MAG113_MAG113_9_105,0.0,EX01,MAG113
MAG113_MAG113_MAG113_9_106,0.675696559,EX01,MAG113
MAG113_MAG113_MAG113_9_107,0.178712477,EX01,MAG113
MAG113_MAG113_MAG113_9_108,0.0,EX01,MAG113
MAG113_MAG113_MAG113_9_109,1.33184202,EX01,MAG113
MAG113_MAG113_MAG113_9_11,4.099877402,EX01,MAG113
MAG113_MAG113_MAG113_9_110,4.004297363,EX01,MAG113
MAG113_MAG113_MAG113_9_111,3.99552625,EX01,MAG113
MAG113_MAG113_MAG113_9_112,1.378176473,EX01,MAG113
MAG113_MAG113_MAG113_9_113,1.0056592,EX01,MAG113
MAG113_MAG113_MAG113_9_114,1.103031788,EX01,MAG113
MAG113_MAG113_MAG113_9_115,0.239402274,EX01,MAG113
MAG113_MAG113_MAG113_9_116,0.4044134,EX01,MAG113
MAG113_MAG113_MAG113_9_117,0.311805053,EX01,MAG113
MAG113_MAG113_MAG113_9_118,3.015069994,EX01,MAG113
MAG113_MAG113_MAG113_9_119,0.0,EX01,MAG113
MAG113_MAG113_MAG113_9_12,2.340346586,EX01,MAG113
MAG113_MAG113_MAG113_9_120,1.46285098,EX01,MAG113
MAG113_MAG113_MAG113_9_121,0.7449962,EX01,MAG113
MAG113_MAG113_MAG113_9_122,1.167528337,EX01,MAG113
MAG113_MAG113_MAG113_9_123,0.0,EX01,MAG113
MAG113_MAG113_MAG113_9_124,1.360569106,EX01,MAG113
MAG113_MAG113_MAG113_9_125,2.231465209,EX01,MAG113
MAG113_MAG113_MAG113_9_126,1.050120496,EX01,MAG113
MAG113_MAG113_MAG113_9_127,0.0,EX01,MAG113
MAG113_MAG113_MAG113_9_128,0.745523678,EX01,MAG113
MAG113_MAG113_MAG113_9_129,0.0,EX01,MAG113
MAG113_MAG113_MAG113_9_13,3.11861299,EX01,MAG113
MAG113_MAG113_MAG113_9_130,0.0,EX01,MAG113
MAG113_MAG113_MAG113_9_131,0.734936912,EX01,MAG113
MAG113_MAG113_MAG113_9_132,0.324801017,EX01,MAG113
MAG113_MAG113_MAG113_9_133,2.461422569,EX01,MAG113
MAG113_MAG113_MAG113_9_134,3.145017534,EX01,MAG113
MAG113_MAG113_MAG113_9_135,0.202788986,EX01,MAG113
MAG113_MAG113_MAG113_9_136,0.751642293,EX01,MAG113
MAG113_MAG113_MAG113_9_137,0.847507345,EX01,MAG113
MAG113_MAG113_MAG113_9_138,0.760508092,EX01,MAG113
MAG113_MAG113_MAG113_9_139,0.241487524,EX01,MAG113
MAG113_MAG113_MAG113_9_14,6.591253342,EX01,MAG113
MAG113_MAG113_MAG113_9_140,76.03269204,EX01,MAG113
MAG113_MAG113_MAG113_9_141,1.866110524,EX01,MAG113
MAG113_MAG113_MAG113_9_142,0.427886721,EX01,MAG113
MAG113_MAG113_MAG113_9_143,0.434524183,EX01,MAG113
MAG113_MAG113_MAG113_9_144,0.207208058,EX01,MAG113
MAG113_MAG113_MAG113_9_145,1.020024726,EX01,MAG113
MAG113_MAG113_MAG113_9_146,1.708452514,EX01,MAG113
MAG113_MAG113_MAG113_9_147,2.011866416,EX01,MAG113
MAG113_MAG113_MAG113_9_148,1.775580274,EX01,MAG113
MAG113_MAG113_MAG113_9_149,0.66393996,EX01,MAG113
MAG113_MAG113_MAG113_9_15,6.046992087,EX01,MAG113
MAG113_MAG113_MAG113_9_150,3.685309392,EX01,MAG113
MAG113_MAG113_MAG113_9_151,0.0,EX01,MAG113
MAG113_MAG113_MAG113_9_152,0.532587787,EX01,MAG113
MAG113_MAG113_MAG113_9_153,1.102309279,EX01,MAG113
MAG113_MAG113_MAG113_9_154,0.0,EX01,MAG113
MAG113_MAG113_MAG113_9_155,0.673759845,EX01,MAG113
MAG113_MAG113_MAG113_9_156,0.017833828,EX01,MAG113
MAG113_MAG113_MAG113_9_157,0.16190691,EX01,MAG113
MAG113_MAG113_MAG113_9_158,0.0,EX01,MAG113
MAG113_MAG113_MAG113_9_159,0.0,EX01,MAG113
MAG113_MAG113_MAG113_9_16,1.375801358,EX01,MAG113
MAG113_MAG113_MAG113_9_160,1.439241913,EX01,MAG113
MAG113_MAG113_MAG113_9_161,1.973400458,EX01,MAG113
MAG113_MAG113_MAG113_9_162,4.208718653,EX01,MAG113
MAG113_MAG113_MAG113_9_163,1.126213124,EX01,MAG113
MAG113_MAG113_MAG113_9_164,0.0,EX01,MAG113
MAG113_MAG113_MAG113_9_165,1.6935126,EX01,MAG113
MAG113_MAG113_MAG113_9_166,0.269827122,EX01,MAG113
MAG113_MAG113_MAG113_9_167,0.999767782,EX01,MAG113
MAG113_MAG113_MAG113_9_168,0.65359962,EX01,MAG113
MAG113_MAG113_MAG113_9_169,4.660949311,EX01,MAG113
MAG113_MAG113_MAG113_9_17,2.271728657,EX01,MAG113
MAG113_MAG113_MAG113_9_170,1.150330419,EX01,MAG113
MAG113_MAG113_MAG113_9_171,0.696681266,EX01,MAG113
MAG113_MAG113_MAG113_9_172,0.08342478,EX01,MAG113
MAG113_MAG113_MAG113_9_173,2.037605505,EX01,MAG113
MAG113_MAG113_MAG113_9_174,2.073975118,EX01,MAG113
MAG113_MAG113_MAG113_9_175,2.329696814,EX01,MAG113
MAG113_MAG113_MAG113_9_176,1.025398957,EX01,MAG113
MAG113_MAG113_MAG113_9_177,1.077830231,EX01,MAG113
MAG113_MAG113_MAG113_9_178,7.061932597,EX01,MAG113
MAG113_MAG113_MAG113_9_179,0.704511193,EX01,MAG113
MAG113_MAG113_MAG113_9_18,0.559137915,EX01,MAG113
MAG113_MAG113_MAG113_9_180,1.132070784,EX01,MAG113
MAG113_MAG113_MAG113_9_181,0.364246564,EX01,MAG113
MAG113_MAG113_MAG113_9_182,2.302205637,EX01,MAG113
MAG113_MAG113_MAG113_9_183,1.809821155,EX01,MAG113
MAG113_MAG113_MAG113_9_184,0.592276261,EX01,MAG113
MAG113_MAG113_MAG113_9_185,3.437059609,EX01,MAG113
MAG113_MAG113_MAG113_9_186,3.526750484,EX01,MAG113
MAG113_MAG113_MAG113_9_187,0.0,EX01,MAG113
MAG113_MAG113_MAG113_9_188,0.0,EX01,MAG113
MAG113_MAG113_MAG113_9_189,2.646674633,EX01,MAG113
MAG113_MAG113_MAG113_9_19,0.077793284,EX01,MAG113
MAG113_MAG113_MAG113_9_190,2.442286351,EX01,MAG113
MAG113_MAG113_MAG113_9_191,0.177366074,EX01,MAG113
MAG113_MAG113_MAG113_9_192,15.52744196,EX01,MAG113
MAG113_MAG113_MAG113_9_193,0.352826094,EX01,MAG113
MAG113_MAG113_MAG113_9_194,0.408762193,EX01,MAG113
MAG113_MAG113_MAG113_9_195,0.916942097,EX01,MAG113
MAG113_MAG113_MAG113_9_196,0.615950337,EX01,MAG113
MAG113_MAG113_MAG113_9_197,0.490734,EX01,MAG113
MAG113_MAG113_MAG113_9_198,0.305833303,EX01,MAG113
MAG113_MAG113_MAG113_9_199,0.590408735,EX01,MAG113
MAG113_MAG113_MAG113_9_2,5.800153841,EX01,MAG113
MAG113_MAG113_MAG113_9_20,4.611839199,EX01,MAG113
MAG113_MAG113_MAG113_9_200,0.605903359,EX01,MAG113
MAG113_MAG113_MAG113_9_201,0.127566966,EX01,MAG113
MAG113_MAG113_MAG113_9_202,0.0,EX01,MAG113
MAG113_MAG113_MAG113_9_203,2.268667663,EX01,MAG113
MAG113_MAG113_MAG113_9_204,1.552986967,EX01,MAG113
MAG113_MAG113_MAG113_9_205,0.0,EX01,MAG113
MAG113_MAG113_MAG113_9_206,1.123090689,EX01,MAG113
MAG113_MAG113_MAG113_9_207,0.843114956,EX01,MAG113
MAG113_MAG113_MAG113_9_208,0.0,EX01,MAG113
MAG113_MAG113_MAG113_9_209,0.0,EX01,MAG113
MAG113_MAG113_MAG113_9_21,1.841510958,EX01,MAG113
MAG113_MAG113_MAG113_9_210,1.439689666,EX01,MAG113
MAG113_MAG113_MAG113_9_211,3.030664261,EX01,MAG113
MAG113_MAG113_MAG113_9_212,0.403073446,EX01,MAG113
MAG113_MAG113_MAG113_9_213,1.051482937,EX01,MAG113
MAG113_MAG113_MAG113_9_214,2.344681152,EX01,MAG113
MAG113_MAG113_MAG113_9_215,0.0,EX01,MAG113
MAG113_MAG113_MAG113_9_216,0.0,EX01,MAG113
MAG113_MAG113_MAG113_9_217,2.118700853,EX01,MAG113
MAG113_MAG113_MAG113_9_218,2.204460905,EX01,MAG113
MAG113_MAG113_MAG113_9_219,3.065638967,EX01,MAG113
MAG113_MAG113_MAG113_9_22,0.691722049,EX01,MAG113
MAG113_MAG113_MAG113_9_220,1.445780598,EX01,MAG113
MAG113_MAG113_MAG113_9_221,4.55613998,EX01,MAG113
MAG113_MAG113_MAG113_9_222,4.907083089,EX01,MAG113
MAG113_MAG113_MAG113_9_223,3.021455987,EX01,MAG113
MAG113_MAG113_MAG113_9_224,0.81039977,EX01,MAG113
MAG113_MAG113_MAG113_9_225,0.0,EX01,MAG113
MAG113_MAG113_MAG113_9_226,0.873795759,EX01,MAG113
MAG113_MAG113_MAG113_9_227,0.0,EX01,MAG113
MAG113_MAG113_MAG113_9_228,1.925878155,EX01,MAG113
MAG113_MAG113_MAG113_9_229,0.70672939,EX01,MAG113
MAG113_MAG113_MAG113_9_23,0.71764369,EX01,MAG113
MAG113_MAG113_MAG113_9_230,1.214905133,EX01,MAG113
MAG113_MAG113_MAG113_9_231,0.171076421,EX01,MAG113
MAG113_MAG113_MAG113_9_232,1.16942938,EX01,MAG113
MAG113_MAG113_MAG113_9_233,0.389983973,EX01,MAG113
MAG113_MAG113_MAG113_9_234,0.0,EX01,MAG113
MAG113_MAG113_MAG113_9_235,0.581458321,EX01,MAG113
MAG113_MAG113_MAG113_9_236,0.749092243,EX01,MAG113
MAG113_MAG113_MAG113_9_237,0.0,EX01,MAG113
MAG113_MAG113_MAG113_9_238,0.0,EX01,MAG113
MAG113_MAG113_MAG113_9_239,0.0,EX01,MAG113
MAG113_MAG113_MAG113_9_24,1.911226147,EX01,MAG113
MAG113_MAG113_MAG113_9_240,0.0,EX01,MAG113
MAG113_MAG113_MAG113_9_241,0.27983055,EX01,MAG113
MAG113_MAG113_MAG113_9_242,0.270846037,EX01,MAG113
MAG113_MAG113_MAG113_9_243,0.544413755,EX01,MAG113
MAG113_MAG113_MAG113_9_244,2.7977178,EX01,MAG113
MAG113_MAG113_MAG113_9_245,0.329837442,EX01,MAG113
MAG113_MAG113_MAG113_9_246,0.272674189,EX01,MAG113
MAG113_MAG113_MAG113_9_247,0.021243139,EX01,MAG113
MAG113_MAG113_MAG113_9_248,1.414334152,EX01,MAG113
MAG113_MAG113_MAG113_9_249,3.702045362,EX01,MAG113
MAG113_MAG113_MAG113_9_25,1.503229913,EX01,MAG113
MAG113_MAG113_MAG113_9_250,0.018865715,EX01,MAG113
MAG113_MAG113_MAG113_9_251,0.0,EX01,MAG113
MAG113_MAG113_MAG113_9_252,0.0,EX01,MAG113
MAG113_MAG113_MAG113_9_253,0.0,EX01,MAG113
MAG113_MAG113_MAG113_9_254,0.0,EX01,MAG113
MAG113_MAG113_MAG113_9_255,0.925512578,EX01,MAG113
MAG113_MAG113_MAG113_9_256,0.0,EX01,MAG113
MAG113_MAG113_MAG113_9_257,1.381738509,EX01,MAG113
MAG113_MAG113_MAG113_9_258,1.839555808,EX01,MAG113
MAG113_MAG113_MAG113_9_259,0.12969948,EX01,MAG113
MAG113_MAG113_MAG113_9_26,1.372854433,EX01,MAG113
MAG113_MAG113_MAG113_9_260,16.68771147,EX01,MAG113
MAG113_MAG113_MAG113_9_261,1.111020797,EX01,MAG113
MAG113_MAG113_MAG113_9_262,6.072657237,EX01,MAG113
MAG113_MAG113_MAG113_9_263,2.628177542,EX01,MAG113
MAG113_MAG113_MAG113_9_27,0.217675082,EX01,MAG113
MAG113_MAG113_MAG113_9_28,3.346869652,EX01,MAG113
MAG113_MAG113_MAG113_9_29,3.512836826,EX01,MAG113
MAG113_MAG113_MAG113_9_3,2.854034046,EX01,MAG113
MAG113_MAG113_MAG113_9_30,1.388042755,EX01,MAG113
MAG113_MAG113_MAG113_9_31,2.054707293,EX01,MAG113
MAG113_MAG113_MAG113_9_32,0.885250027,EX01,MAG113
MAG113_MAG113_MAG113_9_33,2.173738183,EX01,MAG113
MAG113_MAG113_MAG113_9_34,1.258599533,EX01,MAG113
MAG113_MAG113_MAG113_9_35,0.0,EX01,MAG113
MAG113_MAG113_MAG113_9_36,3.210520199,EX01,MAG113
MAG113_MAG113_MAG113_9_37,0.178421109,EX01,MAG113
MAG113_MAG113_MAG113_9_38,0.0,EX01,MAG113
MAG113_MAG113_MAG113_9_39,0.602749403,EX01,MAG113
MAG113_MAG113_MAG113_9_4,3.453193377,EX01,MAG113
MAG113_MAG113_MAG113_9_40,3.011317969,EX01,MAG113
MAG113_MAG113_MAG113_9_41,1.070583723,EX01,MAG113
MAG113_MAG113_MAG113_9_42,0.036854536,EX01,MAG113
MAG113_MAG113_MAG113_9_43,0.0,EX01,MAG113
MAG113_MAG113_MAG113_9_44,1.216924689,EX01,MAG113
MAG113_MAG113_MAG113_9_45,0.365637597,EX01,MAG113
MAG113_MAG113_MAG113_9_46,1.409680835,EX01,MAG113
MAG113_MAG113_MAG113_9_47,0.0,EX01,MAG113
MAG113_MAG113_MAG113_9_48,0.011458447,EX01,MAG113
MAG113_MAG113_MAG113_9_49,0.074107431,EX01,MAG113
MAG113_MAG113_MAG113_9_5,2.18473796,EX01,MAG113
MAG113_MAG113_MAG113_9_50,0.0,EX01,MAG113
MAG113_MAG113_MAG113_9_51,1.201272182,EX01,MAG113
MAG113_MAG113_MAG113_9_52,3.154450852,EX01,MAG113
MAG113_MAG113_MAG113_9_53,0.804595409,EX01,MAG113
MAG113_MAG113_MAG113_9_54,1.235534886,EX01,MAG113
MAG113_MAG113_MAG113_9_55,1.430475484,EX01,MAG113
MAG113_MAG113_MAG113_9_56,0.657383613,EX01,MAG113
MAG113_MAG113_MAG113_9_57,0.007806957,EX01,MAG113
MAG113_MAG113_MAG113_9_58,0.02596461,EX01,MAG113
MAG113_MAG113_MAG113_9_59,0.161537199,EX01,MAG113
MAG113_MAG113_MAG113_9_6,2.021954803,EX01,MAG113
MAG113_MAG113_MAG113_9_60,3.044048207,EX01,MAG113
MAG113_MAG113_MAG113_9_61,0.274233329,EX01,MAG113
MAG113_MAG113_MAG113_9_62,2.392884848,EX01,MAG113
MAG113_MAG113_MAG113_9_63,1.34358117,EX01,MAG113
MAG113_MAG113_MAG113_9_64,0.863445552,EX01,MAG113
MAG113_MAG113_MAG113_9_65,2.090667915,EX01,MAG113
MAG113_MAG113_MAG113_9_66,0.504368148,EX01,MAG113
MAG113_MAG113_MAG113_9_67,1.375431785,EX01,MAG113
MAG113_MAG113_MAG113_9_68,2.328297192,EX01,MAG113
MAG113_MAG113_MAG113_9_69,2.964960052,EX01,MAG113
MAG113_MAG113_MAG113_9_7,0.44768732,EX01,MAG113
MAG113_MAG113_MAG113_9_70,3.253330104,EX01,MAG113
MAG113_MAG113_MAG113_9_71,0.0,EX01,MAG113
MAG113_MAG113_MAG113_9_72,1.551756828,EX01,MAG113
MAG113_MAG113_MAG113_9_73,0.362128946,EX01,MAG113
MAG113_MAG113_MAG113_9_74,3.663619165,EX01,MAG113
MAG113_MAG113_MAG113_9_75,1.62799031,EX01,MAG113
MAG113_MAG113_MAG113_9_76,1.193254611,EX01,MAG113
MAG113_MAG113_MAG113_9_77,1.523546869,EX01,MAG113
MAG113_MAG113_MAG113_9_78,0.936135924,EX01,MAG113
MAG113_MAG113_MAG113_9_79,0.556249307,EX01,MAG113
MAG113_MAG113_MAG113_9_8,2.394144214,EX01,MAG113
MAG113_MAG113_MAG113_9_80,8.014465111,EX01,MAG113
MAG113_MAG113_MAG113_9_81,0.183124237,EX01,MAG113
MAG113_MAG113_MAG113_9_82,1.383377488,EX01,MAG113
MAG113_MAG113_MAG113_9_83,0.0,EX01,MAG113
MAG113_MAG113_MAG113_9_84,0.0,EX01,MAG113
MAG113_MAG113_MAG113_9_85,0.261520173,EX01,MAG113
MAG113_MAG113_MAG113_9_86,0.0,EX01,MAG113
MAG113_MAG113_MAG113_9_87,0.225210553,EX01,MAG113
MAG113_MAG113_MAG113_9_88,0.581556322,EX01,MAG113
MAG113_MAG113_MAG113_9_89,0.195060497,EX01,MAG113
MAG113_MAG113_MAG113_9_9,3.25357543,EX01,MAG113
MAG113_MAG113_MAG113_9_90,1.552886805,EX01,MAG113
MAG113_MAG113_MAG113_9_91,4.421268979,EX01,MAG113
MAG113_MAG113_MAG113_9_92,0.038383042,EX01,MAG113
MAG113_MAG113_MAG113_9_93,5.697024444,EX01,MAG113
MAG113_MAG113_MAG113_9_94,22.76221604,EX01,MAG113
MAG113_MAG113_MAG113_9_95,0.538918058,EX01,MAG113
MAG113_MAG113_MAG113_9_96,1.317418961,EX01,MAG113
MAG113_MAG113_MAG113_9_97,0.205787667,EX01,MAG113
MAG113_MAG113_MAG113_9_98,0.018888919,EX01,MAG113
MAG113_MAG113_MAG113_9_99,1.997763111,EX01,MAG113
